Job ID,Job URL,Job Title,Company Name,Status,Timestamp,WP ID
807901f888549666,https://br.linkedin.com/jobs/view/banco-de-talentos-at-zegla-4448026802,Banco de Talentos,Zegla,failed|wp_post_failed,2026-08-07T18:12:49.073901,
3b0bfaf16f90c776,https://br.linkedin.com/jobs/view/carrinheiro-tarde-at-supermercados-andreazza-4449310536,Carrinheiro Tarde,,scraped,2026-08-07T18:12:52.023040,
17d77e20964ea057,https://br.linkedin.com/jobs/view/trabalhe-conosco-caxias-do-sul-rs-at-brink%E2%80%99s-inc-4449094494,Trabalhe Conosco - Caxias Do Sul/RS,Brink’s Inc,failed|wp_post_failed,2026-08-07T18:13:15.982479,
bb31a7c342027e5c,https://br.linkedin.com/jobs/view/higienizador-a-at-tomasi-rh-4448248824,Higienizador(a),,scraped,2026-08-07T18:13:18.917970,
a7b783ef886fbab0,https://br.linkedin.com/jobs/view/banco-de-talentos-at-sas-plastic-4448546453,Banco de Talentos,SAS Plastic,failed|wp_post_failed,2026-08-07T18:13:42.311331,
5ee8d3af23ee4205,https://br.linkedin.com/jobs/view/pedreiro-at-jobbol-4447572907,Pedreiro,,scraped,2026-08-07T18:13:44.966671,
83a5cbb3e937604c,https://br.linkedin.com/jobs/view/banco-de-talentos-porto-alegre-rs-at-vitru-educa%C3%A7%C3%A3o-4448057908,Banco de Talentos - Porto Alegre/RS,Vitru Educação,failed|wp_post_failed,2026-08-07T18:14:11.337030,
c3a7001f3c7144e2,https://br.linkedin.com/jobs/view/manobrista-at-jobbol-4447728790,Manobrista,,scraped,2026-08-07T18:14:14.244016,
e9be95b2d5165a05,https://br.linkedin.com/jobs/view/retail-specialist-reggio-calabria-at-cosine-italy-4448044598,Retail Specialist | Reggio Calabria,,scraped,2026-08-07T18:14:22.955983,
6398921ffbf6d3a8,https://br.linkedin.com/jobs/view/banco-de-talentos-grupo-carburgo-at-carburgo-veiculos-4445547019,BANCO DE TALENTOS - GRUPO CARBURGO,Carburgo Veiculos,failed|wp_post_failed,2026-08-07T18:14:45.672786,
608824e2ead1ce94,https://br.linkedin.com/jobs/view/promotor-est%C3%A2ncia-velha-est%C3%A2ncia-velha-ofertas-de-emprego-at-severas-merchandising-4445853010,Promotor - Estância Velha - Estância Velha - Ofertas de Emprego,,scraped,2026-08-07T18:14:48.650789,
d482b2cbfb71940e,https://br.linkedin.com/jobs/view/lavador-de-veiculos-i-at-mercurio-4445828386,LAVADOR DE VEICULOS I,Mercurio,failed|wp_post_failed,2026-08-07T18:15:12.327128,
c334d46c32ac63e3,https://br.linkedin.com/jobs/view/manobrista-at-iguatemi-s-a-4448654997,MANOBRISTA,,scraped,2026-08-07T18:15:15.087925,
d16abdc52e2e8c58,https://br.linkedin.com/jobs/view/auxiliar-de-limpeza-at-mercurio-4445576185,Auxiliar de limpeza,Mercurio,failed|wp_post_failed,2026-08-07T18:15:38.703600,
1bb8da31d6341d32,https://br.linkedin.com/jobs/view/banco-de-talentos-afirmativo-para-mulheres-cachoeirinha-rs-at-the-heineken-company-4411443063,Banco de Talentos - Afirmativo Para Mulheres - Cachoeirinha/RS,The HEINEKEN Company,failed|wp_post_failed,2026-08-07T18:15:59.442511,
a8060b9d81d1c11a,https://br.linkedin.com/jobs/view/lavora-in-sede-at-conad-forsoni-4449663975,Lavora in sede,,scraped,2026-08-07T18:16:02.114909,
77ba7253efb206ea,https://br.linkedin.com/jobs/view/fiscal-de-loja-canoas-%E2%80%93-rs-vagas-profissionais-at-unisuper-4445829975,Fiscal de Loja Canoas – RS - Vagas Profissionais,UniSuper,failed|wp_post_failed,2026-08-07T18:16:35.282405,
6cb4ee92c6f243a1,https://br.linkedin.com/jobs/view/bibliotec%C3%A1ria-escolar-vagas-profissionais-at-jose-itamar-dos-santos-penteado-4448084697,Bibliotecária Escolar - Vagas Profissionais,Jose Itamar Dos Santos Penteado,failed|wp_post_failed,2026-08-07T18:16:53.216403,
9c0c8b801aefe431,https://br.linkedin.com/jobs/view/bibliotec%C3%A1ria-escolar-alvorada-ofertas-de-emprego-at-jose-itamar-dos-santos-penteado-4448094337,Bibliotecária Escolar - Alvorada - Ofertas de Emprego,Jose Itamar Dos Santos Penteado,failed|wp_post_failed,2026-08-07T18:17:18.918492,
ddcb1ab5617dfec5,https://br.linkedin.com/jobs/view/motorista-s%C3%A3o-paulozona-leste-at-pertencer-desenvolvimento-humano-e-organizacional-4445581236,MOTORISTA - São PauloZona Leste,,scraped,2026-08-07T18:17:21.668514,
907919ef910c70e9,https://br.linkedin.com/jobs/view/colorista-at-soft-film-ind%C3%BAstria-e-com%C3%A9rcio-de-pl%C3%A1sticos-ltda-4445581092,Colorista,,scraped,2026-08-07T18:17:31.362585,
bd92964784655747,https://br.linkedin.com/jobs/view/servi%C3%A7os-gerais-vagas-profissionais-at-sogipa-4445851007,Serviços Gerais - Vagas Profissionais,,scraped,2026-08-07T18:17:38.988446,
38f2b20cb0812b20,https://br.linkedin.com/jobs/view/empregada-dom%C3%A9stica-at-cursor-4445556982,Empregada Doméstica,,scraped,2026-08-07T18:17:47.450607,
1c8bbc43fa535862,https://br.linkedin.com/jobs/view/auxiliar-de-servi%C3%A7os-gerais-masculino-at-stv-seguran%C3%A7a-4445813636,Auxiliar de Serviços Gerais - Masculino,,scraped,2026-08-07T18:17:54.357426,
7fa325d82cf24578,https://br.linkedin.com/jobs/view/servi%C3%A7os-gerais-porto-alegre-ofertas-de-emprego-at-sogipa-4445832912,Serviços Gerais - Porto Alegre - Ofertas de Emprego,,scraped,2026-08-07T18:18:01.577714,
65abfc084ba324f9,https://br.linkedin.com/jobs/view/auxiliar-de-limpeza-at-wizard-by-pearson-4445573260,Auxiliar de limpeza,,scraped,2026-08-07T18:18:09.118703,
51f45df2e4313ecd,https://br.linkedin.com/jobs/view/manobrista-cnh-b-at-safe-park-4450036089,Manobrista CNH B,Safe Park,failed|wp_post_failed,2026-08-07T18:18:36.049740,
b04112a68ac0cd14,https://br.linkedin.com/jobs/view/ajudante-de-carga-e-descarga-at-garra-rh-4450035290,AJUDANTE DE CARGA E DESCARGA,Garra RH,failed|wp_post_failed,2026-08-07T18:18:53.487564,
ea111851a60ccc5b,https://br.linkedin.com/jobs/view/vigilante-at-tlsv-servi%C3%A7os-em-telecomunica%C3%A7%C3%B5es-4449693908,Vigilante,,scraped,2026-08-07T18:18:56.396512,
f51712143daf2be2,https://br.linkedin.com/jobs/view/abastecedor-de-prepara%C3%A7%C3%A3o-i-at-pettenati-s-a-ind%C3%BAstria-t%C3%AAxtil-4448206373,Abastecedor de Preparação I,Pettenati S.A. Indústria Têxtil,failed|wp_post_failed,2026-08-07T18:19:20.657576,
e74fa7f5d0468cc7,https://br.linkedin.com/jobs/view/retail-specialist-lecce-at-cosine-italy-4448823268,Retail Specialist | Lecce,,scraped,2026-08-07T18:19:23.250060,
2f52594e42793dc1,https://br.linkedin.com/jobs/view/retail-specialist-verbania-at-cosine-italy-4448056487,Retail Specialist | Verbania,,scraped,2026-08-07T18:19:29.805869,
a207bb3d7319a4f1,https://br.linkedin.com/jobs/view/retail-specialist-pesaro-urbino-at-cosine-italy-4448816377,Retail Specialist | Pesaro Urbino,,scraped,2026-08-07T18:19:36.519320,
1adf78f7efac176a,https://br.linkedin.com/jobs/view/costureira-at-jobbol-4446269677,Costureira,,scraped,2026-08-07T18:19:43.136838,
fa1369cd3fd70f1f,https://br.linkedin.com/jobs/view/retail-specialist-cagliari-at-cosine-italy-4448808925,Retail Specialist | Cagliari,,scraped,2026-08-07T18:19:51.921605,
ff01c68e88285f1e,https://br.linkedin.com/jobs/view/retail-specialist-avellino-at-cosine-italy-4448051506,Retail Specialist | Avellino,,scraped,2026-08-07T18:19:58.343275,
b406db8ba5f60376,https://br.linkedin.com/jobs/view/retail-specialist-udine-at-cosine-italy-4448051511,Retail Specialist | Udine,,scraped,2026-08-07T18:20:05.130893,
b6e07698a18009f9,https://br.linkedin.com/jobs/view/retail-specialist-bolzano-at-cosine-italy-4448809593,Retail Specialist | Bolzano,,scraped,2026-08-07T18:20:11.687485,
a6a193cf8dcb8b1a,https://br.linkedin.com/jobs/view/retail-specialist-trieste-at-cosine-italy-4448821289,Retail Specialist | Trieste,,scraped,2026-08-07T18:20:18.149179,
312b7764d1b5c888,https://br.linkedin.com/jobs/view/retail-specialist-bologna-at-cosine-italy-4448827166,Retail Specialist | Bologna,,scraped,2026-08-07T18:20:24.660946,
826b72d4f408ac3f,https://br.linkedin.com/jobs/view/retail-specialist-massa-carrara-at-cosine-italy-4448058180,Retail Specialist | Massa Carrara,,scraped,2026-08-07T18:20:31.062369,
ebb1b96231d77dc1,https://br.linkedin.com/jobs/view/retail-specialist-chieti-at-cosine-italy-4448828071,Retail Specialist | Chieti,,scraped,2026-08-07T18:20:37.569967,
0fda55c46555af34,https://br.linkedin.com/jobs/view/retail-specialist-teramo-at-cosine-italy-4448817375,Retail Specialist | Teramo,,scraped,2026-08-07T18:20:44.748397,
12f7956c91e303e1,https://br.linkedin.com/jobs/view/retail-specialist-imperia-at-cosine-italy-4448824231,Retail Specialist | Imperia,,scraped,2026-08-07T18:20:51.337427,
edcca2ff3a9e6473,https://br.linkedin.com/jobs/view/retail-specialist-rieti-at-cosine-italy-4448045576,Retail Specialist | Rieti,,scraped,2026-08-07T18:20:57.999335,
da708b5ecb35666c,https://br.linkedin.com/jobs/view/auxiliar-de-limpeza-ter%C3%A7a-a-s%C3%A1bado-caminhos-de-pedra-at-tomasi-rh-4448583516,Auxiliar de Limpeza (Terça a sábado - Caminhos de Pedra),,scraped,2026-08-07T18:21:04.655696,
099593335c43b9d1,https://br.linkedin.com/jobs/view/retail-specialist-piacenza-at-cosine-italy-4448816376,Retail Specialist | Piacenza,,scraped,2026-08-07T18:21:11.981943,
d9c66c14901b1c26,https://br.linkedin.com/jobs/view/retail-specialist-oristano-at-cosine-italy-4448820318,Retail Specialist | Oristano,,scraped,2026-08-07T18:21:18.723040,
f8bbb1c29b8f5a2a,https://br.linkedin.com/jobs/view/retail-specialist-roma-at-cosine-italy-4448052531,Retail Specialist | Roma,,scraped,2026-08-07T18:21:25.186550,
87ee691c25adbab8,https://br.linkedin.com/jobs/view/retail-specialist-palermo-at-cosine-italy-4448815432,Retail Specialist | Palermo,,scraped,2026-08-07T18:21:32.009062,
1c46caa39f9ddd05,https://br.linkedin.com/jobs/view/retail-specialist-potenza-at-cosine-italy-4448822272,Retail Specialist | Potenza,,scraped,2026-08-07T18:21:38.622679,
b7e3c36b1582bf8f,https://br.linkedin.com/jobs/view/retail-specialist-cuneo-at-cosine-italy-4448037582,Retail Specialist | Cuneo,,scraped,2026-08-07T18:21:45.068943,
afc541f87c5625f2,https://br.linkedin.com/jobs/view/retail-specialist-rovigo-at-cosine-italy-4448056484,Retail Specialist | Rovigo,,scraped,2026-08-07T18:21:51.706670,
60880106d3ca8ec3,https://br.linkedin.com/jobs/view/retail-specialist-bari-at-cosine-italy-4448048499,Retail Specialist | Bari,,scraped,2026-08-07T18:21:58.192760,
a569446174cb7c2c,https://br.linkedin.com/jobs/view/montador-de-andaimes-at-jobbol-4448481842,Montador de Andaimes,,scraped,2026-08-07T18:22:04.843404,
bb354f65e2cf12d5,https://br.linkedin.com/jobs/view/retail-specialist-rimini-at-cosine-italy-4448047519,Retail Specialist | Rimini,,scraped,2026-08-07T18:22:11.942019,
ec2fd248e0877ec6,https://br.linkedin.com/jobs/view/retail-specialist-torino-at-cosine-italy-4448812478,Retail Specialist | Torino,,scraped,2026-08-07T18:22:18.411973,
8f96edaf7f430fc1,https://br.linkedin.com/jobs/view/vaga-para-promotor-bento-gon%C3%A7alves-vagas-profissionais-at-severas-merchandising-4446622201,Vaga para Promotor- Bento Gonçalves - Vagas Profissionais,,scraped,2026-08-07T18:22:24.970061,
216ba1beea7aea6a,https://br.linkedin.com/jobs/view/auxiliar-de-limpeza-at-supermercados-andreazza-4447198684,Auxiliar de Limpeza,,scraped,2026-08-07T18:22:32.608809,
1d421697ff1967b1,https://br.linkedin.com/jobs/view/promotor-canoas-canoas-ofertas-de-emprego-at-severas-merchandising-4445839280,Promotor - Canoas - Canoas - Ofertas de Emprego,,scraped,2026-08-07T18:22:41.635866,
e98a95bd189d6657,https://br.linkedin.com/jobs/view/promotor-teut%C3%B4nia-vagas-profissionais-at-severas-merchandising-4445846033,Promotor - Teutônia - Vagas Profissionais,,scraped,2026-08-07T18:22:49.377818,
0a824dbdceb31827,https://br.linkedin.com/jobs/view/vaga-para-promotor-a-caxias-do-sul-vagas-profissionais-at-severas-merchandising-4446623197,Vaga para Promotor (A) Caxias do Sul - Vagas Profissionais,,scraped,2026-08-07T18:22:56.941848,
67825f3b66d66f23,https://br.linkedin.com/jobs/view/promotor-lajeado-6-horas-lajeado-ofertas-de-emprego-at-severas-merchandising-4445844074,Promotor - Lajeado 6 Horas - Lajeado - Ofertas de Emprego,,scraped,2026-08-07T18:23:04.460907,
4f3037cd6f4b2656,https://br.linkedin.com/jobs/view/promotor-carlos-barbosa-vagas-profissionais-at-severas-merchandising-4445835832,Promotor - Carlos Barbosa - Vagas Profissionais,,scraped,2026-08-07T18:23:11.863345,
c71d6e9ee1f3a453,https://br.linkedin.com/jobs/view/promotor-lajeado-vagas-profissionais-at-severas-merchandising-4445829914,Promotor - Lajeado - Vagas Profissionais,,scraped,2026-08-07T18:23:19.424428,
c4c76b3ab5fbd5fb,https://br.linkedin.com/jobs/view/motorista-at-supermercados-andreazza-4448222043,Motorista,,scraped,2026-08-07T18:23:27.152147,
4265e4327ec23468,https://br.linkedin.com/jobs/view/motorista-at-supermercados-andreazza-4448219068,Motorista,,scraped,2026-08-07T18:23:36.362330,
5ed97a4ec8a0c707,https://br.linkedin.com/jobs/view/retail-specialist-matera-at-cosine-italy-4448045573,Retail Specialist | Matera,,scraped,2026-08-07T18:23:45.360068,
c2dc1ee4ba1c6be3,https://br.linkedin.com/jobs/view/retail-specialist-sondrio-at-cosine-italy-4448825211,Retail Specialist | Sondrio,,scraped,2026-08-07T18:23:52.285952,
06be1b8d736cf435,https://br.linkedin.com/jobs/view/promotor-bento-gon%C3%A7alves-bento-gon%C3%A7alves-ofertas-de-emprego-at-severas-merchandising-4445832978,Promotor - Bento Gonçalves - Bento Gonçalves - Ofertas de Emprego,,scraped,2026-08-07T18:23:59.165501,
f82fbea941672d78,https://br.linkedin.com/jobs/view/promotor-viam%C3%A3o-viam%C3%A3o-ofertas-de-emprego-at-severas-merchandising-4445832931,Promotor - Viamão - Viamão - Ofertas de Emprego,,scraped,2026-08-07T18:24:06.948750,
4697a03bf9869d55,https://br.linkedin.com/jobs/view/repositor-ii-i-at-supermercados-andreazza-4450003547,Repositor II I,,scraped,2026-08-07T18:24:14.463605,
3d60a52893859424,https://br.linkedin.com/jobs/view/promotor-ivoti-vagas-profissionais-at-severas-merchandising-4445837181,Promotor - Ivoti - Vagas Profissionais,,scraped,2026-08-07T18:24:23.712042,
662526485211f83a,https://br.linkedin.com/jobs/view/frentista-at-jobbol-4447813345,Frentista,,scraped,2026-08-07T18:24:31.405857,
0ccac10e5a9dad42,https://br.linkedin.com/jobs/view/auxiliar-de-limpeza-%E2%80%93-alvorada-%E2%80%93-rs-alvorada-ofertas-de-emprego-at-jose-itamar-dos-santos-penteado-4448400295,Auxiliar de Limpeza – Alvorada – RS - Alvorada - Ofertas de Emprego,Jose Itamar Dos Santos Penteado,failed|wp_post_failed,2026-08-07T18:24:57.259005,
8b3f4a3f33d47e0d,https://br.linkedin.com/jobs/view/retail-specialist-genova-at-cosine-italy-4448823267,Retail Specialist | Genova,,scraped,2026-08-07T18:25:00.172887,
2bf9881120460055,https://br.linkedin.com/jobs/view/promotor-tr%C3%AAs-coroas-tr%C3%AAs-coroas-ofertas-de-emprego-at-severas-merchandising-4448400268,Promotor - Três Coroas - Três Coroas - Ofertas de Emprego,,scraped,2026-08-07T18:25:06.841990,
782d9f7056b9f80f,https://br.linkedin.com/jobs/view/repositor-hort-at-supermercados-andreazza-4448216148,Repositor Hort,,scraped,2026-08-07T18:25:14.297034,
2c36eb3ec49dd998,https://br.linkedin.com/jobs/view/oficial-manutencao-predial-canoas-ofertas-de-emprego-at-manuservicers-4447375396,Oficial Manutencao Predial - Canoas - Ofertas de Emprego,ManuServiceRS,failed|wp_post_failed,2026-08-07T18:25:37.985397,
fedad4991772323e,https://br.linkedin.com/jobs/view/vaga-para-promotor-a-caxias-do-sul-caxias-do-sul-ofertas-de-emprego-at-severas-merchandising-4446630008,Vaga para Promotor (A) Caxias do Sul - Caxias do Sul - Ofertas de Emprego,,scraped,2026-08-07T18:25:40.695617,
82085d6da6cc4375,https://br.linkedin.com/jobs/view/montador-at-jobbol-4446270685,Montador,,scraped,2026-08-07T18:25:48.265175,
ad97ebc5e374bb2c,https://br.linkedin.com/jobs/view/promotor-ven%C3%A2ncio-aires-vagas-profissionais-at-severas-merchandising-4445847078,Promotor - Venâncio Aires - Vagas Profissionais,,scraped,2026-08-07T18:25:56.855321,
d28bad3e87866172,https://br.linkedin.com/jobs/view/auxiliar-de-servi%C3%A7os-externos-1-turno-at-pertencer-desenvolvimento-humano-e-organizacional-4445565147,Auxiliar de serviços externos - 1 turno,,scraped,2026-08-07T18:26:04.629513,
ff9172168dc3d6a3,https://br.linkedin.com/jobs/view/vigia-at-jobbol-4446280418,Vigia,,scraped,2026-08-07T18:26:12.919968,
5180405634d8f71e,https://br.linkedin.com/jobs/view/pintor-at-jobbol-4447863540,Pintor,,scraped,2026-08-07T18:26:20.440590,
6e025e8f02927209,https://br.linkedin.com/jobs/view/promotor-ven%C3%A2ncio-aires-ven%C3%A2ncio-aires-ofertas-de-emprego-at-severas-merchandising-4445850041,Promotor - Venâncio Aires - Venâncio Aires - Ofertas de Emprego,,scraped,2026-08-07T18:26:28.114630,
264ddf8b0a5495d1,https://br.linkedin.com/jobs/view/brand-ambassador-porto-torres-at-cosine-italy-4445574824,Brand Ambassador | Porto Torres,,scraped,2026-08-07T18:26:35.793404,
205c0b3c8baf0df8,https://br.linkedin.com/jobs/view/promotor-porto-alegre-porto-alegre-ofertas-de-emprego-at-severas-merchandising-4446625169,Promotor - Porto Alegre - Porto Alegre - Ofertas de Emprego,,scraped,2026-08-07T18:26:42.843841,
5dc19c34725f594f,https://br.linkedin.com/jobs/view/promotor-a-lajeado-lajeado-ofertas-de-emprego-at-severas-merchandising-4446619288,Promotor(A) - Lajeado - Lajeado - Ofertas de Emprego,,scraped,2026-08-07T18:26:50.514480,
2e6b45a1b4d603ef,https://br.linkedin.com/jobs/view/promotor-sapucaia-do-sul-vagas-profissionais-at-severas-merchandising-4445845055,Promotor - Sapucaia do Sul - Vagas Profissionais,,scraped,2026-08-07T18:26:57.935174,
0b7723665b6d6328,https://br.linkedin.com/jobs/view/auxiliar-de-limpeza-at-pertencer-desenvolvimento-humano-e-organizacional-4445577195,Auxiliar de limpeza,,scraped,2026-08-07T18:27:05.436198,
210dc52128df94b1,https://br.linkedin.com/jobs/view/brand-ambassador-reggio-emilia-e-territorio-at-cosine-italy-4448815412,Brand Ambassador | Reggio Emilia e territorio,,scraped,2026-08-07T18:27:13.773861,
9b021014e2799cc3,https://br.linkedin.com/jobs/view/promotor-a-farroupilha-farroupilha-ofertas-de-emprego-at-severas-merchandising-4446613333,Promotor(A) Farroupilha - Farroupilha - Ofertas de Emprego,,scraped,2026-08-07T18:27:20.557123,
bb2386383d46fcf0,https://br.linkedin.com/jobs/view/brand-ambassador-pesaro-e-urbino-e-territorio-at-cosine-italy-4449216139,Brand Ambassador | Pesaro e Urbino e territorio,,scraped,2026-08-07T18:27:28.025671,
d021a0a34bf14c85,https://br.linkedin.com/jobs/view/promotor-porto-alegre-vagas-profissionais-at-severas-merchandising-4446608466,Promotor - Porto Alegre - Vagas Profissionais,,scraped,2026-08-07T18:27:34.908443,
c0b3212d6faf9e8d,https://br.linkedin.com/jobs/view/porteiro-at-stv-seguran%C3%A7a-4450035130,Porteiro,,scraped,2026-08-07T18:27:42.643771,
4b7ea05288029f71,https://br.linkedin.com/jobs/view/porteiro-at-jobbol-4446258890,Porteiro,,scraped,2026-08-07T18:27:49.125748,
b78fae7e64e5de5e,https://br.linkedin.com/jobs/view/promotor-garibaldi-cobertura-de-f%C3%A9rias-vagas-profissionais-at-severas-merchandising-4446618276,Promotor Garibaldi - Cobertura de Férias - Vagas Profissionais,,scraped,2026-08-07T18:27:56.186248,
d40b41f17674d69f,https://br.linkedin.com/jobs/view/promotor-garibaldi-cobertura-de-f%C3%A9rias-garibaldi-ofertas-de-emprego-at-severas-merchandising-4446608431,Promotor Garibaldi - Cobertura de Férias - Garibaldi - Ofertas de Emprego,,scraped,2026-08-07T18:28:03.847680,
50ab2d5c619c53e3,https://br.linkedin.com/jobs/view/supridor-repositor-at-unidasul-distribuidora-aliment%C3%ADcia-s-a-4445575151,Supridor Repositor,,scraped,2026-08-07T18:28:11.261522,
6371ee1dd3249f90,https://br.linkedin.com/jobs/view/see-more%0A-%0A-%0A-%0A-casamento-laura-e-maico-casa-open-nh%0A-weddings-%0A%0A-%0A-casa-open-novo-hamburgo%0A-%0A-%0A-see-more-at-cecatto-photography-4447382000,"See more
      
      
        
          Casamento | Laura e Maico | Casa Open, NH
          WEDDINGS 

          
                      Casa Open, Novo Hamburgo
          
        
        See more",,scraped,2026-08-07T18:28:23.023990,
dcdbc8ebeeb359f1,https://br.linkedin.com/jobs/view/si-vive-una-volta-sola-at-quoted-business-4448134226,Si vive una volta sola,,scraped,2026-08-07T18:28:29.756770,
b0b949574de84877,https://br.linkedin.com/jobs/view/villa-heaven-at-serralves-garden-boavista-living-4447376861,Villa Heaven,Serralves Garden Boavista Living,failed|wp_post_failed,2026-08-07T18:28:54.791881,
a0e52b7ce0596fce,https://br.linkedin.com/jobs/view/apartamento-at-press-im%C3%B3veis-4449044125,Apartamento,Press Imóveis,failed|wp_post_failed,2026-08-07T18:29:12.298686,
90d38dfb2bdec8cd,https://br.linkedin.com/jobs/view/sala-at-press-im%C3%B3veis-4449025902,Sala,Press Imóveis,failed|wp_post_failed,2026-08-07T18:29:29.942223,
90a93dd8ac9048d1,https://br.linkedin.com/jobs/view/licenciatura-en-ciencias-de-la-informaci%C3%B3n-at-facultad-polit%C3%A9cnica-una-4448740206,Licenciatura en Ciencias de la Información,,scraped,2026-08-07T18:29:33.091504,
6ac63d72c045d3f3,https://br.linkedin.com/jobs/view/%C5%9Blusarz-m-k-at-protan-elmark-4450316555,Ślusarz (M/K),,scraped,2026-08-07T18:29:45.811957,
58064f4a94910100,https://br.linkedin.com/jobs/view/ingenieri%CC%81a-aeron%C3%A1utica-at-facultad-polit%C3%A9cnica-una-4448737382,Ingeniería  Aeronáutica,,scraped,2026-08-07T18:29:56.224180,
4373483fe4d5e27c,https://br.linkedin.com/jobs/view/higienizadora-cl%C3%ADnica-de-repouso-at-pertencer-desenvolvimento-humano-e-organizacional-4445581326,Higienizadora (clínica de repouso),,scraped,2026-08-07T18:30:09.247355,
fd478302986d16ec,https://br.linkedin.com/jobs/view/mire-veja-conversa-com-as-curadoras-at-todo-rol%C3%AA-4448931070,Mire Veja: Conversa com as curadoras,,scraped,2026-08-07T18:30:17.506314,
3e5eccac8eb58467,https://br.linkedin.com/jobs/view/l%C3%ADder-de-limpeza-at-rede-drops-mot%C3%A9is-4445570480,Líder de Limpeza,,scraped,2026-08-07T18:30:24.054955,
eab9b1955328017b,https://br.linkedin.com/jobs/view/repositor-de-hortifr%C3%BAti-at-jobbol-4449438411,Repositor de Hortifrúti,,scraped,2026-08-07T18:30:32.309615,
77aa083effba6fa1,https://br.linkedin.com/jobs/view/expedidor-de-tecidos-i-at-pettenati-s-a-ind%C3%BAstria-t%C3%AAxtil-4448260111,Expedidor de Tecidos I,Pettenati S.A. Indústria Têxtil,failed|wp_post_failed,2026-08-07T18:30:58.602186,
51fe446e698fd839,https://br.linkedin.com/jobs/view/auxiliar-de-perec%C3%ADveis-padaria-novo-hamburgo-ofertas-de-emprego-at-unisuper-4445837223,Auxiliar de Perecíveis / Padaria - Novo Hamburgo - Ofertas de Emprego,UniSuper,failed|wp_post_failed,2026-08-07T18:31:27.302598,
615c1c807d895a62,https://br.linkedin.com/jobs/view/auxiliar-de-limpeza-at-redebrasil-gest%C3%A3o-de-ativos-4450027821,Auxiliar de limpeza,,scraped,2026-08-07T18:31:30.098800,
de384e83bfa53c38,https://br.linkedin.com/jobs/view/auxiliar-de-limpeza-at-unimed-vale-do-sinos-4448487017,Auxiliar de limpeza,,scraped,2026-08-07T18:31:39.478895,
5f64a82b0152d34a,https://br.linkedin.com/jobs/view/marceneiro-vagas-profissionais-at-desenfecsul-limpadora-e-conservadora-de-pr%C3%A9dios-ltda-4448083667,Marceneiro - Vagas Profissionais,Desenfecsul Limpadora e Conservadora de Prédios LTDA.,failed|wp_post_failed,2026-08-07T18:32:04.497638,
c24c01a82a788f8b,https://br.linkedin.com/jobs/view/ajudante-de-carga-e-descarga-at-construrohr-4445561845,Ajudante de carga e descarga,,scraped,2026-08-07T18:32:07.308711,
b469d04d2395fe1c,https://br.linkedin.com/jobs/view/cobran%C3%A7a-de-credi%C3%A1rio-p-loja-at-capta-servicos-empresariais-4446635510,Cobrança de Crediário- p/ loja,Capta Servicos Empresariais,failed|wp_post_failed,2026-08-07T18:32:30.695205,
acf3f378f4bd30f2,https://br.linkedin.com/jobs/view/ajc-international-documentation-specialist-at-ajc-group-4431870117,AJC International: Documentation Specialist,AJC Group,failed|wp_post_failed,2026-08-07T18:32:47.683237,
8025558167b1ae24,https://br.linkedin.com/jobs/view/promotor-motorizado-at-ever-trade-marketing-4449063539,PROMOTOR MOTORIZADO,,scraped,2026-08-07T18:32:50.390456,
975847e94d530f18,https://br.linkedin.com/jobs/view/analista-de-frota-at-construrohr-4445579029,Analista de Frota,,scraped,2026-08-07T18:33:00.118039,
799d658b479b1c4e,https://br.linkedin.com/jobs/view/marceneiro-at-sierra-m%C3%B3veis-4449341148,MARCENEIRO,Sierra Móveis,failed|wp_post_failed,2026-08-07T18:33:23.636646,
12943ad2fb63fe62,https://br.linkedin.com/jobs/view/auxiliar-de-custos-at-altero-design-4445562756,Auxiliar de custos,Altero Design,failed|wp_post_failed,2026-08-07T18:33:41.601438,
9057fb5e0d080cb0,https://br.linkedin.com/jobs/view/conferente-at-alsco-uniformes-brasil-4445580206,Conferente,,scraped,2026-08-07T18:33:44.349555,
f5f5d96502d47614,https://br.linkedin.com/jobs/view/montador-at-saro-equipamentos-site-oficial-4448541523,Montador,SARO Equipamentos - Site Oficial,failed|wp_post_failed,2026-08-07T18:34:08.131007,
2623bbb2abe83d1c,https://br.linkedin.com/jobs/view/vigilante-intermitente-montenegro-rs-at-security-seguran%C3%A7a-e-servi%C3%A7os-4447340153,VIGILANTE INTERMITENTE - MONTENEGRO/RS,,scraped,2026-08-07T18:34:10.800762,
3102072eced9c6c6,https://br.linkedin.com/jobs/view/operador-de-via-permanente-at-giordani-turismo-ltda-4445573012,Operador de Via Permanente,Giordani Turismo Ltda,failed|wp_post_failed,2026-08-07T18:34:33.723580,
ce299b299c49d9bd,https://br.linkedin.com/jobs/view/auxiliar-de-servi%C3%A7os-gerais-cachoeirinha-at-tlsv-servi%C3%A7os-em-telecomunica%C3%A7%C3%B5es-4448620424,AUXILIAR DE SERVIÇOS GERAIS CACHOEIRINHA,,scraped,2026-08-07T18:34:36.522381,
64687f01fdb34748,https://br.linkedin.com/jobs/view/repositor-de-mercadorias-farroupilha-rs-at-grupo-mazzini-administracao-e-empreitas-4448636016,Repositor de Mercadorias - Farroupilha - RS,,scraped,2026-08-07T18:34:44.953257,
89a95a876088d1e6,https://br.linkedin.com/jobs/view/geral-at-gambino-rede-de-postos-4446231850,Geral,Gambino - Rede de Postos,failed|wp_post_failed,2026-08-07T18:35:09.901125,
6b585c260edf5dce,https://br.linkedin.com/jobs/view/operador-de-cart%C3%A3o-at-prefeitura-de-santo-andr%C3%A9-4445561721,OPERADOR DE CARTÃO,Prefeitura de Santo André,failed|wp_post_failed,2026-08-07T18:35:27.042517,
923e11ab6ccf7847,https://br.linkedin.com/jobs/view/auxiliar-de-transporte-%E2%80%93-alvorada-%E2%80%93-rs-alvorada-ofertas-de-emprego-at-desentupidora-ultratec-4446617246,Auxiliar de Transporte – Alvorada – RS - Alvorada - Ofertas de Emprego,,scraped,2026-08-07T18:35:29.805345,
2c78bebfda60cc8b,https://br.linkedin.com/jobs/view/prototipista-evviva-rs-at-grupo-bertolini-4450027822,Prototipista (Evviva - RS),,scraped,2026-08-07T18:35:37.816464,
bb3d929536c2e7d6,https://br.linkedin.com/jobs/view/montador-marcenaria-at-saccaro-4448262079,Montador - Marcenaria,,scraped,2026-08-07T18:35:46.232197,
750f712735c398f0,https://br.linkedin.com/jobs/view/auxiliar-de-limpeza-at-aline-maineri-consultoria-de-rh-4448533908,Auxiliar de Limpeza,Aline Maineri Consultoria de RH,failed|wp_post_failed,2026-08-07T18:36:09.747237,
be7f03bb23176f27,https://br.linkedin.com/jobs/view/promotor-de-vendas-lajeado-rs-at-jbs-4438725258,Promotor de Vendas - Lajeado/RS,JBS,failed|wp_post_failed,2026-08-07T18:36:31.037983,
34aa8b68b42ca726,https://br.linkedin.com/jobs/view/estoquista-linha-verde-caxias-do-sul-at-slc-m%C3%A1quinas-4447389607,Estoquista Linha Verde - Caxias do Sul,,scraped,2026-08-07T18:36:33.741984,
dc5155a4134c25f0,https://br.linkedin.com/jobs/view/banco-de-talentos-mulheres-engenheiras-at-eaton-4340552668,Banco de Talentos - Mulheres Engenheiras,Eaton,failed|wp_post_failed,2026-08-07T18:37:34.539008,
1c01e433314b4245,https://br.linkedin.com/jobs/view/supridor-de-loja-at-jobbol-4447828886,Supridor de Loja,,scraped,2026-08-07T18:37:37.171973,
7b9195ec50eb2854,https://br.linkedin.com/jobs/view/brand-ambassador-napoli-e-territorio-at-cosine-italy-4448448463,Brand Ambassador | Napoli e territorio,,scraped,2026-08-07T18:37:45.346043,
528f5a413d30c30c,https://br.linkedin.com/jobs/view/brand-ambassador-grosseto-e-territorio-at-cosine-italy-4448829010,Brand Ambassador | Grosseto e territorio,,scraped,2026-08-07T18:37:52.146756,
96dc8d9f3891be91,https://br.linkedin.com/jobs/view/promotor-a-com-moto-canoas-vagas-profissionais-at-severas-merchandising-4446614330,Promotor (A) com Moto - Canoas - Vagas Profissionais,,scraped,2026-08-07T18:37:58.978961,
266241e5e09c3e22,https://br.linkedin.com/jobs/view/auxiliar-de-servi%C3%A7os-gerais-at-jobbol-4446263723,Auxiliar de Serviços Gerais,,scraped,2026-08-07T18:38:06.515049,
b7f0fd99904ec2d0,https://br.linkedin.com/jobs/view/brand-ambassador-monza-e-territorio-at-cosine-italy-4445586710,Brand Ambassador | Monza e territorio,,scraped,2026-08-07T18:38:14.548535,
1523ee13546a0351,https://br.linkedin.com/jobs/view/auxiliar-de-padaria-at-jobbol-4449954950,Auxiliar de Padaria,,scraped,2026-08-07T18:38:21.152866,
299f0a18d9e002a8,https://br.linkedin.com/jobs/view/motorista-at-jobbol-4446264673,Motorista,,scraped,2026-08-07T18:38:28.461291,
22554499482a7fe1,https://br.linkedin.com/jobs/view/modelistaauxiliar-de-modelista-at-pertencer-desenvolvimento-humano-e-organizacional-4445585100,ModelistaAuxiliar de Modelista,,scraped,2026-08-07T18:38:35.963925,
c722750c249d5b48,https://br.linkedin.com/jobs/view/estoquista-at-jobbol-4448492453,Estoquista,,scraped,2026-08-07T18:38:45.635411,
3db5d1a6a2d3ce36,https://br.linkedin.com/jobs/view/auxiliar-operacional-at-sogipa-4450361319,Auxiliar Operacional,,scraped,2026-08-07T18:38:54.077880,
b382ce648b54110e,https://br.linkedin.com/jobs/view/commis-de-rang-laqua-by-the-lake-at-cannavacciuolo-group-4450269228,Commis de rang- LAQUA BY THE LAKE,,scraped,2026-08-07T18:39:01.394685,
9770edf02eb51868,https://br.linkedin.com/jobs/view/almoxarife-at-jobbol-4448312014,Almoxarife,,scraped,2026-08-07T18:39:09.276289,
db49930eb24b3610,https://br.linkedin.com/jobs/view/auxiliar-de-servi%C3%A7os-gerais-lajeado-ofertas-de-emprego-at-desenfecsul-limpadora-e-conservadora-de-pr%C3%A9dios-ltda-4448092395,Auxiliar de Serviços Gerais - Lajeado - Ofertas de Emprego,Desenfecsul Limpadora e Conservadora de Prédios LTDA.,failed|wp_post_failed,2026-08-07T18:39:34.837654,
5ce83dd2aaf1379c,https://br.linkedin.com/jobs/view/fiscal-de-loja-%E2%80%93-canoas-poa-nh-s%C3%A3o-leopoldo-gravata%C3%AD-%E2%80%93-rs-canoas-ofertas-de-emprego-at-unisuper-4445835904,Fiscal de Loja – Canoas/Poa/Nh/São Leopoldo/Gravataí – RS - Canoas - Ofertas de Emprego,UniSuper,failed|wp_post_failed,2026-08-07T18:40:02.119860,
65a0e0b8857f42fb,https://br.linkedin.com/jobs/view/brand-ambassador-genova-e-territorio-at-cosine-italy-4445586708,Brand Ambassador | Genova e territorio,,scraped,2026-08-07T18:40:04.736056,
b819aa0ba1200196,https://br.linkedin.com/jobs/view/brand-ambassador-genova-e-territorio-at-cosine-italy-4449223068,Brand Ambassador | Genova e territorio,,scraped,2026-08-07T18:40:11.708230,
d8ee95890506e450,https://br.linkedin.com/jobs/view/pintor-industrial-at-jobbol-4448485718,Pintor Industrial,,scraped,2026-08-07T18:40:18.640614,
17e6931b3cc3cb03,https://br.linkedin.com/jobs/view/ajudante-geral-at-jobbol-4450626661,Ajudante Geral,,scraped,2026-08-07T18:40:26.363219,
f84fc9dd8fb6b1a7,https://br.linkedin.com/jobs/view/auxiliar-de-limpeza-vagas-profissionais-at-unisuper-4445844034,Auxiliar de Limpeza - Vagas Profissionais,UniSuper,failed|wp_post_failed,2026-08-07T18:40:58.883509,
413a3dd464952d23,https://br.linkedin.com/jobs/view/fiscal-de-loja-%E2%80%93-canoas-poa-nh-s%C3%A3o-leopoldo-gravata%C3%AD-%E2%80%93-rs-vagas-profissionais-at-unisuper-4445832958,Fiscal de Loja – Canoas/Poa/Nh/São Leopoldo/Gravataí – RS - Vagas Profissionais,UniSuper,failed|wp_post_failed,2026-08-07T18:41:24.866142,
0dc3d81e25b29466,https://br.linkedin.com/jobs/view/auxiliar-de-limpeza-%E2%80%93-hortifruti-porto-alegre-ofertas-de-emprego-at-unisuper-4445846071,Auxiliar de Limpeza – Hortifruti - Porto Alegre - Ofertas de Emprego,UniSuper,failed|wp_post_failed,2026-08-07T18:41:52.148649,
e6f1de61dd2a593d,https://br.linkedin.com/jobs/view/auxiliar-de-padaria-at-unidasul-distribuidora-aliment%C3%ADcia-s-a-4445575080,Auxiliar de Padaria,,scraped,2026-08-07T18:41:55.050090,
c949af53144349db,https://br.linkedin.com/jobs/view/alimentador-de-linha-de-produ%C3%A7%C3%A3o-at-jobbol-4449035793,Alimentador de Linha de Produção,,scraped,2026-08-07T18:42:04.513711,
32984bdbf5eeb040,https://br.linkedin.com/jobs/view/repositor-at-jobbol-4450624757,Repositor,,scraped,2026-08-07T18:42:12.170115,
c0bc03315184ee61,https://br.linkedin.com/jobs/view/agente-de-higieniza%C3%A7%C3%A3o-at-rede-drops-mot%C3%A9is-4445552980,Agente de Higienização,,scraped,2026-08-07T18:42:20.505329,
59a4e09ccf499545,https://br.linkedin.com/jobs/view/auxiliar-de-a%C3%A7ougue-at-unidasul-distribuidora-aliment%C3%ADcia-s-a-4445559836,Auxiliar de açougue,,scraped,2026-08-07T18:42:28.756334,
dc0ce2c38a684eec,https://br.linkedin.com/jobs/view/auxiliar-de-servi%C3%A7os-gerais-vagas-profissionais-at-desenfecsul-limpadora-e-conservadora-de-pr%C3%A9dios-ltda-4448404189,Auxiliar de Serviços Gerais - Vagas Profissionais,Desenfecsul Limpadora e Conservadora de Prédios LTDA.,failed|wp_post_failed,2026-08-07T18:42:55.356484,
57f8d17fe4290892,https://br.linkedin.com/jobs/view/repositor-de-hortifruti-at-jobbol-4449036783,Repositor de Hortifruti,,scraped,2026-08-07T18:42:58.171988,
2861e68c37a4d845,https://br.linkedin.com/jobs/view/auxiliar-de-higieniza%C3%A7%C3%A3o-at-rede-drops-mot%C3%A9is-4450019982,Auxiliar de Higienização,,scraped,2026-08-07T18:43:06.744567,
a4b785ead22db22f,https://br.linkedin.com/jobs/view/atendente-de-padaria-at-jobbol-4447870488,Atendente de Padaria,,scraped,2026-08-07T18:43:13.905850,
32b179917c03f93a,https://br.linkedin.com/jobs/view/operador-de-lavanderia-at-rede-drops-mot%C3%A9is-4445568069,Operador de Lavanderia,,scraped,2026-08-07T18:43:21.474785,
231f0926a4ec3850,https://br.linkedin.com/jobs/view/auxiliar-de-a%C3%A7ougue-at-supermercados-andreazza-4449326288,Auxiliar de açougue,,scraped,2026-08-07T18:43:29.406604,
0266d4f0493bf44d,https://br.linkedin.com/jobs/view/auxiliar-de-a%C3%A7ougue-at-supermercados-andreazza-4448218149,Auxiliar de açougue,,scraped,2026-08-07T18:43:38.511032,
7779e841916a7770,https://br.linkedin.com/jobs/view/supridor-de-hortifr%C3%BAti-at-jobbol-4447837817,Supridor de Hortifrúti,,scraped,2026-08-07T18:43:47.515393,
9ed94de9b6b0f9d5,https://br.linkedin.com/jobs/view/promotor-com-moto-porto-alegre-porto-alegre-ofertas-de-emprego-at-severas-merchandising-4446606974,Promotor com Moto - Porto Alegre - Porto Alegre - Ofertas de Emprego,,scraped,2026-08-07T18:43:56.715043,
b51db85e8f900e25,https://br.linkedin.com/jobs/view/auxiliar-de-servi%C3%A7os-gerais-nova-santa-rita-ofertas-de-emprego-at-desenfecsul-limpadora-e-conservadora-de-pr%C3%A9dios-ltda-4448097294,Auxiliar de Serviços Gerais - Nova Santa Rita - Ofertas de Emprego,Desenfecsul Limpadora e Conservadora de Prédios LTDA.,failed|wp_post_failed,2026-08-07T18:44:21.267005,
08d44c955addf1e0,https://br.linkedin.com/jobs/view/oficial-de-manutencao-predial-vagas-profissionais-at-manuservicers-4445586947,Oficial de Manutencao Predial - Vagas Profissionais,ManuServiceRS,failed|wp_post_failed,2026-08-07T18:44:37.800529,
07a3a95a0a871f7d,https://br.linkedin.com/jobs/view/agente-de-limpeza-at-rede-drops-mot%C3%A9is-4445574194,Agente de Limpeza,,scraped,2026-08-07T18:44:40.470762,
83738030e428aa89,https://br.linkedin.com/jobs/view/auxiliar-de-produ%C3%A7%C3%A3o-ajudante-geral-ind%C3%BAstria-de-m%C3%B3veis-at-tomasi-rh-4450360167,Auxiliar de produção/ Ajudante geral ( Indústria de Móveis),,scraped,2026-08-07T18:44:48.216597,
f9eef171a6e35335,https://br.linkedin.com/jobs/view/marceneiro-vagas-profissionais-at-sogipa-4445839212,Marceneiro - Vagas Profissionais,,scraped,2026-08-07T18:44:55.384736,
b64edc68f9e393da,https://br.linkedin.com/jobs/view/commis-de-partie-cannavacciuolo-bistrot-torino-at-cannavacciuolo-group-4450018686,Commis de partie - Cannavacciuolo Bistrot Torino,,scraped,2026-08-07T18:45:02.645296,
a43226286c5f2579,https://br.linkedin.com/jobs/view/ajudante-de-motorista-at-jobbol-4448485716,Ajudante de Motorista,,scraped,2026-08-07T18:45:10.859895,
a051e4db7bc13cfd,https://br.linkedin.com/jobs/view/oficial-de-manuten%C3%A7%C3%A3o-predial-canoas-ofertas-de-emprego-at-desenfecsul-limpadora-e-conservadora-de-pr%C3%A9dios-ltda-4448096358,Oficial de Manutenção Predial - Canoas - Ofertas de Emprego,Desenfecsul Limpadora e Conservadora de Prédios LTDA.,failed|wp_post_failed,2026-08-07T18:45:33.896649,
f2dc0715085b0107,https://br.linkedin.com/jobs/view/concierge-at-jobbol-4449961789,Concierge,,scraped,2026-08-07T18:45:36.574057,
42aef1adc9437bb8,https://br.linkedin.com/jobs/view/auxiliar-de-fruteira-at-jobbol-4449965139,Auxiliar de Fruteira,,scraped,2026-08-07T18:45:44.171583,
fff01c2b2b184eed,https://br.linkedin.com/jobs/view/auxiliar-de-servi%C3%A7os-gerais-at-jobbol-4448486713,Auxiliar de Serviços Gerais,,scraped,2026-08-07T18:45:51.890986,
ecb3858057f31c0f,https://br.linkedin.com/jobs/view/auxiliar-de-transporte-desentupidora-%E2%80%93-alvorada-%E2%80%93-rs-vagas-profissionais-at-desentupidora-ultratec-4446616332,Auxiliar de Transporte Desentupidora – Alvorada – RS - Vagas Profissionais,,scraped,2026-08-07T18:46:00.674865,
5f3dc6a230313113,https://br.linkedin.com/jobs/view/auxiliar-de-produ%C3%A7%C3%A3o-at-pertencer-desenvolvimento-humano-e-organizacional-4450036073,Auxiliar de produção,,scraped,2026-08-07T18:46:08.847422,
57bfbb8155da1e86,https://br.linkedin.com/jobs/view/ingenier%C3%ADa-en-energia-at-facultad-polit%C3%A9cnica-una-4448748080,Ingeniería en Energia,,scraped,2026-08-07T18:46:18.823158,
92f41e57dac49278,https://br.linkedin.com/jobs/view/oniz-promotor-a-de-vendas-gravata%C3%AD-rs-at-braveo-4446268113,ONIZ - Promotor(a) de Vendas - Gravataí/RS,,scraped,2026-08-07T18:46:31.933050,
a9ff44d97550cd4a,https://br.linkedin.com/jobs/view/marceneiro-porto-alegre-ofertas-de-emprego-at-sogipa-4445839264,Marceneiro - Porto Alegre - Ofertas de Emprego,,scraped,2026-08-07T18:46:39.507160,
3752f94d04a7ce95,https://br.linkedin.com/jobs/view/auxiliar-de-pintura-metal%C3%BArgica-at-tomasi-rh-4449137321,Auxiliar de Pintura (Metalúrgica),,scraped,2026-08-07T18:46:46.816481,
04a16a0f1830b160,https://br.linkedin.com/jobs/view/analista-de-hiring-journey-trabalho-remoto-at-bairesdev-4449121368,Analista de Hiring Journey - Trabalho Remoto,BairesDev,failed|wp_post_failed,2026-08-07T18:47:13.107959,
be428b39505447f3,https://br.linkedin.com/jobs/view/pintor-at-grupo-darcy-pacheco-4447326790,Pintor,,scraped,2026-08-07T18:47:16.150967,
d5f9a60cde9c3a7f,https://br.linkedin.com/jobs/view/sales-ambassador-lecce-at-cosine-italy-4448820324,SALES AMBASSADOR | LECCE,,scraped,2026-08-07T18:47:23.722290,
48d395af466c808a,https://br.linkedin.com/jobs/view/operador-de-escavadeira-at-jobbol-4449696381,Operador de Escavadeira,,scraped,2026-08-07T18:47:30.687059,
cdf57c05a4ee0093,https://br.linkedin.com/jobs/view/auxiliar-de-servi%C3%A7os-gerais-porto-alegre-at-servi%C3%A7os-em-bim-4445573300,Auxiliar de Serviços Gerais PORTO ALEGRE,,scraped,2026-08-07T18:47:39.079225,
cf32b73a64254e29,https://br.linkedin.com/jobs/view/auxiliar-de-perec%C3%ADveis-padaria-vagas-profissionais-at-unisuper-4445829963,Auxiliar de Perecíveis (Padaria) - Vagas Profissionais,UniSuper,failed|wp_post_failed,2026-08-07T18:48:10.449514,
d652c3c9137622b4,https://br.linkedin.com/jobs/view/preparador-de-injetora-at-ou-4446260315,Preparador de Injetora,,scraped,2026-08-07T18:48:13.169712,
968e8d2990557ba5,https://br.linkedin.com/jobs/view/porteiro-ronda-poa-condom%C3%ADnios-bairro-jardim-do-salso-at-stv-seguran%C3%A7a-4445547889,Porteiro Ronda POA Condomínios - Bairro Jardim Do Salso,,scraped,2026-08-07T18:48:20.666016,
a2532218c2e9caf6,https://br.linkedin.com/jobs/view/sales-ambassador-padova-at-cosine-italy-4448058191,SALES AMBASSADOR | PADOVA,,scraped,2026-08-07T18:48:27.112969,
57fe199e09456c18,https://br.linkedin.com/jobs/view/operador-de-prensa-at-lampert-rh-digital-4445588069,Operador de prensa,,scraped,2026-08-07T18:48:33.810326,
de1451e81320ced7,https://br.linkedin.com/jobs/view/operador-de-acabamento-lixa-at-pertencer-desenvolvimento-humano-e-organizacional-4445571422,Operador de Acabamento Lixa,,scraped,2026-08-07T18:48:43.825598,
298640a6bb51a996,https://br.linkedin.com/jobs/view/t%C3%A9cnica-em-fotodepila%C3%A7%C3%A3o-at-tomasi-rh-4449767575,Técnica em Fotodepilação,,scraped,2026-08-07T18:48:52.385013,
f70ef18580165c6d,https://br.linkedin.com/jobs/view/promotor-de-merchandising-com-carro-porto-algre-rs-at-pop-trade-marketing-4447729932,Promotor de Merchandising|| Com Carro|| Porto Algre-RS,,scraped,2026-08-07T18:48:59.623803,
5acfc65a350cc849,https://br.linkedin.com/jobs/view/cozinheiro-at-intercity-hotels-4448887950,Cozinheiro,Intercity Hotels,failed|wp_post_failed,2026-08-07T18:49:25.930864,
f94f38a1756a48db,https://br.linkedin.com/jobs/view/apartment-sweet-memories-at-globtour-montenegro-4449066932,Apartment Sweet Memories *****,,scraped,2026-08-07T18:49:28.674693,
2892afd1351f6ccd,https://br.linkedin.com/jobs/view/balconista-manh%C3%A3-at-supermercados-andreazza-4450007263,Balconista Manhã,,scraped,2026-08-07T18:49:36.190466,
fd69e15cc76d2e65,https://br.linkedin.com/jobs/view/pintor-pintura-liquida-at-pertencer-desenvolvimento-humano-e-organizacional-4450035170,Pintor pintura liquida,,scraped,2026-08-07T18:49:45.308024,
c4885554adfbd812,https://br.linkedin.com/jobs/view/oficial-de-manuten%C3%A7%C3%A3o-predial-vagas-profissionais-at-desenfecsul-limpadora-e-conservadora-de-pr%C3%A9dios-ltda-4448095362,Oficial de Manutenção Predial - Vagas Profissionais,Desenfecsul Limpadora e Conservadora de Prédios LTDA.,failed|wp_post_failed,2026-08-07T18:50:11.123684,
9aa85861aca9e6c0,https://br.linkedin.com/jobs/view/abastecedor-de-linha-at-soft-film-ind%C3%BAstria-e-com%C3%A9rcio-de-pl%C3%A1sticos-ltda-4445573470,Abastecedor de Linha,,scraped,2026-08-07T18:50:13.805787,
53b21d72dd5129e4,https://br.linkedin.com/jobs/view/auxiliar-de-servi%C3%A7os-gerais-vaga-afirmativa-35-%2B-port%C3%A3o-at-tlsv-servi%C3%A7os-em-telecomunica%C3%A7%C3%B5es-4448631312,Auxiliar de Serviços Gerais  Vaga afirmativa 35 + PORTÃO,,scraped,2026-08-07T18:50:21.579161,
498526ed5d42ace2,https://br.linkedin.com/jobs/view/oficial-de-manuten%C3%A7%C3%A3o-predial-s%C3%A3o-leopoldo-ofertas-de-emprego-at-desenfecsul-limpadora-e-conservadora-de-pr%C3%A9dios-ltda-4448085702,Oficial de Manutenção Predial - São Leopoldo - Ofertas de Emprego,Desenfecsul Limpadora e Conservadora de Prédios LTDA.,failed|wp_post_failed,2026-08-07T18:50:46.525236,
5d126ba47a7bfe73,https://br.linkedin.com/jobs/view/auxiliar-de-sondagem-at-engefoto-engenharia-e-aerolevantamentos-s-a-4449914327,Auxiliar de Sondagem,ENGEFOTO Engenharia e Aerolevantamentos Ltda.,failed|wp_post_failed,2026-08-07T18:51:08.910052,
53c589a5e948288c,https://br.linkedin.com/jobs/view/auxiliar-de-padaria-at-unidasul-distribuidora-aliment%C3%ADcia-s-a-4445560748,Auxiliar de Padaria,,scraped,2026-08-07T18:51:11.817606,
9e819ee5e2777895,https://br.linkedin.com/jobs/view/comprador-matriz-rs-at-grupo-bertolini-4445828375,Comprador Matriz - RS,,scraped,2026-08-07T18:51:21.067623,
d62afd9d760903dd,https://br.linkedin.com/jobs/view/back-office-gestione-clienti-at-best-of-rent-agenzia-leasys-4450688532,BACK OFFICE / GESTIONE CLIENTI,,scraped,2026-08-07T18:51:29.507390,
7514fe06af1b55b4,https://br.linkedin.com/jobs/view/operador-de-cftv-at-taurus-armas-4449054801,Operador de CFTV,,scraped,2026-08-07T18:51:39.678491,
23e6a14595896172,https://br.linkedin.com/jobs/view/analista-de-importa%C3%A7%C3%A3o-at-arrow-mobility-4446658076,Analista de importação,,scraped,2026-08-07T18:51:47.342683,
08ec23e6ea71694d,https://br.linkedin.com/jobs/view/motorista-porto-alegre-ofertas-de-emprego-at-transportes-rodovia-sul-4447379315,Motorista - Porto Alegre - Ofertas de Emprego,,scraped,2026-08-07T18:51:56.401037,
582927a7ed11b6b6,https://br.linkedin.com/jobs/view/estoquista-cachoeirinha-at-casa-do-papel-4448616630,Estoquista - Cachoeirinha,,scraped,2026-08-07T18:52:14.681237,
63549ba08c64569e,https://br.linkedin.com/jobs/view/auxiliar-de-servi%C3%A7os-gerais-porto-alegre-ofertas-de-emprego-at-grupo-prontosul-4446607881,Auxiliar de Serviços Gerais - Porto Alegre - Ofertas de Emprego,,scraped,2026-08-07T18:52:23.296691,
94b3ff1d574ed109,https://br.linkedin.com/jobs/view/conferente-segmento-atacarejo-at-auvergne-ambition-4445560980,Conferente (segmento Atacarejo),,scraped,2026-08-07T18:52:32.699357,
357d520987dc0b10,https://br.linkedin.com/jobs/view/instalador-placas-solares-porto-alegre-ofertas-de-emprego-at-ric-komeco-4445835897,Instalador - Placas Solares - Porto Alegre - Ofertas de Emprego,,scraped,2026-08-07T18:52:42.716483,
13d2dbadc91689cc,https://br.linkedin.com/jobs/view/auxiliar-de-dep%C3%B3sito-at-cooperativa-santa-clara-4448592372,Auxiliar de Depósito,,scraped,2026-08-07T18:52:56.811330,
939f5a766408c389,https://br.linkedin.com/jobs/view/videomaker-at-ellite-digital-4449057373,Videomaker,,scraped,2026-08-07T18:53:04.812972,
90e57290413a5632,https://br.linkedin.com/jobs/view/promotor-motorizado-at-ever-trade-marketing-4449057695,PROMOTOR MOTORIZADO,,scraped,2026-08-07T18:53:13.438889,
6328f823532dd284,https://br.linkedin.com/jobs/view/auxiliar-de-manuten%C3%A7%C3%A3o-predial-at-promont-4446650772,Auxiliar de Manutenção Predial,,scraped,2026-08-07T18:53:22.536914,
3cb3617dc23e81e8,https://br.linkedin.com/jobs/view/desenvolver-web-j%C3%BAnior-at-rh-mattos-4448602540,Desenvolver Web Júnior,,scraped,2026-08-07T18:53:30.928954,
572fd1b1289f310a,https://br.linkedin.com/jobs/view/operador-de-perec%C3%ADveis-fiambreria-at-unidasul-distribuidora-aliment%C3%ADcia-s-a-4445560864,Operador de Perecíveis Fiambreria,,scraped,2026-08-07T18:53:40.204416,
3ed9ab1263794fed,https://br.linkedin.com/jobs/view/montador-turno-2-at-mebrafe-refrigera%C3%A7%C3%A3o-industrial-4448530733,Montador - Turno 2,,scraped,2026-08-07T18:53:49.377528,
26b2ae11b7a10fd2,https://br.linkedin.com/jobs/view/almoxarife-turno-2-at-mebrafe-refrigera%C3%A7%C3%A3o-industrial-4448545486,Almoxarife - Turno 2,,scraped,2026-08-07T18:53:57.121495,
d34c89b0e4f2cf0a,https://br.linkedin.com/jobs/view/corretor-de-im%C3%B3veis-at-agora-cia-imobili%C3%A1ria-4446234803,Corretor de imóveis,,scraped,2026-08-07T18:54:04.768680,
4c44b3b58a1bf271,https://br.linkedin.com/jobs/view/operador-de-cart%C3%B5es-at-prefeitura-de-santo-andr%C3%A9-4445824373,Operador de Cartões,Prefeitura de Santo André,failed|wp_post_failed,2026-08-07T18:54:28.051038,
3d9a8346400767a4,https://br.linkedin.com/jobs/view/motorista-vagas-profissionais-at-transportes-rodovia-sul-4445597114,Motorista - Vagas Profissionais,,scraped,2026-08-07T18:54:30.705832,
da72baf92227637c,https://br.linkedin.com/jobs/view/sinaleiro-de-guindaste-at-interlig-rh-4447596018,Sinaleiro De Guindaste,,scraped,2026-08-07T18:54:54.200426,
ca32c55e5d4e85e9,https://br.linkedin.com/jobs/view/consultor-t%C3%A9cnico-de-atendimento-at-selsul-recursos-humanos-4445541997,Consultor Técnico de Atendimento,,scraped,2026-08-07T18:55:02.424577,
e94d7bd4161d352c,https://br.linkedin.com/jobs/view/motorista-coleta-e-entrega-at-cursor-4445573085,Motorista - Coleta E Entrega,,scraped,2026-08-07T18:55:09.920194,
17f20d09540677de,https://br.linkedin.com/jobs/view/almoxarife-at-hyva-do-brasil-4448482272,Almoxarife,,scraped,2026-08-07T18:55:16.415614,
7f60f8df85116b55,https://br.linkedin.com/jobs/view/caldeireiro-at-jobbol-4448700330,Caldeireiro,,scraped,2026-08-07T18:55:23.658568,
ef75f56f15585c76,https://br.linkedin.com/jobs/view/auxiliar-de-a%C3%A7ougueiro-at-jobbol-4447854794,Auxiliar de Açougueiro,,scraped,2026-08-07T18:55:33.194204,
0680da122801bef2,https://br.linkedin.com/jobs/view/motorista-categoria-d-at-jobbol-4447869468,Motorista Categoria D,,scraped,2026-08-07T18:55:42.384073,
60d140bc757abadd,https://br.linkedin.com/jobs/view/auxiliar-de-pintura-at-jobbol-4449443216,Auxiliar de Pintura,,scraped,2026-08-07T18:55:50.115229,
3d62cf5a20473bf5,https://br.linkedin.com/jobs/view/coordenador-de-planejamento-at-jobbol-4449428623,Coordenador de Planejamento,,scraped,2026-08-07T18:55:57.783204,
c6b6d99d26f21c33,https://br.linkedin.com/jobs/view/encarregado-de-padaria-at-jobbol-4447863541,Encarregado de Padaria,,scraped,2026-08-07T18:56:05.470885,
a9a7f1628e2c5d93,https://br.linkedin.com/jobs/view/recepcionista-masculino-at-stv-seguran%C3%A7a-4450035133,Recepcionista Masculino,,scraped,2026-08-07T18:56:14.196691,
04af722e33052dc2,https://br.linkedin.com/jobs/view/promoter-telefonia-unieuro-reggio-emilia-at-cosine-italy-4448821274,PROMOTER TELEFONIA | UNIEURO REGGIO EMILIA,,scraped,2026-08-07T18:56:20.700623,
92636faff16a0328,https://br.linkedin.com/jobs/view/auxiliar-de-limpeza-feminino-poa-condom%C3%ADnios-at-stv-seguran%C3%A7a-4445567036,Auxiliar De Limpeza feminino POA Condomínios,,scraped,2026-08-07T18:56:27.385342,
061be7c90b85c097,https://br.linkedin.com/jobs/view/auxiliar-de-montagem-de-tratores-at-jobbol-4449030989,Auxiliar de Montagem de Tratores,,scraped,2026-08-07T18:56:33.793452,
5fbbf37be7a7fe2a,https://br.linkedin.com/jobs/view/auxiliar-de-a%C3%A7ougue-at-jobbol-4449967074,Auxiliar de Açougue,,scraped,2026-08-07T18:56:41.538321,
26ad30879d49e2ef,https://br.linkedin.com/jobs/view/manuten%C3%A7%C3%A3o-predial-%E2%80%93-s%C3%A3o-leopoldo-sapucaia-do-sul-%E2%80%93-rs-vagas-profissionais-at-manuservicers-4445581988,Manutenção Predial – São Leopoldo / Sapucaia do Sul – RS - Vagas Profissionais,ManuServiceRS,failed|wp_post_failed,2026-08-07T18:57:08.274755,
98f7a1401eb2d7d7,https://br.linkedin.com/jobs/view/ajudante-de-dep%C3%B3sito-j%C3%BAnior-at-jobbol-4448878789,Ajudante de Depósito Júnior,,scraped,2026-08-07T18:57:10.941832,
6808c1586ee1a6f6,https://br.linkedin.com/jobs/view/auxiliar-de-servi%C3%A7os-gerais-masculino-poa-condom%C3%ADnios-bairro-bela-vista-at-stv-seguran%C3%A7a-4445554962,Auxiliar de Serviços Gerais masculino POA Condomínios - Bairro Bela Vista,,scraped,2026-08-07T18:57:18.526671,
2d527bf7f297dd6c,https://br.linkedin.com/jobs/view/auxiliar-de-limpeza-servi%C3%A7os-gerais-porto-alegre-ofertas-de-emprego-at-pequena-casa-da-crian%C3%A7a-4448096306,Auxiliar de Limpeza/Serviços Gerais - Porto Alegre - Ofertas de Emprego,,scraped,2026-08-07T18:57:25.275159,
8b8bbc519a89225f,https://br.linkedin.com/jobs/view/balconista-tarde-at-supermercados-andreazza-4449797681,Balconista Tarde,,scraped,2026-08-07T18:57:33.306615,
03de711076d3b295,https://br.linkedin.com/jobs/view/balconista-tarde-at-supermercados-andreazza-4448216143,Balconista Tarde,,scraped,2026-08-07T18:57:42.439683,
0a42a1b8f2453904,https://br.linkedin.com/jobs/view/sales-ambassador-pesaro-e-urbino-at-cosine-italy-4448047526,SALES AMBASSADOR | PESARO E URBINO,,scraped,2026-08-07T18:57:51.681673,
a151f1334c75fb09,https://br.linkedin.com/jobs/view/impressor-gr%C3%A1fico-at-jobbol-4447740044,Impressor Gráfico,,scraped,2026-08-07T18:57:58.611456,
99edc4ab0f2b6369,https://br.linkedin.com/jobs/view/analista-de-desenvolvimento-de-produto-at-jobbol-4449904346,Analista de Desenvolvimento de Produto,,scraped,2026-08-07T18:58:07.222884,
b934bae45a317446,https://br.linkedin.com/jobs/view/auxiliar-de-obras-at-jobbol-4449968050,Auxiliar de Obras,,scraped,2026-08-07T18:58:14.802611,
867b1afd373b9774,https://br.linkedin.com/jobs/view/operador-de-caixa-manh%C3%A3-at-supermercados-andreazza-4449312481,Operador de Caixa manhã,,scraped,2026-08-07T18:58:24.262735,
c1f68667ef0dc694,https://br.linkedin.com/jobs/view/operador-de-caixa-manh%C3%A3-at-supermercados-andreazza-4450007261,Operador de Caixa manhã,,scraped,2026-08-07T18:58:33.614606,
4631b4a47a1b8d9d,https://br.linkedin.com/jobs/view/operador-de-caixa-manh%C3%A3-at-supermercados-andreazza-4449796773,Operador de Caixa manhã,,scraped,2026-08-07T18:58:42.389308,
c56f52b7f39fd0d0,https://br.linkedin.com/jobs/view/operador-de-caixa-manh%C3%A3-at-supermercados-andreazza-4448598302,Operador de Caixa manhã,,scraped,2026-08-07T18:58:51.387033,
f87e025b19b6eb98,https://br.linkedin.com/jobs/view/auxiliar-de-servi%C3%A7os-gerais-vagas-profissionais-at-pequena-casa-da-crian%C3%A7a-4448098348,Auxiliar de Serviços Gerais - Vagas Profissionais,,scraped,2026-08-07T18:59:00.325044,
cc4e34cf579992b8,https://br.linkedin.com/jobs/view/operador-de-caixa-tarde-at-supermercados-andreazza-4449789884,Operador de Caixa tarde,,scraped,2026-08-07T18:59:10.365416,
dd7f39a444b91f16,https://br.linkedin.com/jobs/view/operador-de-caixa-tarde-at-supermercados-andreazza-4449312482,Operador de Caixa tarde,,scraped,2026-08-07T18:59:19.394685,
cddb5c32cbe36abb,https://br.linkedin.com/jobs/view/operador-de-corte-e-montagem-1-e-2-turno-at-pertencer-desenvolvimento-humano-e-organizacional-4445579056,Operador de Corte e Montagem (1 e 2 turno),,scraped,2026-08-07T18:59:29.175432,
068249ba5e56349d,https://br.linkedin.com/jobs/view/promotor-de-vendas-campo-bom-rs-at-jbs-4438714874,Promotor de Vendas - Campo Bom/RS,JBS,failed|wp_post_failed,2026-08-07T18:59:58.225199,
3096c1c6f0131ddc,https://br.linkedin.com/jobs/view/operador-de-caixa-at-supermercados-andreazza-4450359199,Operador de Caixa,,scraped,2026-08-07T19:00:01.127837,
b21b2dbe55efae4b,https://br.linkedin.com/jobs/view/assistente-de-credi%C3%A1rio-at-magalu-4449407822,ASSISTENTE DE CREDIÁRIO,Magalu,failed|wp_post_failed,2026-08-07T19:00:31.552019,
f5a69f1d86da1f4a,https://br.linkedin.com/jobs/view/operador-de-caixa-manh%C3%A3-at-supermercados-andreazza-4448219076,Operador de Caixa Manhã,,scraped,2026-08-07T19:00:34.172040,
bd2b8e9adda7619f,https://br.linkedin.com/jobs/view/operador-de-caixa-manh%C3%A3-at-supermercados-andreazza-4448204362,Operador de Caixa Manhã,,scraped,2026-08-07T19:00:43.550379,
1f1c81c7244063fd,https://br.linkedin.com/jobs/view/serralheiro-%E2%80%93-gua%C3%ADba-%E2%80%93-rs-gua%C3%ADba-ofertas-de-emprego-at-manuservicers-4447380345,Serralheiro – Guaíba – RS - Guaíba - Ofertas de Emprego,ManuServiceRS,failed|wp_post_failed,2026-08-07T19:01:07.774942,
f509f96881fcf465,https://br.linkedin.com/jobs/view/montador-eletr%C3%B4nico-at-jobbol-4446276566,Montador Eletrônico,,scraped,2026-08-07T19:01:10.402484,
1b418d46452fdf44,https://br.linkedin.com/jobs/view/controlador-de-produ%C3%A7%C3%A3o-at-jobbol-4449429525,Controlador de Produção,,scraped,2026-08-07T19:01:18.461212,
1cc5df07f2e6c0a2,https://br.linkedin.com/jobs/view/auxiliar-de-cozinha-vin%C3%ADcola-at-tomasi-rh-4448543462,Auxiliar de Cozinha ( Vinícola ),,scraped,2026-08-07T19:01:26.269032,
6ae4e7d36b6278dd,https://br.linkedin.com/jobs/view/instalador-de-sistemas-de-seguran%C3%A7a-eletr%C3%B4nica-porto-aleg-porto-alegre-ofertas-de-emprego-at-graber-sistemas-de-seguran%C3%A7a-4446609443,Instalador de Sistemas de Segurança Eletrônica | Porto Aleg... - Porto Alegre - Ofertas de Emprego,,scraped,2026-08-07T19:01:33.347787,
ba07c028ffe40fda,https://br.linkedin.com/jobs/view/sales-promoter-telefonia-mediaworld-tavagnacco-udine-at-cosine-italy-4448091061,SALES PROMOTER TELEFONIA | MEDIAWORLD TAVAGNACCO | UDINE,,scraped,2026-08-07T19:01:41.822948,
75157bf1aa240948,https://br.linkedin.com/jobs/view/balconista-at-supermercados-andreazza-4449790822,Balconista,,scraped,2026-08-07T19:01:48.426203,
da960761aa2f1b7d,https://br.linkedin.com/jobs/view/porteiro-ferista-poa-condom%C3%ADnios-cnh-a-ou-ab-at-stv-seguran%C3%A7a-4450017962,Porteiro Ferista POA Condomínios - CNH A ou AB,,scraped,2026-08-07T19:01:57.924277,
2c9175b88aac0d01,https://br.linkedin.com/jobs/view/auxiliar-de-a%C3%A7ougue-vagas-profissionais-at-unisuper-4445831904,Auxiliar de Açougue - Vagas Profissionais,UniSuper,failed|wp_post_failed,2026-08-07T19:02:28.313452,
7d958d86f9022610,https://br.linkedin.com/jobs/view/lojas-renner-auxiliar-de-estoque-park-shopping-canoas-at-lojas-renner-s-a-4429371129,|LOJAS RENNER| Auxiliar de Estoque - PARK SHOPPING CANOAS,,scraped,2026-08-07T19:02:31.272291,
93a0a70cbb4263aa,https://br.linkedin.com/jobs/view/balconista-integral-at-supermercados-andreazza-4448581620,Balconista integral,,scraped,2026-08-07T19:02:40.446616,
3a0cb7a48f6ac0f8,https://br.linkedin.com/jobs/view/balconista-integral-at-supermercados-andreazza-4449311510,Balconista integral,,scraped,2026-08-07T19:02:49.491729,
19d140a9752457f8,https://br.linkedin.com/jobs/view/sales-ambassador-verbano-cusio-ossola-at-cosine-italy-4448038614,SALES AMBASSADOR | VERBANO-CUSIO-OSSOLA,,scraped,2026-08-07T19:02:58.039608,
3cbb5912a312d872,https://br.linkedin.com/jobs/view/a%C3%A7ougueiro-%E2%80%93-zona-norte-%E2%80%93-porto-alegre-%E2%80%93-rs-porto-alegre-ofertas-de-emprego-at-unisuper-4445841138,Açougueiro – Zona Norte – Porto Alegre – RS - Porto Alegre - Ofertas de Emprego,UniSuper,failed|wp_post_failed,2026-08-07T19:03:27.574436,
d6984cdd7ece0ce8,https://br.linkedin.com/jobs/view/auxiliar-de-cozinha-at-jobbol-4446280451,Auxiliar de Cozinha,,scraped,2026-08-07T19:03:30.157310,
b088c9dad70578f9,https://br.linkedin.com/jobs/view/vaga-para-pessoa-com-defici%C3%AAncia-pcd-at-alimentos-zaeli-4445560866,Vaga para Pessoa com Deficiência (PCD),,scraped,2026-08-07T19:03:38.306244,
2016c47f8e34adf2,https://br.linkedin.com/jobs/view/sales-ambassador-trapani-at-cosine-italy-4448052536,SALES AMBASSADOR | TRAPANI,,scraped,2026-08-07T19:03:45.692556,
c1f973c5d2061809,https://br.linkedin.com/jobs/view/tutor-presencial-%C3%B3ptica-e-optometria-at-fsg-centro-universit%C3%A1rio-da-serra-ga%C3%BAcha-4446255925,TUTOR PRESENCIAL (ÓPTICA E OPTOMETRIA),FSG - Centro Universitário da Serra Gaúcha,failed|wp_post_failed,2026-08-07T19:04:10.393559,
3e89227806f445e2,https://br.linkedin.com/jobs/view/analista-fiscal-at-jobbol-4448108576,Analista Fiscal,,scraped,2026-08-07T19:04:13.442704,
b0fb6ff66877487c,https://br.linkedin.com/jobs/view/auxiliar-de-expedi%C3%A7%C3%A3o-at-jobbol-4448701354,Auxiliar de Expedição,,scraped,2026-08-07T19:04:22.236492,
56af3e45866aa6be,https://br.linkedin.com/jobs/view/operador-de-m%C3%A1quinas-at-pertencer-desenvolvimento-humano-e-organizacional-4445576287,Operador de máquinas,,scraped,2026-08-07T19:04:29.815328,
e9d7174c120f8058,https://br.linkedin.com/jobs/view/analista-de-departamento-pessoal-em-escrit%C3%B3rio-de-contabilidade-at-cic-empregos-4450002574,Analista de departamento pessoal em escritório de contabilidade,,scraped,2026-08-07T19:04:38.439807,
c05416520d65ae26,https://br.linkedin.com/jobs/view/motorista-micro-%C3%B4nibus-07-20-at-via%C3%A7%C3%A3o-santa-tereza-4449144279,Motorista Micro-Ônibus 07:20,,scraped,2026-08-07T19:04:45.122290,
f4783efead7fcaf4,https://br.linkedin.com/jobs/view/oficial-de-manuten%C3%A7%C3%A3o-predial-volante-regi%C3%A3o-sul-at-lojas-torra-4447304476,OFICIAL DE MANUTENÇÃO PREDIAL  - VOLANTE (REGIÃO SUL),Lojas Torra,failed|wp_post_failed,2026-08-07T19:05:12.873689,
997f1e5e3383f161,https://br.linkedin.com/jobs/view/animale-auxiliar-de-servi%C3%A7os-gerais-iguatemi-porto-alegre-at-animale-4450098796,ANIMALE | AUXILIAR DE SERVIÇOS GERAIS | IGUATEMI PORTO ALEGRE,,scraped,2026-08-07T19:05:15.856798,
05c85ac1ddb78c6c,https://br.linkedin.com/jobs/view/operador-de-caixa-at-supermercados-andreazza-4448249682,Operador de Caixa,,scraped,2026-08-07T19:05:22.599676,
be6dc3c93177c66c,https://br.linkedin.com/jobs/view/auxiliar-de-pintura-at-grupo-darcy-pacheco-4447338254,Auxiliar de Pintura,,scraped,2026-08-07T19:05:31.592012,
309f00e50e9617dc,https://br.linkedin.com/jobs/view/auxiliar-de-produ%C3%A7%C3%A3o-at-bom-princ%C3%ADpio-alimentos-4450355618,Auxiliar de Produção,,scraped,2026-08-07T19:05:38.936433,
b0e08baa11e69d47,https://br.linkedin.com/jobs/view/credi%C3%A1rio-at-lojas-lebes-4450674254,Crediário,Lojas Lebes,failed|wp_post_failed,2026-08-07T19:06:42.432519,
98b06b93370fa59a,https://br.linkedin.com/jobs/view/operador-de-empilhadeira-at-grupo-imec-4445574140,Operador de empilhadeira,,scraped,2026-08-07T19:06:45.165798,
7f92457b8f94a963,https://br.linkedin.com/jobs/view/porteiro-%E2%80%93-porto-alegre-%E2%80%93-rs-vagas-profissionais-at-zanc-assessoria-nacional-de-cobran%C3%A7a-4445849044,Porteiro – Porto Alegre – RS - Vagas Profissionais,ZANC Assessoria Nacional de Cobrança,failed|wp_post_failed,2026-08-07T19:07:08.515972,
9bb2e2b1c1825d16,https://br.linkedin.com/jobs/view/serralheiro-at-altero-design-4445572032,Serralheiro,Altero Design,failed|wp_post_failed,2026-08-07T19:07:26.498389,
72290450079d7c35,https://br.linkedin.com/jobs/view/auxiliar-de-manuten%C3%A7%C3%A3o-at-col%C3%A9gio-sinodal-s%C3%A3o-leopoldo-4446205480,Auxiliar de Manutenção,,scraped,2026-08-07T19:07:29.244187,
1dec92f6836a3f52,https://br.linkedin.com/jobs/view/full-stack-developer-python-%2B-js-remote-work-ref%23296712-at-bairesdev-4435342309,Full Stack Developer - Python + JS - Remote Work | REF#296712,BairesDev,failed|wp_post_failed,2026-08-07T19:07:51.847310,
37572f3832482a5a,https://br.linkedin.com/jobs/view/auxiliar-de-produ%C3%A7%C3%A3o-at-fruki-bebidas-4448059885,Auxiliar de Produção,,scraped,2026-08-07T19:07:54.551599,
e0ea65b5a5e17e39,https://br.linkedin.com/jobs/view/vaga-exclusiva-para-pcd-at-giordani-turismo-ltda-4445586234,Vaga exclusiva para PCD,Giordani Turismo Ltda,failed|wp_post_failed,2026-08-07T19:08:16.960570,
87c5ea7d9ad23ffe,https://br.linkedin.com/jobs/view/recepcionista-at-selsul-recursos-humanos-4445571035,Recepcionista,,scraped,2026-08-07T19:08:19.533125,
ab63fb4f5a12229e,https://br.linkedin.com/jobs/view/montador-de-m%C3%A1quinas-at-agencia-santo-emprego-4449133475,Montador de Máquinas,Agencia Santo Emprego,failed|wp_post_failed,2026-08-07T19:08:41.505180,
caf8f786ad91bce7,https://br.linkedin.com/jobs/view/vagas-operacionais-de-loja-at-unisuper-4445576315,Vagas Operacionais de Loja,UniSuper,failed|wp_post_failed,2026-08-07T19:09:07.438888,
e865333dc29a3637,https://br.linkedin.com/jobs/view/planejador-de-materiais-at-inbetta-4446274030,PLANEJADOR DE MATERIAIS,,scraped,2026-08-07T19:09:10.128006,
34caa838705a6669,https://br.linkedin.com/jobs/view/a%C3%A7ougueiro-%E2%80%93-zona-norte-%E2%80%93-porto-alegre-%E2%80%93-rs-vagas-profissionais-at-unisuper-4445849001,Açougueiro – Zona Norte – Porto Alegre – RS - Vagas Profissionais,UniSuper,failed|wp_post_failed,2026-08-07T19:09:41.941926,
de903df18559fdd6,https://br.linkedin.com/jobs/view/excursion-skadar-lake-at-globtour-montenegro-4449065891,Excursion Skadar Lake,,scraped,2026-08-07T19:09:44.696522,
ae517b3ccd38c4bb,https://br.linkedin.com/jobs/view/apartamento-2-quartos-%C3%A0-venda-90-m%C2%B2-moinhos-de-vento-porto-alegre-at-don-investimentos-imobiliarios-4448900722,"Apartamento, 2 quartos, à venda, 90 m², Moinhos de Vento - Porto Alegre",,scraped,2026-08-07T19:09:51.654796,
2dba55c880d03cbe,https://br.linkedin.com/jobs/view/supervisor-de-vendas-lajeado-at-conex%C3%A3o-rh-4445566221,Supervisor de Vendas Lajeado,CONEXÃO RH,failed|wp_post_failed,2026-08-07T19:10:16.493678,
7c44f8dc8e7a494c,https://br.linkedin.com/jobs/view/assessor-de-investimentos-at-profitto-growth-4450320696,Assessor de Investimentos,Profitto Growth,failed|wp_post_failed,2026-08-07T19:10:36.069177,
b4e5129690511542,https://br.linkedin.com/jobs/view/recepcionista-sala-de-vendas-gramado-rs-at-gav-resorts-4450304604,Recepcionista | Sala de Vendas | Gramado - RS,GAV Resorts,failed|wp_post_failed,2026-08-07T19:10:57.253772,
d28e7e82ce47ba30,https://br.linkedin.com/jobs/view/community-manager-i-ga%C3%BAcha-esportes%0Aporto-alegre-rs-and-hybrid%0Afull-time-employee-at-grupo-rbs-4448473934,"Community Manager I | Gaúcha Esportes
Porto Alegre - RS and Hybrid
Full-time employee",,scraped,2026-08-07T19:10:59.941828,
c2fc374ce0d80645,https://br.linkedin.com/jobs/view/analista-de-log%C3%ADstica-at-tomasi-rh-4448901333,Analista de Logística,,scraped,2026-08-07T19:11:07.112577,
6a0d5e171f40c3e1,https://br.linkedin.com/jobs/view/meio-oficial-manuten%C3%A7%C3%A3o-industrial-vagas-profissionais-at-manuservicers-4445587930,Meio Oficial Manutenção Industrial - Vagas Profissionais,ManuServiceRS,failed|wp_post_failed,2026-08-07T19:11:28.644422,
27655086c21aee6e,https://br.linkedin.com/jobs/view/recepcionista-at-wizard-by-pearson-4445571417,Recepcionista,,scraped,2026-08-07T19:11:31.155157,
eac21f3a65ee4f32,https://br.linkedin.com/jobs/view/atendente-interno-de-alarmes-%E2%80%93-gravata%C3%AD-%E2%80%93-rs-vagas-profissionais-at-graber-sistemas-de-seguran%C3%A7a-4445593154,Atendente Interno de Alarmes – Gravataí – RS - Vagas Profissionais,,scraped,2026-08-07T19:11:37.882992,
ff4bc4b96d76fc02,https://br.linkedin.com/jobs/view/auxiliar-de-produ%C3%A7%C3%A3o-s%C3%A3o-leopoldo-ofertas-de-emprego-at-unique-rubber-4445843029,Auxiliar de Produção - São Leopoldo - Ofertas de Emprego,Unique Rubber,failed|wp_post_failed,2026-08-07T19:12:00.004421,
3d28eca5070ef860,https://br.linkedin.com/jobs/view/assistente-de-manuten%C3%A7%C3%A3o-predial-at-promont-4448460032,Assistente de Manutenção Predial,,scraped,2026-08-07T19:12:02.688147,
89b7c6d27c3225a0,https://br.linkedin.com/jobs/view/motorista-hab-b-at-amurt-amurtel-porto-alegre-rs-4448628316,Motorista - Hab B,,scraped,2026-08-07T19:12:11.143663,
77f732d0745a8795,https://br.linkedin.com/jobs/view/analista-de-compras-at-lampert-rh-digital-4450043038,Analista de Compras,,scraped,2026-08-07T19:12:18.705446,
13b5f83900c6925a,https://br.linkedin.com/jobs/view/auxiliar-de-dep%C3%B3sito-at-lojas-lebes-4449691033,Auxiliar de Depósito,Lojas Lebes,failed|wp_post_failed,2026-08-07T19:13:20.323636,
312abbe542285233,https://br.linkedin.com/jobs/view/operacional-asun-cachoeirinha-i-at-asun-supermercados-4449069477,Operacional - Asun Cachoeirinha I,,scraped,2026-08-07T19:13:23.047632,
ca6f565be9ce9562,https://br.linkedin.com/jobs/view/operador-de-caixa-domingo-at-cooperativa-santa-clara-4447406084,Operador de Caixa - Domingo,,scraped,2026-08-07T19:13:32.240996,
cfa4d99fd53eed88,https://br.linkedin.com/jobs/view/operador-de-maquina-injetora-at-d-zainer-4450021884,Operador de Maquina Injetora,,scraped,2026-08-07T19:13:39.813362,
ca756bd9f1a6985b,https://br.linkedin.com/jobs/view/assistente-de-loca%C3%A7%C3%B5es-at-cursor-4445568127,Assistente De Locações,,scraped,2026-08-07T19:13:47.809028,
1e0aa31418b36e37,https://br.linkedin.com/jobs/view/instrutor-a-de-portugu%C3%AAs-at-grau-t%C3%A9cnico-4445574262,Instrutor(a) de Português,Grau Técnico,failed|wp_post_failed,2026-08-07T19:14:11.199139,
06dd68c718c6619e,https://br.linkedin.com/jobs/view/auxiliar-de-projetos-4450693710,Auxiliar de projetos,Irmaos Weiand,failed|wp_post_failed,2026-08-07T19:14:26.759378,
705edde9eca37cdb,https://br.linkedin.com/jobs/view/bdr-business-development-representative-2026-at-agidesk-4447312867,BDR (Business Development Representative) 2026,Agidesk,failed|wp_post_failed,2026-08-07T19:14:48.302764,
4392762b51bb5ce2,https://br.linkedin.com/jobs/view/gerente-de-loja-vivo-estrela-rs-at-alea-s-a-4449914756,Gerente de Loja Vivo - Estrela RS,Alea S.A.,failed|wp_post_failed,2026-08-07T19:15:08.421702,
ae95e01e0cb87219,https://br.linkedin.com/jobs/view/atendente-comercial-at-unidasul-distribuidora-aliment%C3%ADcia-s-a-4445822409,Atendente Comercial,,scraped,2026-08-07T19:15:11.111776,
78e2dcdaa0f9e1f9,https://br.linkedin.com/jobs/view/repositor-de-mercadorias-santa-cruz-do-sul-rs-at-grupo-mazzini-administracao-e-empreitas-4449965599,Repositor de Mercadorias -Santa Cruz do Sul - RS,,scraped,2026-08-07T19:15:20.785848,
7985dfdcd963381c,https://br.linkedin.com/jobs/view/analista-de-projetos-de-sistemas-at-bento-empregos-4447717371,Analista de Projetos de Sistemas,,scraped,2026-08-07T19:15:29.995246,
a3f463ad4300e96e,https://br.linkedin.com/jobs/view/profissional-de-apoio-escolar-porto-alegre-ofertas-de-emprego-at-pequena-casa-da-crian%C3%A7a-4447366839,Profissional de Apoio Escolar - Porto Alegre - Ofertas de Emprego,,scraped,2026-08-07T19:15:42.403670,
ca5219ed2f8c9480,https://br.linkedin.com/jobs/view/ambev-operador-a-de-envase-cervejaria-%C3%A1guas-claras-do-sul-viam%C3%A3o-at-ambev-4439484049,Ambev | Operador (a) de Envase (Cervejaria Águas Claras do Sul | Viamão),Ambev,failed|wp_post_failed,2026-08-07T19:16:10.030819,
d308496d214f80f7,https://br.linkedin.com/jobs/view/eletricista-de-veiculos-i-at-mercurio-4445587043,ELETRICISTA DE VEICULOS I,Mercurio,failed|wp_post_failed,2026-08-07T19:16:27.602949,
05c71daf91114d5b,https://br.linkedin.com/jobs/view/operador-de-grava%C3%A7%C3%A3o-presencial-farroupilha-rs-at-clicheria-blumenau-grupo-blumenau-4447566504,Operador de Gravação | Presencial | Farroupilha/RS,,scraped,2026-08-07T19:16:30.366085,
5a16951d9437004d,https://br.linkedin.com/jobs/view/assistente-de-departamento-pessoal-at-buzin-transportes-4450042024,Assistente de departamento pessoal,,scraped,2026-08-07T19:16:40.170047,
c830e656ef64081d,https://br.linkedin.com/jobs/view/english-teacher-at-dive-english-school-4448493020,English Teacher,Dive English School,failed|wp_post_failed,2026-08-07T19:17:12.242444,
6a6a75c82367568c,https://br.linkedin.com/jobs/view/analista-cotador-j%C3%BAnior-agro-at-pansera-corretora-de-seguros-4446676707,Analista Cotador Júnior (Agro),,scraped,2026-08-07T19:17:14.957978,
ede0492132819b85,https://br.linkedin.com/jobs/view/auxiliar-de-almoxarifado-at-tholz-wellness-evolution-4447597024,Auxiliar De Almoxarifado,,scraped,2026-08-07T19:17:23.959036,
965e20f371ce4b8c,https://br.linkedin.com/jobs/view/operatore-telefonico-gestione-clienti-at-best-of-rent-agenzia-leasys-4450684857,OPERATORE TELEFONICO / GESTIONE CLIENTI,,scraped,2026-08-07T19:17:35.821214,
23f6a70d69838961,https://br.linkedin.com/jobs/view/auxiliar-de-produ%C3%A7%C3%A3o-at-jobbol-4447833778,Auxiliar de Produção,,scraped,2026-08-07T19:17:45.078532,
64e3205f4a36e64a,https://br.linkedin.com/jobs/view/operador-de-elevador-de-cremalheira-at-jobbol-4449694404,Operador de Elevador de Cremalheira,,scraped,2026-08-07T19:17:54.117361,
4bd47ca2c52b9165,https://br.linkedin.com/jobs/view/sales-ambassador-salerno-at-cosine-italy-4448808942,SALES AMBASSADOR | SALERNO,,scraped,2026-08-07T19:18:03.099572,
32a7db3bdeec175f,https://br.linkedin.com/jobs/view/sales-ambassador-livorno-at-cosine-italy-4449206583,SALES AMBASSADOR | LIVORNO,,scraped,2026-08-07T19:18:09.584520,
f3323e6f85c1cb10,https://br.linkedin.com/jobs/view/auxiliar-de-manuten%C3%A7%C3%A3o-at-jobbol-4448616000,Auxiliar de Manutenção,,scraped,2026-08-07T19:18:16.230240,
6f96692f2645bd25,https://br.linkedin.com/jobs/view/sales-ambassador-torino-at-cosine-italy-4448036607,SALES AMBASSADOR | TORINO,,scraped,2026-08-07T19:18:25.166684,
a53951ec5389f421,https://br.linkedin.com/jobs/view/sales-ambassador-taranto-at-cosine-italy-4448038611,SALES AMBASSADOR | TARANTO,,scraped,2026-08-07T19:18:31.662901,
243eb49dbd9e4d46,https://br.linkedin.com/jobs/view/sales-ambassador-roma-at-cosine-italy-4448817389,SALES AMBASSADOR | ROMA,,scraped,2026-08-07T19:18:38.032570,
06341b4a0324c51e,https://br.linkedin.com/jobs/view/auxiliar-de-expedi%C3%A7%C3%A3o-at-jobbol-4448136109,Auxiliar de Expedição,,scraped,2026-08-07T19:18:44.700971,
08f8cb73edbfc6b9,https://br.linkedin.com/jobs/view/desenvolvedor-de-automa%C3%A7%C3%B5es-pleno-at-jobbol-4447843635,Desenvolvedor de Automações Pleno,,scraped,2026-08-07T19:18:52.651758,
59a6289594e0e7a6,https://br.linkedin.com/jobs/view/sales-ambassador-palermo-at-cosine-italy-4448053493,SALES AMBASSADOR | PALERMO,,scraped,2026-08-07T19:19:00.364632,
cad681092251e8bf,https://br.linkedin.com/jobs/view/consultor-de-loca%C3%A7%C3%A3o-de-im%C3%B3veis-at-jobbol-4449429523,Consultor de Locação de Imóveis,,scraped,2026-08-07T19:19:06.779374,
496d991d72f358c7,https://br.linkedin.com/jobs/view/a%C3%A7ougueiro-at-jobbol-4447848458,Açougueiro,Jobbol,failed|wp_post_failed,2026-08-07T19:19:37.086683,
4402d5900fedc0fc,https://br.linkedin.com/jobs/view/sales-ambassador-agrigento-at-cosine-italy-4448826238,SALES AMBASSADOR | AGRIGENTO,,scraped,2026-08-07T19:19:39.554948,
f1c5bf3928bf47f8,https://br.linkedin.com/jobs/view/sales-promoter-telefonia-unieuro-martignacco-ud-at-cosine-italy-4448962793,SALES PROMOTER TELEFONIA | UNIEURO MARTIGNACCO | UD,,scraped,2026-08-07T19:19:45.788557,
f59237f7492ea06a,https://br.linkedin.com/jobs/view/sales-ambassador-pistoia-at-cosine-italy-4448453407,SALES AMBASSADOR | PISTOIA,,scraped,2026-08-07T19:19:52.198429,
40e1dc367968b94c,https://br.linkedin.com/jobs/view/auxiliar-de-cozinha-at-jobbol-4448495420,Auxiliar de Cozinha,,scraped,2026-08-07T19:19:58.727364,
f4988a86a71c11fe,https://br.linkedin.com/jobs/view/sales-ambassador-foggia-at-cosine-italy-4448055508,SALES AMBASSADOR | FOGGIA,,scraped,2026-08-07T19:20:06.070088,
d7a3ca5745703598,https://br.linkedin.com/jobs/view/auxiliar-de-a%C3%A7ougue-at-jobbol-4447841699,Auxiliar de Açougue,,scraped,2026-08-07T19:20:12.613306,
31704fbbe35f2eb3,https://br.linkedin.com/jobs/view/sales-ambassador-catania-at-cosine-italy-4448817382,SALES AMBASSADOR | CATANIA,,scraped,2026-08-07T19:20:19.971467,
72a85af5553e6d3a,https://br.linkedin.com/jobs/view/auxiliar-de-perec%C3%ADveis-hortifruti-vagas-profissionais-at-unisuper-4445837250,Auxiliar de Perecíveis / Hortifruti - Vagas Profissionais,UniSuper,failed|wp_post_failed,2026-08-07T19:20:55.092146,
b7dfe32063c089a0,https://br.linkedin.com/jobs/view/team-leader-horeca-eventi-napoli-at-cosine-italy-4448433980,Team Leader | Horeca - Eventi | Napoli,,scraped,2026-08-07T19:20:57.649041,
75edf2d0c1f1f640,https://br.linkedin.com/jobs/view/sales-ambassador-cuneo-at-cosine-italy-4448828078,SALES AMBASSADOR | CUNEO,,scraped,2026-08-07T19:21:04.020697,
4d26f11862b494b7,https://br.linkedin.com/jobs/view/sales-ambassador-at-cosine-italy-4448818357,SALES AMBASSADOR,,scraped,2026-08-07T19:21:10.416598,
09067d4c3053132e,https://br.linkedin.com/jobs/view/ingenier%C3%ADa-en-electricidad-at-facultad-polit%C3%A9cnica-una-4448744121,Ingeniería en Electricidad,,scraped,2026-08-07T19:21:16.860325,
c0dac513f969e761,https://br.linkedin.com/jobs/view/sales-promoter-telefonia-cc-le-rondinelle-brescia-at-cosine-italy-4448096049,SALES PROMOTER TELEFONIA | CC LE RONDINELLE | BRESCIA,,scraped,2026-08-07T19:21:30.640934,
58d176dc0260c6ce,https://br.linkedin.com/jobs/view/operador-de-m%C3%A1quina-i-estamparia-at-pertencer-desenvolvimento-humano-e-organizacional-4445569053,Operador de Máquina I Estamparia,,scraped,2026-08-07T19:21:36.966145,
6244174a4fbedd83,https://br.linkedin.com/jobs/view/sales-promoter-telefonia-cc-il-destriero-vittuone-milano-at-cosine-italy-4448098013,SALES PROMOTER TELEFONIA | CC IL DESTRIERO | VITTUONE | MILANO,,scraped,2026-08-07T19:21:46.707041,
a22034cfeffba190,https://br.linkedin.com/jobs/view/sales-ambassador-messina-at-cosine-italy-4448818364,SALES AMBASSADOR | MESSINA,,scraped,2026-08-07T19:21:53.038906,
a4d5eb589ee76ef9,https://br.linkedin.com/jobs/view/carregador-interno-expedi%C3%A7%C3%A3o-hor%C3%A1rio-h-%C3%A0s-h-at-alimentos-zaeli-4445577197,Carregador interno- Expedição - Horário h às h,,scraped,2026-08-07T19:21:59.484563,
e111eee33a7a65f9,https://br.linkedin.com/jobs/view/sales-ambassador-siena-at-cosine-italy-4449203778,SALES AMBASSADOR | SIENA,,scraped,2026-08-07T19:22:06.233354,
d4747201b9f501dc,https://br.linkedin.com/jobs/view/auxiliar-de-produ%C3%A7%C3%A3o-borda-evviva-rs-at-grupo-bertolini-4445829404,Auxiliar de Produção Borda EVVIVA - RS,,scraped,2026-08-07T19:22:12.794548,
3bdc1357756fe533,https://br.linkedin.com/jobs/view/analista-de-qualidade-at-pertencer-desenvolvimento-humano-e-organizacional-4445580014,Analista de qualidade,,scraped,2026-08-07T19:22:20.813541,
23cf50fae69f7282,https://br.linkedin.com/jobs/view/sales-ambassador-novara-at-cosine-italy-4448047525,SALES AMBASSADOR | NOVARA,,scraped,2026-08-07T19:22:28.669813,
e881e36bf79ab860,https://br.linkedin.com/jobs/view/sales-ambassador-biella-at-cosine-italy-4448035637,SALES AMBASSADOR | BIELLA,,scraped,2026-08-07T19:22:35.192171,
0c464a6f4946db73,https://br.linkedin.com/jobs/view/sales-ambassador-biella-at-cosine-italy-4448052533,SALES AMBASSADOR | BIELLA,,scraped,2026-08-07T19:22:41.546075,
8cd4fbb7183d2176,https://br.linkedin.com/jobs/view/fiscal-de-caixa-at-jobbol-4448497386,Fiscal de Caixa,,scraped,2026-08-07T19:22:48.022341,
e4e4e0c655d88155,https://br.linkedin.com/jobs/view/operador-de-empilhadeira-at-jobbol-4447815319,Operador de Empilhadeira,,scraped,2026-08-07T19:22:55.872000,
167a59fa8046d226,https://br.linkedin.com/jobs/view/engenheiro-de-seguran%C3%A7a-de-aplica%C3%A7%C3%B5es-checkmarx-sast-trabalho-remoto-at-bairesdev-4448558663,Engenheiro de Segurança de Aplicações (Checkmarx / SAST) - Trabalho Remoto,BairesDev,failed|wp_post_failed,2026-08-07T19:23:19.414934,
7bc520ebf37ba5c0,https://br.linkedin.com/jobs/view/sales-promoter-telefonia-galleria-bari-blu-triggiano-bari-at-cosine-italy-4448093059,SALES PROMOTER TELEFONIA GALLERIA | BARI BLU | TRIGGIANO | BARI,,scraped,2026-08-07T19:23:21.924020,
735c983779dbfe56,https://br.linkedin.com/jobs/view/apartamento-at-press-im%C3%B3veis-4449041145,Apartamento,Press Imóveis,failed|wp_post_failed,2026-08-07T20:49:22.086436,
6c693bf2258133fc,https://br.linkedin.com/jobs/view/lavador-de-ve%C3%ADculos-at-pertencer-desenvolvimento-humano-e-organizacional-4445564884,Lavador de veículos,,scraped,2026-08-07T20:49:46.727089,
8830defeb1a5d52e,https://br.linkedin.com/jobs/view/camareira-at-intercity-hotels-4450284516,Camareira,,scraped,2026-08-07T20:49:54.310370,
161809ecfdb2f17e,https://br.linkedin.com/jobs/view/polidor-de-a%C3%A7o-inox-gravata%C3%AD-vagas-profissionais-at-db-4448746252,Polidor de Aço Inox - Gravataí. - Vagas Profissionais,,scraped,2026-08-07T20:50:00.716346,
46e3720921b6e610,https://br.linkedin.com/jobs/view/ajudante-de-produ%C3%A7%C3%A3o-canoas-rs-at-prefeitura-de-santo-andr%C3%A9-4445824383,Ajudante de Produção Canoas RS,Prefeitura de Santo André,failed|wp_post_failed,2026-08-07T20:50:23.556630,
4d0a55ee77d02967,https://br.linkedin.com/jobs/view/polidor-de-a%C3%A7o-inox-gravata%C3%AD-gravata%C3%AD-ofertas-de-emprego-at-db-4448747275,Polidor de Aço Inox - Gravataí. - Gravataí - Ofertas de Emprego,,scraped,2026-08-07T20:50:26.210698,
cd02686b04688b2b,https://br.linkedin.com/jobs/view/supridor-repositor-at-unidasul-distribuidora-aliment%C3%ADcia-s-a-4445568238,Supridor Repositor,,scraped,2026-08-07T20:50:33.801271,
e43ae17030b2f05a,https://br.linkedin.com/jobs/view/lavador-de-pe%C3%A7as-at-conex%C3%A3o-rh-4445568445,Lavador de Peças,CONEXÃO RH,failed|wp_post_failed,2026-08-07T20:50:58.654866,
a7fb223735c641f7,https://br.linkedin.com/jobs/view/zelador-at-jobbol-4450770276,Zelador,,scraped,2026-08-07T20:51:09.268085,
29dec234b55afd65,https://br.linkedin.com/jobs/view/retail-specialist-taranto-at-cosine-italy-4448830006,Retail Specialist | Taranto,,scraped,2026-08-07T20:51:17.235642,
9cfc9fb931bdd9db,https://br.linkedin.com/jobs/view/retail-specialist-venezia-at-cosine-italy-4448051513,Retail Specialist | Venezia,,scraped,2026-08-07T20:51:23.699383,
8aa5e90ddc2aa6d1,https://br.linkedin.com/jobs/view/retail-specialist-sassari-at-cosine-italy-4448035635,Retail Specialist | Sassari,,scraped,2026-08-07T20:51:30.008755,
2878b64b0216ba3f,https://br.linkedin.com/jobs/view/pedreiro-at-jobbol-4447817248,Pedreiro,,scraped,2026-08-07T20:51:48.323281,
0cdfb6adadea389a,https://br.linkedin.com/jobs/view/retail-specialist-ragusa-at-cosine-italy-4448822273,Retail Specialist | Ragusa,,scraped,2026-08-07T20:51:55.523032,
1af01500a3126cc9,https://br.linkedin.com/jobs/view/afiador-de-ferramentas-at-jobbol-4448138055,Afiador de Ferramentas,,scraped,2026-08-07T20:52:01.860940,
c54ed855077ce535,https://br.linkedin.com/jobs/view/retail-specialist-bergamo-at-cosine-italy-4448827168,Retail Specialist | Bergamo,,scraped,2026-08-07T20:52:09.001955,
b5087ba6fd76ae38,https://br.linkedin.com/jobs/view/padeiro-at-supermercados-andreazza-4448211289,Padeiro,,scraped,2026-08-07T20:52:27.334097,
ca652fd7b495845a,https://br.linkedin.com/jobs/view/retail-specialist-agrigento-at-cosine-italy-4448825203,Retail Specialist | Agrigento,,scraped,2026-08-07T20:52:35.781466,
7807fd2977e07328,https://br.linkedin.com/jobs/view/retail-specialist-la-spezia-at-cosine-italy-4448830005,Retail Specialist | La Spezia,,scraped,2026-08-07T20:52:42.178073,
4c288bfbc22d99fa,https://br.linkedin.com/jobs/view/retail-specialist-isernia-at-cosine-italy-4448816375,Retail Specialist | Isernia,,scraped,2026-08-07T20:52:48.682731,
7974092cf3234ba6,https://br.linkedin.com/jobs/view/promotor-igrejinha-vagas-profissionais-at-severas-merchandising-4448404203,Promotor - Igrejinha - Vagas Profissionais,,scraped,2026-08-07T20:53:07.102740,
3135449f6bf64a9c,https://br.linkedin.com/jobs/view/vaga-para-promotor-bento-gon%C3%A7alves-bento-gon%C3%A7alves-ofertas-de-emprego-at-severas-merchandising-4446611414,Vaga para Promotor- Bento Gonçalves - Bento Gonçalves - Ofertas de Emprego,,scraped,2026-08-07T20:53:14.576107,
8c80c8d13675964b,https://br.linkedin.com/jobs/view/retail-specialist-arezzo-at-cosine-italy-4448051507,Retail Specialist | Arezzo,,scraped,2026-08-07T20:53:21.456118,
437bbcc4ac0a8db2,https://br.linkedin.com/jobs/view/promotor-lajeado-6-horas-vagas-profissionais-at-severas-merchandising-4445842133,Promotor - Lajeado 6 Horas - Vagas Profissionais,,scraped,2026-08-07T20:53:28.020849,
b37d3a365c5cb1f1,https://br.linkedin.com/jobs/view/promotor-igrejinha-igrejinha-ofertas-de-emprego-at-severas-merchandising-4448086490,Promotor - Igrejinha - Igrejinha - Ofertas de Emprego,,scraped,2026-08-07T20:53:46.914754,
d7e866f9a9cbb4af,https://br.linkedin.com/jobs/view/repositor-ii-at-supermercados-andreazza-4449771388,Repositor II,,scraped,2026-08-07T20:53:53.857818,
11d7981531a18e48,https://br.linkedin.com/jobs/view/promotor-bento-gon%C3%A7alves-vagas-profissionais-at-severas-merchandising-4445849019,Promotor - Bento Gonçalves - Vagas Profissionais,,scraped,2026-08-07T20:54:02.332079,
636dbea30f56590b,https://br.linkedin.com/jobs/view/promotor-gravatai-vagas-profissionais-at-severas-merchandising-4445881738,Promotor - Gravatai - Vagas Profissionais,,scraped,2026-08-07T20:54:09.458017,
e797305838c10ec0,https://br.linkedin.com/jobs/view/auxiliar-de-limpeza-alvorada-ofertas-de-emprego-at-jose-itamar-dos-santos-penteado-4448090404,Auxiliar de Limpeza - Alvorada - Ofertas de Emprego,Jose Itamar Dos Santos Penteado,failed|wp_post_failed,2026-08-07T20:54:43.481109,
3e5acad961ad4a4b,https://br.linkedin.com/jobs/view/porteiro-at-jobbol-4448493410,Porteiro,,scraped,2026-08-07T20:54:46.057006,
b09e0fc832ac7d7d,https://br.linkedin.com/jobs/view/camareira-12x36-motel-at-tomasi-rh-4449764611,Camareira 12x36 - Motel,,scraped,2026-08-07T20:54:53.210735,
0d374c4e8c11dbf4,https://br.linkedin.com/jobs/view/promotor-viam%C3%A3o-vagas-profissionais-at-severas-merchandising-4445834945,Promotor - Viamão - Vagas Profissionais,,scraped,2026-08-07T20:55:00.126543,
f189d71721dac043,https://br.linkedin.com/jobs/view/auxiliar-de-limpeza-at-jobbol-4449963776,Auxiliar de Limpeza,,scraped,2026-08-07T20:55:19.067585,
37a3c7ab0c56e0e1,https://br.linkedin.com/jobs/view/padeiro-%E2%80%93-zona-norte-%E2%80%93-porto-alegre-%E2%80%93-rs-vagas-profissionais-at-unisuper-4445841090,Padeiro – Zona Norte – Porto Alegre – RS - Vagas Profissionais,UniSuper,failed|wp_post_failed,2026-08-07T20:55:50.135013,
9a3be8899dd0890f,https://br.linkedin.com/jobs/view/promotor-a-farroupilha-vagas-profissionais-at-severas-merchandising-4446614360,Promotor(A) Farroupilha - Vagas Profissionais,,scraped,2026-08-07T20:55:52.805895,
33157b1e11ff9ef7,https://br.linkedin.com/jobs/view/promotor-sapucaia-do-sul-sapucaia-do-sul-ofertas-de-emprego-at-severas-merchandising-4445834880,Promotor - Sapucaia do Sul - Sapucaia do Sul - Ofertas de Emprego,,scraped,2026-08-07T20:55:59.780704,
527122512531d100,https://br.linkedin.com/jobs/view/sala-at-press-im%C3%B3veis-4450085249,Sala,Press Imóveis,failed|wp_post_failed,2026-08-07T20:56:32.009760,
70e20bd186857812,https://br.linkedin.com/jobs/view/commis-di-pasticceria-cannavacciuolo-bistrot-torino-at-cannavacciuolo-group-4450023517,Commis di Pasticceria - Cannavacciuolo Bistrot Torino,,scraped,2026-08-07T20:56:40.588142,
2f287a384801d791,https://br.linkedin.com/jobs/view/padeiro-%E2%80%93-porto-alegre-%E2%80%93-rs-vagas-profissionais-at-unisuper-4445835820,Padeiro – Porto Alegre – RS - Vagas Profissionais,UniSuper,failed|wp_post_failed,2026-08-07T20:57:10.898667,
1a644ae43a432206,https://br.linkedin.com/jobs/view/hr-amministrazione-personale-at-opocrin-group-4450758177,HR Amministrazione Personale,,scraped,2026-08-07T20:57:25.599271,
920634e5c2c8c550,https://br.linkedin.com/jobs/view/supridor-repositor-at-unidasul-distribuidora-aliment%C3%ADcia-s-a-4445566309,Supridor Repositor,,scraped,2026-08-07T20:57:35.175700,
1d80244f3b0fb081,https://br.linkedin.com/jobs/view/consultor-de-empreendedorismo-at-territorialize-4449329101,Consultor de Empreendedorismo,,scraped,2026-08-07T20:57:43.590476,
755318a2572fd996,https://br.linkedin.com/jobs/view/vaga-montador-higienista-porto-alegre-ofertas-de-emprego-at-sogipa-4445849078,Vaga Montador Higienista - Porto Alegre - Ofertas de Emprego,,scraped,2026-08-07T20:57:49.964057,
c5fef1f17aedc57d,https://br.linkedin.com/jobs/view/encarregado-de-hortifrutigranjeiro-at-supermercados-andreazza-4448216147,Encarregado de Hortifrutigranjeiro,,scraped,2026-08-07T20:57:57.184990,
6a767a1f97082049,https://br.linkedin.com/jobs/view/ajudante-instalador-esquadrias-at-sierra-m%C3%B3veis-4449342156,AJUDANTE INSTALADOR ESQUADRIAS,Sierra Móveis,failed|wp_post_failed,2026-08-07T20:58:19.865008,
3126541538914863,https://br.linkedin.com/jobs/view/motorista-at-soul-sociedade-de-%C3%B4nibus-uni%C3%A3o-ltda-4445544943,Motorista,,scraped,2026-08-07T20:58:22.459971,
a7e91e97b66ec9d5,https://br.linkedin.com/jobs/view/elet-ilum-publica-at-mercurio-4445554940,ELET. ILUM PUBLICA,Mercurio,failed|wp_post_failed,2026-08-07T20:58:44.454175,
1bb364cb4024440e,https://br.linkedin.com/jobs/view/motorista-de-coleta-e-entrega-at-agrimar-4450345933,Motorista de Coleta e Entrega,,scraped,2026-08-07T20:58:47.091255,
6efcac85635c4b4d,https://br.linkedin.com/jobs/view/servente-de-obra-at-selsul-recursos-humanos-4445567424,Servente de Obra,,scraped,2026-08-07T20:58:53.927527,
cec3ce7ca2d702e8,https://br.linkedin.com/jobs/view/arrumadeira-o-jr-c%C3%B3d-5035-at-candidata-ai-4448861746,Arrumadeira(o) Jr. (Cód. 5035),,scraped,2026-08-07T20:59:00.689541,
d79c86abe561db9b,https://br.linkedin.com/jobs/view/auxiliar-de-limpeza-at-rede-drops-mot%C3%A9is-4445833437,Auxiliar de limpeza,,scraped,2026-08-07T20:59:07.135345,
fa92536d4dee11dd,https://br.linkedin.com/jobs/view/brand-ambassador-bologna-at-cosine-italy-4445577809,Brand Ambassador | Bologna,,scraped,2026-08-07T20:59:52.697646,
6c3740c2104a73a3,https://br.linkedin.com/jobs/view/brand-ambassador-bologna-e-territorio-at-cosine-italy-4445572855,Brand Ambassador | Bologna e territorio,,scraped,2026-08-07T20:59:59.154742,
9fd45617d58fbb9d,https://br.linkedin.com/jobs/view/brand-ambassador-olbia-at-cosine-italy-4448827146,Brand Ambassador | Olbia,,scraped,2026-08-07T21:00:07.582397,
e2c007f30e16f74d,https://br.linkedin.com/jobs/view/comprador-at-jobbol-4449631540,Comprador,,scraped,2026-08-07T21:00:25.995435,
94d8e83e00192639,https://br.linkedin.com/jobs/view/tratorista-%E2%80%93-porto-alegre-%E2%80%93-rs-vagas-profissionais-at-desenfecsul-limpadora-e-conservadora-de-pr%C3%A9dios-ltda-4446606990,Tratorista – Porto Alegre – RS - Vagas Profissionais,Desenfecsul Limpadora e Conservadora de Prédios LTDA.,failed|wp_post_failed,2026-08-07T21:00:50.775650,
87270f484c8b5136,https://br.linkedin.com/jobs/view/analista-de-prospect-at-jobbol-4449425617,Analista de Prospect,,scraped,2026-08-07T21:00:53.452023,
8598688117a387fe,https://br.linkedin.com/jobs/view/porteiro-shopping-at-stv-seguran%C3%A7a-4445568055,Porteiro Shopping,,scraped,2026-08-07T21:01:02.264774,
f701e162ec7af65e,https://br.linkedin.com/jobs/view/fresador-at-jobbol-4448101656,Fresador,,scraped,2026-08-07T21:01:08.582365,
c352185d9c497aa4,https://br.linkedin.com/jobs/view/ferramenteiro-at-jobbol-4448495461,Ferramenteiro,,scraped,2026-08-07T21:01:15.716654,
401a81f4ee592cbb,https://br.linkedin.com/jobs/view/vaga-montador-higienista-vagas-profissionais-at-sogipa-4445833953,Vaga Montador Higienista - Vagas Profissionais,,scraped,2026-08-07T21:01:22.991912,
4e7862dac5eaf5d7,https://br.linkedin.com/jobs/view/fiscal-de-loja-porto-alegre-ofertas-de-emprego-at-unisuper-4445853008,Fiscal de Loja - Porto Alegre - Ofertas de Emprego,UniSuper,failed|wp_post_failed,2026-08-07T21:01:53.997904,
9f302689e7aa9f12,https://br.linkedin.com/jobs/view/operador-de-lixadeira-at-jobbol-4448106686,Operador de Lixadeira,,scraped,2026-08-07T21:01:56.604420,
7d1a224b8a2bc122,https://br.linkedin.com/jobs/view/montador-higienista-%E2%80%93-porto-alegre-%E2%80%93-rs-porto-alegre-ofertas-de-emprego-at-sogipa-4448735601,Montador Higienista – Porto Alegre – RS - Porto Alegre - Ofertas de Emprego,,scraped,2026-08-07T21:02:03.461659,
c8413be5dc367614,https://br.linkedin.com/jobs/view/almoxarife-at-jobbol-4448700347,Almoxarife,,scraped,2026-08-07T21:02:10.187932,
7225fa4c943f6942,https://br.linkedin.com/jobs/view/auxiliar-de-servi%C3%A7os-gerais-at-jobbol-4450765416,Auxiliar de Serviços Gerais,,scraped,2026-08-07T21:02:17.650349,
6686d334b056e954,https://br.linkedin.com/jobs/view/auxiliar-de-padaria-at-jobbol-4449952999,Auxiliar de Padaria,,scraped,2026-08-07T21:02:25.591798,
b51be744697c0426,https://br.linkedin.com/jobs/view/conferente-i-at-supermercados-andreazza-4448215204,Conferente I,,scraped,2026-08-07T21:02:33.687555,
2a1dab8e011d2ec8,https://br.linkedin.com/jobs/view/auxiliar-de-lavanderia-at-jobbol-4448487582,Auxiliar de Lavanderia,,scraped,2026-08-07T21:02:42.047521,
ef69faa8006c5602,https://br.linkedin.com/jobs/view/montador-ii-ou-iii-at-pertencer-desenvolvimento-humano-e-organizacional-4445563750,Montador II ou III,,scraped,2026-08-07T21:02:49.190721,
06395170ea3231ed,https://br.linkedin.com/jobs/view/porteiro-shopping-at-stv-seguran%C3%A7a-4450022924,Porteiro Shopping,,scraped,2026-08-07T21:02:57.874021,
7a2edd86e7054829,https://br.linkedin.com/jobs/view/auxiliar-de-servi%C3%A7os-gerais-at-jobbol-4446282372,Auxiliar de Serviços Gerais,,scraped,2026-08-07T21:03:04.176536,
dc9a6f3edaeebd7d,https://br.linkedin.com/jobs/view/auxiliar-de-perec%C3%ADveis-padaria-canoas-ofertas-de-emprego-at-unisuper-4445828986,Auxiliar de Perecíveis (Padaria) - Canoas - Ofertas de Emprego,UniSuper,failed|wp_post_failed,2026-08-07T21:03:35.812892,
3df8591b0664dbc1,https://br.linkedin.com/jobs/view/operador-de-guilhotina-at-selsul-recursos-humanos-4445571171,Operador de guilhotina,,scraped,2026-08-07T21:03:38.508847,
4e3adc45634c4fb1,https://br.linkedin.com/jobs/view/fiscal-de-loja-vagas-profissionais-at-unisuper-4445850040,Fiscal de Loja - Vagas Profissionais,UniSuper,failed|wp_post_failed,2026-08-07T21:04:22.704111,
71f51d0f55a7c94b,https://br.linkedin.com/jobs/view/auxiliar-de-esteriliza%C3%A7%C3%A3o-at-jobbol-4448393904,Auxiliar de Esterilização,,scraped,2026-08-07T21:04:25.256347,
21e357ce5cf7dd70,https://br.linkedin.com/jobs/view/auxiliar-de-padaria-at-supermercados-andreazza-4449799689,Auxiliar de Padaria,,scraped,2026-08-07T21:04:32.392217,
1c346a08528de9c2,https://br.linkedin.com/jobs/view/a%C3%A7ougueiro-at-jobbol-4447853731,Açougueiro,,scraped,2026-08-07T21:04:40.647203,
c5a4706d4e0b1d2d,https://br.linkedin.com/jobs/view/comprador-ind%C3%BAstria-moveleira-at-tomasi-rh-4448541547,Comprador (Indústria Moveleira),,scraped,2026-08-07T21:04:47.970825,
ca32fbcbef37037d,https://br.linkedin.com/jobs/view/auxiliar-de-padaria-at-unidasul-distribuidora-aliment%C3%ADcia-s-a-4445563715,Auxiliar de Padaria,,scraped,2026-08-07T21:04:54.674841,
d0c6978a67e45a13,https://br.linkedin.com/jobs/view/motorista-estrada-at-jobbol-4446258869,Motorista Estrada,,scraped,2026-08-07T21:05:02.902286,
be67b1e3b5c24e84,https://br.linkedin.com/jobs/view/auxiliar-de-servi%C3%A7os-gerais-at-jobbol-4449694412,Auxiliar de Serviços Gerais,,scraped,2026-08-07T21:05:10.008080,
74fc21160d84dddc,https://br.linkedin.com/jobs/view/professor-de-ingl%C3%AAs-at-jobbol-4446282350,Professor de Inglês,,scraped,2026-08-07T21:05:17.625474,
d35c0d9a222ab3d2,https://br.linkedin.com/jobs/view/sales-ambassador-cagliari-at-cosine-italy-4448825218,SALES AMBASSADOR | CAGLIARI,,scraped,2026-08-07T21:05:25.621033,
36e339035c4dc9b9,https://br.linkedin.com/jobs/view/tutor-presencial-%C3%B3ptica-e-optometria-at-centro-universit%C3%A1rio-cesuca-4446277005,TUTOR PRESENCIAL (ÓPTICA E OPTOMETRIA),Centro Universitário Cesuca,failed|wp_post_failed,2026-08-07T21:05:48.990580,
805491b4d26ffc80,https://br.linkedin.com/jobs/view/auxiliar-de-produ%C3%A7%C3%A3o-at-pertencer-desenvolvimento-humano-e-organizacional-4450024856,Auxiliar de produção,,scraped,2026-08-07T21:05:51.578460,
4c86840a2497886e,https://br.linkedin.com/jobs/view/lojas-renner-fiscal-de-loja-loja-de-novo-hamburgo-at-lojas-renner-s-a-4430059243,|LOJAS RENNER| Fiscal de Loja - Loja de Novo Hamburgo,,scraped,2026-08-07T21:05:59.290048,
c8698007d49a8231,https://br.linkedin.com/jobs/view/promotor-com-moto-porto-alegre-vagas-profissionais-at-severas-merchandising-4446626156,Promotor com Moto - Porto Alegre - Vagas Profissionais,,scraped,2026-08-07T21:06:07.719163,
b48a34debff1db12,https://br.linkedin.com/jobs/view/auxiliar-de-produ%C3%A7%C3%A3o-at-jobbol-4448394837,Auxiliar de Produção,,scraped,2026-08-07T21:06:14.501949,
b2194d95782c6dbb,https://br.linkedin.com/jobs/view/porteiro-poa-condom%C3%ADnios-at-stv-seguran%C3%A7a-4445832380,Porteiro POA Condomínios,,scraped,2026-08-07T21:06:21.853405,
e810067da7e48d06,https://br.linkedin.com/jobs/view/carregador-entregas-regi%C3%A3o-serra-at-alimentos-zaeli-4445814614,Carregador - Entregas -REGIÃO SERRA,,scraped,2026-08-07T21:06:28.310574,
a80be4c033cb6bf9,https://br.linkedin.com/jobs/view/porteiro-poa-condom%C3%ADnios-bairro-jardim-do-salso-at-stv-seguran%C3%A7a-4445564840,Porteiro POA Condomínios - Bairro Jardim Do Salso,,scraped,2026-08-07T21:06:40.918641,
a8a3d86d831698ea,https://br.linkedin.com/jobs/view/embalador-at-soft-film-ind%C3%BAstria-e-com%C3%A9rcio-de-pl%C3%A1sticos-ltda-4445567410,Embalador,,scraped,2026-08-07T21:06:47.116545,
f89326355fe2e1ef,https://br.linkedin.com/jobs/view/coordenador-de-padaria-4448047485,Coordenador de Padaria,Via Atacadista,failed|wp_post_failed,2026-08-07T21:07:07.129457,
5e0ad4977da8306b,https://br.linkedin.com/jobs/view/gerente-de-loja-at-autozone-4450053206,GERENTE DE LOJA,AutoZone,failed|wp_post_failed,2026-08-07T21:07:23.985445,
d88c52f4a128d61a,https://br.linkedin.com/jobs/view/profissional-aee-porto-alegre-ofertas-de-emprego-at-pequena-casa-da-crian%C3%A7a-4448735669,Profissional Aee - Porto Alegre - Ofertas de Emprego,,scraped,2026-08-07T21:07:26.568589,
10fe3d53cc14dc64,https://br.linkedin.com/jobs/view/auxiliar-de-dep%C3%B3sito-at-supermercados-andreazza-4450009093,Auxiliar de Depósito,,scraped,2026-08-07T21:07:34.933236,
50cbc4f3df958754,https://br.linkedin.com/jobs/view/analista-de-compras-e-facilities-at-amazon-4448886494,Analista de Compras e Facilities,Amazon,failed|wp_post_failed,2026-08-07T21:08:04.900574,
dee8a098a46df4d5,https://br.linkedin.com/jobs/view/excursion-montenegro-tour-at-globtour-montenegro-4449075526,Excursion Montenegro Tour,,scraped,2026-08-07T21:08:07.579675,
6ca3731d00014118,https://br.linkedin.com/jobs/view/expedidor-i-at-braslux-4448214183,Expedidor I,,scraped,2026-08-07T21:08:14.511862,
69dd84fe10bae693,https://br.linkedin.com/jobs/view/auxiliar-de-ind%C3%BAstria-tupandi-at-construrohr-4445568189,Auxiliar de Indústria - Tupandi,,scraped,2026-08-07T21:08:36.704241,
4832de83f10264db,https://br.linkedin.com/jobs/view/auxiliar-de-cozinha-petiskeira-barra-shopping-sul-at-petiskeira-restaurantes-4445832389,Auxiliar de Cozinha Petiskeira Barra Shopping Sul,,scraped,2026-08-07T21:08:44.088428,
f1efe8c867a83478,https://br.linkedin.com/jobs/view/preparador-e-operador-de-prensa-at-d-zainer-4447402199,PREPARADOR E OPERADOR DE PRENSA,,scraped,2026-08-07T21:09:07.775933,
6481468a27353ba2,https://br.linkedin.com/jobs/view/residente-at-minist%C3%A9rio-p%C3%BAblico-do-rio-grande-do-sul-4447891865,Residente,Ministério Público do Rio Grande do Sul,failed|wp_post_failed,2026-08-07T21:09:30.059107,
69eab6a395b1fc14,https://br.linkedin.com/jobs/view/poa-operador-de-equipamentos-at-dnata-4245275660,POA- Operador de Equipamentos,,scraped,2026-08-07T21:09:40.705373,
5a531b06e16ace07,https://br.linkedin.com/jobs/view/gerente-de-loja-at-jobbol-4448610561,Gerente de Loja,,scraped,2026-08-07T21:09:53.199598,
fb949f5de21cb644,https://br.linkedin.com/jobs/view/gar%C3%A7om-vin%C3%ADcola-at-tomasi-rh-4448531694,Garçom ( Vinícola ),,scraped,2026-08-07T21:10:18.962164,
a86bcf56a0d26c2d,https://br.linkedin.com/jobs/view/sales-ambassador-barletta-andria-trani-at-cosine-italy-4448058187,SALES AMBASSADOR | BARLETTA-ANDRIA-TRANI,,scraped,2026-08-07T21:10:25.697221,
bc303c10afbc6ec2,https://br.linkedin.com/jobs/view/alpinista-industrial-at-jobbol-4449692411,Alpinista Industrial,,scraped,2026-08-07T21:10:32.281968,
e19397aa637fb6a2,https://br.linkedin.com/jobs/view/auxiliar-de-servi%C3%A7os-gerais-at-jobbol-4450759524,Auxiliar de Serviços Gerais,,scraped,2026-08-07T21:10:39.542016,
a168c3e292745026,https://br.linkedin.com/jobs/view/recepcionista-masculino-poa-condom%C3%ADnios-bairro-petr%C3%B3polis-at-stv-seguran%C3%A7a-4445585231,Recepcionista masculino POA Condomínios - Bairro Petrópolis,,scraped,2026-08-07T21:10:58.615531,
70ceec0932c8a4f3,https://br.linkedin.com/jobs/view/auxiliar-de-a%C3%A7ougue-gravata%C3%AD-ofertas-de-emprego-at-unisuper-4445837218,Auxiliar de Açougue - Gravataí - Ofertas de Emprego,UniSuper,failed|wp_post_failed,2026-08-07T21:11:25.988287,
cd17a15105781503,https://br.linkedin.com/jobs/view/operador-de-caldeira-at-jobbol-4448133160,Operador de Caldeira,,scraped,2026-08-07T21:11:28.627693,
74c4a3462c3187c6,https://br.linkedin.com/jobs/view/auxiliar-de-servi%C3%A7o-gerais-at-tlsv-servi%C3%A7os-em-telecomunica%C3%A7%C3%B5es-4449914741,Auxiliar de Serviço Gerais,,scraped,2026-08-07T21:11:35.945704,
955d44441c1ce38b,https://br.linkedin.com/jobs/view/engenheiro-or%C3%A7amentista-at-jobbol-4447802511,Engenheiro Orçamentista,,scraped,2026-08-07T21:11:44.296921,
99babd646f6e5f0d,https://br.linkedin.com/jobs/view/auxiliar-de-apropria%C3%A7%C3%A3o-de-custos-at-jobbol-4447800953,Auxiliar de Apropriação de Custos,,scraped,2026-08-07T21:11:51.498105,
32bcd60701d40d17,https://br.linkedin.com/jobs/view/excursion-heart-of-montenegro-at-globtour-montenegro-4449084078,Excursion Heart of Montenegro,,scraped,2026-08-07T21:11:58.609718,
d14f21e7124f5ef9,https://br.linkedin.com/jobs/view/sales-ambassador-brindisi-at-cosine-italy-4448829035,SALES AMBASSADOR | BRINDISI,,scraped,2026-08-07T21:12:11.329820,
2bcfac86cff1728c,https://br.linkedin.com/jobs/view/analista-fiscal-at-jobbol-4448609688,Analista Fiscal,,scraped,2026-08-07T21:12:17.979600,
03734ab36c66b5a3,https://br.linkedin.com/jobs/view/auxiliar-de-a%C3%A7ougue-%E2%80%93-canoas-s%C3%A3o-leopoldo-%E2%80%93-rs-vagas-profissionais-at-unisuper-4445834907,Auxiliar de Açougue – Canoas / São Leopoldo – RS - Vagas Profissionais,UniSuper,failed|wp_post_failed,2026-08-07T21:12:47.972428,
8d5c98f0339e4ade,https://br.linkedin.com/jobs/view/operador-de-m%C3%A1quina-at-jobbol-4447724983,Operador de Máquina,,scraped,2026-08-07T21:12:50.540379,
266b5c6d407ba8ad,https://br.linkedin.com/jobs/view/l%C3%ADder-de-loja-at-jobbol-4449036794,Líder de Loja,,scraped,2026-08-07T21:12:58.990283,
d8bb557dacdae522,https://br.linkedin.com/jobs/view/sales-ambassador-massa-carrara-at-cosine-italy-4449218157,SALES AMBASSADOR | MASSA-CARRARA,,scraped,2026-08-07T21:13:07.941289,
c00b7c4f46dc5059,https://br.linkedin.com/jobs/view/renner-fiscal-de-loja-otavio-rocha-at-lojas-renner-s-a-4439804035,Renner - Fiscal de Loja - Otavio Rocha,,scraped,2026-08-07T21:13:14.472676,
cc1a696025472a85,https://br.linkedin.com/jobs/view/auxiliar-de-produ%C3%A7%C3%A3o-plataforma-hor%C3%A1rio-h-%C3%A0s-h-at-alimentos-zaeli-4445568110,Auxiliar de Produção - Plataforma - Horário h às h,,scraped,2026-08-07T21:13:29.060336,
d46917cb12f60926,https://br.linkedin.com/jobs/view/auxiliar-de-cozinha-at-jobbol-4450764480,Auxiliar de Cozinha,,scraped,2026-08-07T21:13:35.673072,
6d819f4aa337982b,https://br.linkedin.com/jobs/view/operador-de-caixa-tarde-at-supermercados-andreazza-4450354671,Operador de Caixa TARDE,,scraped,2026-08-07T21:13:42.823364,
1a078a026669ff3e,https://br.linkedin.com/jobs/view/conferente-de-malharia-at-jobbol-4448494404,Conferente de Malharia,,scraped,2026-08-07T21:13:51.276262,
9d4491916ae9ef46,https://br.linkedin.com/jobs/view/operador-de-m%C3%A1quina-at-jobbol-4448143004,Operador de Máquina,,scraped,2026-08-07T21:13:59.177741,
27899c6d2c979ff1,https://br.linkedin.com/jobs/view/supervisor-napoli-at-cosine-italy-4449222095,Supervisor | Napoli,,scraped,2026-08-07T21:14:06.282599,
a6f0a17d8caed7d3,https://br.linkedin.com/jobs/view/almoxarife-at-pertencer-desenvolvimento-humano-e-organizacional-4445572034,Almoxarife,,scraped,2026-08-07T21:14:12.766505,
e7b68de6add0a0d1,https://br.linkedin.com/jobs/view/ge%C3%B3logo-at-jobbol-4447815320,Geólogo,,scraped,2026-08-07T21:14:21.586560,
0406978c9a2e1500,https://br.linkedin.com/jobs/view/auxiliar-de-cozinha-at-jobbol-4450767426,Auxiliar de Cozinha,,scraped,2026-08-07T21:14:28.794437,
dfd07dab4b54f141,https://br.linkedin.com/jobs/view/assistente-de-vendas-at-lojas-lebes-4450679100,Assistente de Vendas,Lojas Lebes,failed|wp_post_failed,2026-08-07T21:15:33.747023,
4d1d4f02ed228349,https://br.linkedin.com/jobs/view/promoter-cc-vibo-center-vibo-valentia-at-cosine-italy-4448826219,PROMOTER | CC VIBO CENTER | VIBO VALENTIA,,scraped,2026-08-07T21:15:38.296744,
b94c453b31f37123,https://br.linkedin.com/jobs/view/serralheiro-%E2%80%93-gua%C3%ADba-%E2%80%93-rs-vagas-profissionais-at-manuservicers-4445583987,Serralheiro – Guaíba – RS - Vagas Profissionais,ManuServiceRS,failed|wp_post_failed,2026-08-07T21:15:58.596931,
6d3dbfe06ad3b903,https://br.linkedin.com/jobs/view/vendedor-at-magalu-4433539671,VENDEDOR,Magalu,failed|wp_post_failed,2026-08-07T21:16:20.403995,
1df069930bf0c14e,https://br.linkedin.com/jobs/view/analista-de-licita%C3%A7%C3%A3o-caxias-do-sul-rs-at-assert-e-assessoria-em-gest%C3%A3o-de-pessoas-4449322346,Analista de Licitação- Caxias do Sul RS,ASSERT.E. Assessoria em Gestão de Pessoas,failed|wp_post_failed,2026-08-07T21:16:40.683937,
4fbcc5646ab09fc1,https://br.linkedin.com/jobs/view/agente-analista-de-rh-vagas-profissionais-at-manuservicers-4445590240,Agente Analista de RH - Vagas Profissionais,ManuServiceRS,failed|wp_post_failed,2026-08-07T21:16:57.190321,
46f79930167de98c,https://br.linkedin.com/jobs/view/auxiliar-de-dep%C3%B3sito-at-cooperativa-santa-clara-4448249685,Auxiliar de Depósito,,scraped,2026-08-07T21:16:59.813072,
d2bbeee10e88573d,https://br.linkedin.com/jobs/view/sales-ambassador-la-spezia-at-cosine-italy-4448045584,SALES AMBASSADOR | LA SPEZIA,,scraped,2026-08-07T21:17:06.798989,
0f060eb3b1428a68,https://br.linkedin.com/jobs/view/estoquista-arezzo-outlet-platinum-at-arezzo-co-4449957232,Estoquista | Arezzo Outlet Platinum,,scraped,2026-08-07T21:17:13.403535,
ea590ed39c2c5f4c,https://br.linkedin.com/jobs/view/t%C3%A9cnico-em-inform%C3%A1tica-gravata%C3%AD-%E2%80%93-rs-vagas-profissionais-at-db-4445882686,Técnico em Informática - Gravataí – RS - Vagas Profissionais,,scraped,2026-08-07T21:17:20.004661,
10fdae37b4ee76bc,https://br.linkedin.com/jobs/view/animale-auxiliar-de-servi%C3%A7os-gerais-moinhos-at-animale-4446620813,ANIMALE | AUXILIAR DE SERVIÇOS GERAIS | MOINHOS,,scraped,2026-08-07T21:17:28.644812,
6e2399d24dcdf7b8,https://br.linkedin.com/jobs/view/analista-de-talent-acquisition-trabalho-remoto-at-bairesdev-4448525955,Analista de Talent Acquisition - Trabalho Remoto,BairesDev,failed|wp_post_failed,2026-08-07T21:17:50.405492,
e9759ce0fc561549,https://br.linkedin.com/jobs/view/almoxarife-i-at-mro-4446255944,ALMOXARIFE I,,scraped,2026-08-07T21:17:53.043519,
c2234884a41c0c2e,https://br.linkedin.com/jobs/view/operador-de-estacionamento-a-de-estacionamento-6x1-porto-alegre-at-estapar-4448463521,Operador de estacionamento(a) de Estacionamento - 6x1- Porto Alegre,,scraped,2026-08-07T21:18:00.333759,
e6239c7ab94e8f3e,https://br.linkedin.com/jobs/view/operador-de-maquina-at-sierra-m%C3%B3veis-4449331683,OPERADOR DE MAQUINA,Sierra Móveis,failed|wp_post_failed,2026-08-07T21:18:21.722067,
43781daa0ced8025,https://br.linkedin.com/jobs/view/trader-mercado-externo-at-saccaro-4448593345,Trader Mercado externo,,scraped,2026-08-07T21:18:24.382113,
51122e6dcb49728e,https://br.linkedin.com/jobs/view/operador-de-monitoramento-at-grupo-volpato-seguran%C3%A7a-4445572145,Operador de monitoramento,,scraped,2026-08-07T21:18:35.496139,
ff182924cc027454,https://br.linkedin.com/jobs/view/instalador-portaria-remota-at-grupo-volpato-seguran%C3%A7a-4450021966,Instalador Portaria Remota,,scraped,2026-08-07T21:18:43.862819,
8b56be5a262ecd5f,https://br.linkedin.com/jobs/view/operador-a-de-estacionamento-12x36-porto-alegre-at-estapar-4448472357,Operador(a) de Estacionamento - 12x36 - Porto Alegre,,scraped,2026-08-07T21:18:51.440577,
e2de3c590178ab5c,https://br.linkedin.com/jobs/view/auxiliar-de-projetos-at-altero-design-4445563835,Auxiliar de projetos,Altero Design,failed|wp_post_failed,2026-08-07T21:19:14.107791,
7e2089ba77aac97b,https://br.linkedin.com/jobs/view/motorista-de-betoneira-garibaldi-rs-at-supertex-solu%C3%A7%C3%B5es-em-concreto-4448266320,Motorista de Betoneira - Garibaldi/RS,,scraped,2026-08-07T21:19:16.719013,
8379074234d047ec,https://br.linkedin.com/jobs/view/auxiliar-de-estoque-log%C3%ADstica-petiskeira-villagio-caxias-do-sul-at-petiskeira-restaurantes-4445823461,Auxiliar de Estoque Logística Petiskeira Villagio Caxias do Sul,,scraped,2026-08-07T21:19:23.439661,
6139bdcd4dff8c8d,https://br.linkedin.com/jobs/view/auxiliar-de-cozinha-porto-alegre-at-coco-bambu-restaurante-4449209275,Auxiliar de Cozinha - Porto Alegre,Coco Bambu Restaurante,failed|wp_post_failed,2026-08-07T21:19:45.353708,
558d2459cc239c1f,https://br.linkedin.com/jobs/view/almoxarife-de-materiais-at-d-zainer-4445816527,Almoxarife de Materiais,,scraped,2026-08-07T21:19:53.940379,
fd02ee9b4ca2ceae,https://br.linkedin.com/jobs/view/tutor-presencial-engenharias-at-fsg-centro-universit%C3%A1rio-da-serra-ga%C3%BAcha-4445804386,TUTOR PRESENCIAL (ENGENHARIAS),FSG - Centro Universitário da Serra Gaúcha,failed|wp_post_failed,2026-08-07T21:20:19.739803,
b89f5aea2e6d7757,https://br.linkedin.com/jobs/view/coordenador-de-recep%C3%A7%C3%A3o-at-intercity-hotels-4447703543,Coordenador de Recepção,,scraped,2026-08-07T21:20:22.387992,
ecd69b2c0ad506dc,https://br.linkedin.com/jobs/view/instalador-de-linhas-de-telecomnunica%C3%A7%C3%B5es-at-sebratel-4448621438,Instalador de Linhas de Telecomnunicações,,scraped,2026-08-07T21:20:29.039710,
a5cfe16868c8c4ee,https://br.linkedin.com/jobs/view/data-platform-engineer-at-block-labs-4422836523,Data Platform Engineer,,scraped,2026-08-07T21:20:36.949230,
89106fabf3bea1fe,https://br.linkedin.com/jobs/view/analista-de-compras-at-selsul-recursos-humanos-4445577145,Analista de Compras,,scraped,2026-08-07T21:20:43.418969,
e46a69339b710f25,https://br.linkedin.com/jobs/view/auxiliar-folha-de-pagamento-at-ocean-tax-consultoria-tribut%C3%A1ria-4449221727,Auxiliar Folha de Pagamento,,scraped,2026-08-07T21:20:53.786894,
7b5137aa00bd6fdc,https://br.linkedin.com/jobs/view/gar%C3%A7om-at-intercity-hotels-4449076464,Garçom,,scraped,2026-08-07T21:21:07.146077,
2ae02028084b34a0,https://br.linkedin.com/jobs/view/ct-prontosul-academia-de-gin%C3%A1stica-ltda-porto-alegre-ofertas-de-emprego-at-grupo-prontosul-4446608452,Ct Prontosul Academia de Ginástica Ltda - Porto Alegre - Ofertas de Emprego,,scraped,2026-08-07T21:21:13.304632,
eeb2cf231ee99200,https://br.linkedin.com/jobs/view/back-office-commerciale-export-at-system-group-pe-pp-pvc-pipes-4449030844,Back Office Commerciale Export,,scraped,2026-08-07T21:21:21.608997,
7d79026a8ac638c3,https://br.linkedin.com/jobs/view/auxiliar-de-expedi%C3%A7%C3%A3o-at-saro-equipamentos-site-oficial-4448548441,Auxiliar de Expedição,SARO Equipamentos - Site Oficial,failed|wp_post_failed,2026-08-07T21:21:45.827586,
54558a22a5c3591c,https://br.linkedin.com/jobs/view/almoxarife-i-at-mro-4448486159,ALMOXARIFE I,,scraped,2026-08-07T21:22:00.411359,
d484c9e493b4aa48,https://br.linkedin.com/jobs/view/corretor-de-im%C3%B3veis-at-call-4445581322,Corretor de imóveis,Call,failed|wp_post_failed,2026-08-07T21:22:23.855431,
d1292677dd614e1a,https://br.linkedin.com/jobs/view/instrutor-formado-taquara-at-academia-26fit-4448495703,Instrutor Formado -Taquara,,scraped,2026-08-07T21:22:26.478503,
a52588492c068f32,https://br.linkedin.com/jobs/view/assistente-de-credi%C3%A1rio-at-magalu-4439500238,ASSISTENTE DE CREDIÁRIO,Magalu,failed|wp_post_failed,2026-08-07T21:23:19.114793,
ded9d27216772f3b,https://br.linkedin.com/jobs/view/auxiliar-de-produ%C3%A7%C3%A3o-at-jobbol-4448131206,Auxiliar de Produção,,scraped,2026-08-07T21:23:23.653696,
26eb46c404bd7d1b,https://br.linkedin.com/jobs/view/gerente-de-loja-at-jobbol-4450764417,Gerente de Loja,,scraped,2026-08-07T21:23:30.935725,
1394dbbd15433aff,https://br.linkedin.com/jobs/view/auxiliar-de-cobran%C3%A7a-at-jobbol-4448392993,Auxiliar de Cobrança,,scraped,2026-08-07T21:23:38.084609,
796c70da498ea19e,https://br.linkedin.com/jobs/view/armazenista-expedi%C3%A7%C3%A3o-hor%C3%A1rio-h-%C3%A0s-h-at-alimentos-zaeli-4445830424,Armazenista - Expedição - Horário h às h,,scraped,2026-08-07T21:23:49.283758,
3a86a848ba4dc581,https://br.linkedin.com/jobs/view/educador-social-at-jobbol-4446271625,Educador Social,,scraped,2026-08-07T21:24:05.697907,
68cda2fe548bf602,https://br.linkedin.com/jobs/view/auxiliar-de-produ%C3%A7%C3%A3o-evviva-rs-at-grupo-bertolini-4445821513,Auxiliar de Produção EVVIVA - RS,,scraped,2026-08-07T21:24:12.789945,
0b1fed6ec122b606,https://br.linkedin.com/jobs/view/analista-de-departamento-pessoal-escrit%C3%B3rio-cont%C3%A1bil-at-pertencer-desenvolvimento-humano-e-organizacional-4445572099,Analista de Departamento Pessoal Escritório contábil,,scraped,2026-08-07T21:24:20.329598,
7e7b5c63f02f7a0d,https://br.linkedin.com/jobs/view/sales-ambassador-milano-at-cosine-italy-4448826244,SALES AMBASSADOR | MILANO,,scraped,2026-08-07T21:24:27.683770,
fec1bb31d7ddd97d,https://br.linkedin.com/jobs/view/movimentador-de-materiais-i-at-pertencer-desenvolvimento-humano-e-organizacional-4450038111,Movimentador de Materiais I,,scraped,2026-08-07T21:24:34.157405,
e778181272af9445,https://br.linkedin.com/jobs/view/sales-ambassador-caltanissetta-at-cosine-italy-4448810581,SALES AMBASSADOR | CALTANISSETTA,,scraped,2026-08-07T21:24:41.409517,
c5ea577a7d074832,https://br.linkedin.com/jobs/view/cozinheira-at-jobbol-4446269660,Cozinheira,,scraped,2026-08-07T21:24:47.764363,
115a4b1e07b2bb31,https://br.linkedin.com/jobs/view/operador-de-caixa-at-jobbol-4447854792,Operador de Caixa,,scraped,2026-08-07T21:25:00.527496,
e86da78119d6bdcd,https://br.linkedin.com/jobs/view/caixa-%C3%B3tica-at-tomasi-rh-4450002589,Caixa ( ótica ),,scraped,2026-08-07T21:25:07.544826,
56cee4adabf38e2e,https://br.linkedin.com/jobs/view/t%C3%A9cnico-de-produ%C3%A7%C3%A3o-at-jobbol-4448126305,Técnico de Produção,,scraped,2026-08-07T21:25:14.003969,
d90107ca4d7f5a4e,https://br.linkedin.com/jobs/view/auxiliar-de-produ%C3%A7%C3%A3o-sala-de-cortes-hor%C3%A1rio-h-%C3%A0s-h-at-alimentos-zaeli-4445570064,Auxiliar de produção - Sala de cortes - Horário h às h,,scraped,2026-08-07T21:25:20.971022,
8e11430eb81129ee,https://br.linkedin.com/jobs/view/sales-promoter-telefonia-mediaworld-viale-troya-milano-at-cosine-italy-4448084397,SALES PROMOTER TELEFONIA | MEDIAWORLD VIALE TROYA | MILANO,,scraped,2026-08-07T21:25:27.510512,
070958008e0adbbc,https://br.linkedin.com/jobs/view/auxiliar-de-a%C3%A7ougue-a%C3%A7ougueiro-a-vagas-profissionais-at-unisuper-4445847076,Auxiliar de Açougue / Açougueiro(A) - Vagas Profissionais,UniSuper,failed|wp_post_failed,2026-08-07T21:25:58.024155,
a1ac056f38ac1845,https://br.linkedin.com/jobs/view/operador-geral-de-equipamentos-at-jobbol-4447806401,Operador Geral de Equipamentos,,scraped,2026-08-07T21:26:00.592587,
2ffd14d0c28c4dbc,https://br.linkedin.com/jobs/view/pedreiro-at-selsul-recursos-humanos-4445572203,Pedreiro,,scraped,2026-08-07T22:43:49.683962,
0d8d680f53859483,https://br.linkedin.com/jobs/view/auxiliar-de-servi%C3%A7os-gerais-at-gba-facilities-4450032350,Auxiliar de Serviços Gerais,GBA Facilities,failed|wp_post_failed,2026-08-07T22:44:55.658075,
12a88ab4517c47cf,https://br.linkedin.com/jobs/view/empregada-dom%C3%A9stica-vale-dos-vinhedos-at-tomasi-rh-4448256219,Empregada Doméstica (Vale dos Vinhedos),,scraped,2026-08-07T22:44:58.470128,
74ad622766d5be44,https://br.linkedin.com/jobs/view/auxiliar-de-limpeza-tarde-at-supermercados-andreazza-4448216145,Auxiliar de Limpeza Tarde,,scraped,2026-08-07T22:45:06.335974,
b6f65a0b99323fab,https://br.linkedin.com/jobs/view/promotor-est%C3%A2ncia-velha-vagas-profissionais-at-severas-merchandising-4445833946,Promotor - Estância Velha - Vagas Profissionais,Severas Merchandising,failed|wp_post_failed,2026-08-07T22:46:11.270597,
07cefce41bf3163b,https://br.linkedin.com/jobs/view/supridor-repositor-at-unidasul-distribuidora-aliment%C3%ADcia-s-a-4445568182,Supridor Repositor,,scraped,2026-08-07T22:46:43.840019,
056ab7b1856e076d,https://br.linkedin.com/jobs/view/retail-specialist-varese-at-cosine-italy-4448056485,Retail Specialist | Varese,,scraped,2026-08-07T22:47:10.625960,
34cb45ab39cd70c7,https://br.linkedin.com/jobs/view/retail-specialist-viterbo-at-cosine-italy-4448827173,Retail Specialist | Viterbo,,scraped,2026-08-07T22:47:35.881698,
74d9fd5c1037f96d,https://br.linkedin.com/jobs/view/retail-specialist-novara-at-cosine-italy-4448043549,Retail Specialist | Novara,,scraped,2026-08-07T22:48:00.732174,
ccc4d6e1e2babcc8,https://br.linkedin.com/jobs/view/promotor-carlos-barbosa-carlos-barbosa-ofertas-de-emprego-at-severas-merchandising-4445833980,Promotor - Carlos Barbosa - Carlos Barbosa - Ofertas de Emprego,Severas Merchandising,failed|wp_post_failed,2026-08-07T22:49:21.033813,
2d60e4ed3d1e4ca7,https://br.linkedin.com/jobs/view/promotor-tr%C3%AAs-coroas-vagas-profissionais-at-severas-merchandising-4448401307,Promotor - Três Coroas - Vagas Profissionais,Severas Merchandising,failed|wp_post_failed,2026-08-07T22:50:37.474886,
a207fd28392fad69,https://br.linkedin.com/jobs/view/degustador-a-porto-alegre-e-grande-porto-alegre-vagas-profissionais-at-severas-merchandising-4446621212,Degustador (A) - Porto Alegre e Grande Porto Alegre - Vagas Profissionais,Severas Merchandising,failed|wp_post_failed,2026-08-07T22:51:53.592877,
672d4e8dfb1df1de,https://br.linkedin.com/jobs/view/cortador-de-vidro-at-jobbol-4449439391,Cortador de Vidro,,scraped,2026-08-07T22:52:20.168766,
91f81e5cca42b2e3,https://br.linkedin.com/jobs/view/conferente-at-alsco-uniformes-brasil-4445570276,Conferente,,scraped,2026-08-07T22:52:28.664739,
e45991312a5ede52,https://br.linkedin.com/jobs/view/promotor-a-de-merchandising-at-tradex-4447344016,Promotor (a) de Merchandising,,scraped,2026-08-07T22:52:40.569035,
9a220bf2e6c49751,https://br.linkedin.com/jobs/view/pintor-de-tinta-l%C3%ADquida-at-jobbol-4449694407,Pintor de Tinta Líquida,,scraped,2026-08-07T22:52:47.170414,
f2050ae9a1bc04a8,https://br.linkedin.com/jobs/view/brand-ambassador-lecce-at-cosine-italy-4448820282,Brand Ambassador | LECCE,,scraped,2026-08-07T22:52:54.655935,
ea5bf4f17b185644,https://br.linkedin.com/jobs/view/brand-ambassador-cagliari-e-territorio-at-cosine-italy-4448822244,Brand Ambassador | Cagliari e Territorio,,scraped,2026-08-07T22:53:01.346862,
8267b93d9fab825f,https://br.linkedin.com/jobs/view/auxiliar-de-servi%C3%A7os-gerais-vagas-profissionais-at-desenfecsul-limpadora-e-conservadora-de-pr%C3%A9dios-ltda-4448086427,Auxiliar de Serviços Gerais - Vagas Profissionais,Desenfecsul Limpadora e Conservadora de Prédios LTDA.,failed|wp_post_failed,2026-08-07T22:53:26.136196,
6adc3050b36e1fa0,https://br.linkedin.com/jobs/view/matriz-distrito-industrial-de-gravata%C3%AD-at-asun-supermercados-4450785048,MATRIZ DISTRITO INDUSTRIAL DE GRAVATAÍ,,scraped,2026-08-07T22:53:50.768230,
97c5d70852336c40,https://br.linkedin.com/jobs/view/comprador-at-prolec-energy-4449036595,Comprador,,scraped,2026-08-07T22:54:06.185222,
73294bb153c4b6b2,https://br.linkedin.com/jobs/view/arrumadeira-o-jr-c%C3%B3d-4723-at-candidata-ai-4448660902,Arrumadeira(o) Jr. (Cód. 4723),,scraped,2026-08-07T22:54:12.593458,
bdb34e13cd2ae34f,https://br.linkedin.com/jobs/view/auxiliar-de-limpeza-geral-casa-de-m%C3%A1quinas-hor%C3%A1rio-h-%C3%A0s-h-at-alimentos-zaeli-4445552940,Auxiliar de limpeza geral - Casa de Máquinas - Horário h às h,,scraped,2026-08-07T22:54:19.477238,
b0af914b45d9540d,https://br.linkedin.com/jobs/view/development-manager-sap-concur-spend-at-sap-4439911890,Development Manager - SAP Concur Spend,SAP,failed|wp_post_failed,2026-08-07T22:54:44.358125,
76ef76a3ba28b1fc,https://br.linkedin.com/jobs/view/operador-de-cart%C3%A3o-at-prefeitura-de-santo-andr%C3%A9-4445863303,OPERADOR DE CARTÃO,Prefeitura de Santo André,failed|wp_post_failed,2026-08-07T22:55:03.006069,
df758027ddeba885,https://br.linkedin.com/jobs/view/promotor-merchandising-com-carro-farroupilha-rs-at-pop-trade-marketing-4447743648,Promotor Merchandising| Com  Carro||Farroupilha-RS,,scraped,2026-08-07T22:55:15.563185,
a0534de759eddcde,https://br.linkedin.com/jobs/view/ferramenteiro-at-tomasi-rh-4447407134,Ferramenteiro,,scraped,2026-08-07T22:55:22.896507,
04b70e3d0772b051,https://br.linkedin.com/jobs/view/estoquista-at-lojas-lebes-4450752100,Estoquista,Lojas Lebes,failed|wp_post_failed,2026-08-07T22:56:24.222102,
1a0e864719fce614,https://br.linkedin.com/jobs/view/servi%C3%A7os-gerais-at-seguridade-4446643535,Serviços gerais,Seguridade - Gestão Profissional de Serviços,failed|wp_post_failed,2026-08-07T22:57:20.496240,
7b4dd2b89914825f,https://br.linkedin.com/jobs/view/comprador-pleno-at-soft-film-ind%C3%BAstria-e-com%C3%A9rcio-de-pl%C3%A1sticos-ltda-4445570441,Comprador Pleno,,scraped,2026-08-07T22:57:23.094933,
014b6bf8111c4db9,https://br.linkedin.com/jobs/view/promotor-a-com-moto-canoas-canoas-ofertas-de-emprego-at-severas-merchandising-4446612359,Promotor (A) com Moto - Canoas - Canoas - Ofertas de Emprego,Severas Merchandising,failed|wp_post_failed,2026-08-07T22:58:43.334504,
cdafeea7bcb9e8fa,https://br.linkedin.com/jobs/view/brand-ambassador-ascoli-e-territorio-at-cosine-italy-4445577813,Brand Ambassador | Ascoli e territorio,,scraped,2026-08-07T22:59:03.901044,
b62220f1164886a5,https://br.linkedin.com/jobs/view/auxiliar-de-limpeza-%E2%80%93-hortifruti-vagas-profissionais-at-unisuper-4445831953,Auxiliar de Limpeza – Hortifruti - Vagas Profissionais,UniSuper,failed|wp_post_failed,2026-08-07T22:59:54.129679,
3d1a752246260673,https://br.linkedin.com/jobs/view/a%C3%A7ougueiro-at-jobbol-4449441356,Açougueiro,,scraped,2026-08-07T23:00:14.721304,
77b7e36156faff1b,https://br.linkedin.com/jobs/view/a%C3%A7ougueiro-at-jobbol-4450762548,Açougueiro,,scraped,2026-08-07T23:00:22.783297,
1b4be1069e001401,https://br.linkedin.com/jobs/view/sales-coordinator-milano-at-cosine-italy-4448828083,Sales Coordinator | Milano,,scraped,2026-08-07T23:00:30.046052,
6aa16219a6b7993f,https://br.linkedin.com/jobs/view/supervisor-at-cosine-italy-4449220126,Supervisor,,scraped,2026-08-07T23:00:36.617571,
c7843fe8086c1c46,https://br.linkedin.com/jobs/view/supervisor-de-andares-at-jobbol-4450778012,Supervisor de Andares,,scraped,2026-08-07T23:00:43.203777,
6b98609346553ae6,https://br.linkedin.com/jobs/view/operador-de-perec%C3%ADveis-fiambreria-at-unidasul-distribuidora-aliment%C3%ADcia-s-a-4445553939,Operador de Perecíveis Fiambreria,,scraped,2026-08-07T23:00:50.741667,
8e336442f239aa65,https://br.linkedin.com/jobs/view/almoxarife-at-jobbol-4449974011,Almoxarife,,scraped,2026-08-07T23:00:59.620038,
755f87437e83d6ea,https://br.linkedin.com/jobs/view/carpinteiro-at-jobbol-4447801575,Carpinteiro,,scraped,2026-08-07T23:01:08.122393,
8a5c60a8dd95af9e,https://br.linkedin.com/jobs/view/montador-multifuncional-at-jobbol-4449904324,Montador Multifuncional,,scraped,2026-08-07T23:01:16.079439,
a4c60e517ab2b970,https://br.linkedin.com/jobs/view/sales-ambassador-reggio-calabria-at-cosine-italy-4448823287,SALES AMBASSADOR | REGGIO CALABRIA,,scraped,2026-08-07T23:01:24.157989,
4ac707ad5696fe38,https://br.linkedin.com/jobs/view/sales-assistant-flagship-store-milano-at-cosine-italy-4448040589,SALES ASSISTANT | FLAGSHIP STORE MILANO,,scraped,2026-08-07T23:01:30.776124,
4f48aedbdaf2cb54,https://br.linkedin.com/jobs/view/auxiliar-de-limpeza-e-conserva%C3%A7%C3%A3o-asun-santana-porto-alegre-at-asun-supermercados-4448624395,AUXILIAR DE LIMPEZA E CONSERVAÇÃO  - ASUN SANTANA (PORTO ALEGRE),,scraped,2026-08-07T23:02:15.598349,
710824d51f7a8461,https://br.linkedin.com/jobs/view/ux-researcher-pleno-at-dex01-4450007569,Ux Researcher Pleno,,scraped,2026-08-07T23:02:32.830939,
958a0b28192a72f3,https://br.linkedin.com/jobs/view/auxiliar-de-dep%C3%B3sito-at-supermercados-andreazza-4448213246,Auxiliar de Depósito,,scraped,2026-08-07T23:02:49.961229,
2648234abd3f70b1,https://br.linkedin.com/jobs/view/caixa-at-esta%C3%A7%C3%A3o-dos-churros-4445588033,Caixa,ESTAÇÃO DOS CHURROS,failed|wp_post_failed,2026-08-07T23:03:20.696448,
32c6b52431b2a696,https://br.linkedin.com/jobs/view/motorista-at-scherer-s-a-4447732860,Motorista,Scherer S/A,failed|wp_post_failed,2026-08-07T23:04:20.931277,
77d3ba1cf59c9979,https://br.linkedin.com/jobs/view/porteiro-at-grupo-volpato-seguran%C3%A7a-4450023848,Porteiro,,scraped,2026-08-07T23:04:23.605793,
e64ab3974fe1ce81,https://br.linkedin.com/jobs/view/lojas-renner-fiscal-de-loja-praia-de-belas-porto-alegre-rs-at-lojas-renner-s-a-4438396657,|LOJAS RENNER| Fiscal de Loja - Praia de Belas- Porto Alegre RS,,scraped,2026-08-07T23:04:33.460731,
e952ecc7ff9a8ea5,https://br.linkedin.com/jobs/view/gestor-de-tr%C3%A1fego-at-ag%C3%AAncia-be%2B-4446224610,Gestor de Tráfego,Agência BE+,failed|wp_post_failed,2026-08-07T23:05:12.247203,
a47110b39678447e,https://br.linkedin.com/jobs/view/auxiliar-de-limpeza-asun-pontal-at-asun-supermercados-4449063555,AUXILIAR DE LIMPEZA  - ASUN PONTAL,,scraped,2026-08-07T23:05:14.917283,
ba99116bdffde7df,https://br.linkedin.com/jobs/view/auxilar-de-servi%C3%A7o-gerais-at-cesal-cl%C3%ADnica-veterin%C3%A1ria-24-horas-4446692662,Auxilar de serviço gerais,CESAL - Clínica Veterinária 24 horas,failed|wp_post_failed,2026-08-07T23:06:02.762378,
f1c408509ffeb199,https://br.linkedin.com/jobs/view/auxiliar-de-cozinha-petiskeira-shopping-iguatemi-porto-alegre-at-petiskeira-restaurantes-4445819523,Auxiliar de Cozinha Petiskeira shopping Iguatemi Porto Alegre,,scraped,2026-08-07T23:06:05.340351,
55a235cbfce0c509,https://br.linkedin.com/jobs/view/servente-de-obras-at-jobbol-4447800955,Servente de Obras,,scraped,2026-08-07T23:06:29.623860,
6007b108b1940371,https://br.linkedin.com/jobs/view/operador-de-central-de-concreto-at-jobbol-4448610567,Operador de Central de Concreto,,scraped,2026-08-07T23:06:37.681740,
61a21720a9e48571,https://br.linkedin.com/jobs/view/auxiliar-de-pintura-e-turno-at-pertencer-desenvolvimento-humano-e-organizacional-4445577315,Auxiliar de Pintura e turno,Pertencer Desenvolvimento Humano e Organizacional,failed|wp_post_failed,2026-08-07T23:07:55.224714,
e92b4dd6893f3b24,https://br.linkedin.com/jobs/view/encarregado-de-expedi%C3%A7%C3%A3o-at-jobbol-4448488557,Encarregado de Expedição,,scraped,2026-08-07T23:07:58.140728,
13a5d69e56838b89,https://br.linkedin.com/jobs/view/porteiro-ronda-poa-condom%C3%ADnios-bairro-jardim-do-salso-at-stv-seguran%C3%A7a-4450026907,Porteiro Ronda POA Condomínios - Bairro Jardim Do Salso,,scraped,2026-08-07T23:08:05.380403,
755e1692dd9aeeb4,https://br.linkedin.com/jobs/view/balconista-tarde-at-supermercados-andreazza-4447197747,Balconista tarde,,scraped,2026-08-07T23:08:12.959320,
e92d327a079c66eb,https://br.linkedin.com/jobs/view/excursion-kotor-bay-at-globtour-montenegro-4449085012,Excursion Kotor Bay,,scraped,2026-08-07T23:08:33.461803,
062d3d6d724106fb,https://br.linkedin.com/jobs/view/auxiliar-de-produ%C3%A7%C3%A3o-at-jobbol-4446269719,Auxiliar de Produção,,scraped,2026-08-07T23:08:40.485991,
8ec6b6713b5131cb,https://br.linkedin.com/jobs/view/auxiliar-de-produ%C3%A7%C3%A3o-at-jobbol-4448301241,Auxiliar de Produção,,scraped,2026-08-07T23:08:48.148773,
7353d205cecde465,https://br.linkedin.com/jobs/view/operador-de-empilhadeira-at-unisuper-4445550967,Operador de empilhadeira,UniSuper,failed|wp_post_failed,2026-08-07T23:09:36.018693,
57a60c116845889f,https://br.linkedin.com/jobs/view/meio-oficial-manuten%C3%A7%C3%A3o-industrial-porto-alegre-ofertas-de-emprego-at-manuservicers-4447371656,Meio Oficial Manutenção Industrial - Porto Alegre - Ofertas de Emprego,ManuServiceRS,failed|wp_post_failed,2026-08-07T23:09:53.090585,
3447951777e2ca5b,https://br.linkedin.com/jobs/view/auxiliar-de-limpeza-servi%C3%A7os-gerais-vagas-profissionais-at-pequena-casa-da-crian%C3%A7a-4448084668,Auxiliar de Limpeza/Serviços Gerais - Vagas Profissionais,Pequena Casa da Criança,failed|wp_post_failed,2026-08-07T23:11:23.110905,
e0509c1f378c003f,https://br.linkedin.com/jobs/view/manutencionista-at-jobbol-4448488559,Manutencionista,,scraped,2026-08-07T23:11:39.695149,
37c6da952f1857b8,https://br.linkedin.com/jobs/view/excursion-lovcen-mausoleum-at-globtour-montenegro-4449074633,Excursion Lovcen Mausoleum,,scraped,2026-08-07T23:11:47.666434,
9e7bafbda7f7ff69,https://br.linkedin.com/jobs/view/auxiliar-de-apropria%C3%A7%C3%A3o-de-custos-at-jobbol-4447802504,Auxiliar de Apropriação de Custos,,scraped,2026-08-07T23:11:54.527457,
99134e0eae20dc92,https://br.linkedin.com/jobs/view/operador-de-m%C3%A1quina-turno-tarde-e-noite-at-inbetta-4449249064,Operador de Máquina - TURNO TARDE E NOITE,,scraped,2026-08-07T23:12:15.754748,
93ff7538b02578db,https://br.linkedin.com/jobs/view/agenciador-de-im%C3%B3veis-at-jobbol-4449431521,Agenciador de Imóveis,,scraped,2026-08-07T23:12:29.098131,
5b65470dd706eba8,https://br.linkedin.com/jobs/view/porteiro-%E2%80%93-porto-alegre-%E2%80%93-rs-porto-alegre-ofertas-de-emprego-at-zanc-assessoria-nacional-de-cobran%C3%A7a-4445847054,Porteiro – Porto Alegre – RS - Porto Alegre - Ofertas de Emprego,ZANC Assessoria Nacional de Cobrança,failed|wp_post_failed,2026-08-07T23:13:03.966316,
fde2f5f631d59d40,https://br.linkedin.com/jobs/view/auxiliar-de-confeitaria-at-doce-doc%C3%AA-caf%C3%A9-4448581579,Auxiliar de Confeitaria,,scraped,2026-08-07T23:13:08.920783,
9239a41bab63afcc,https://br.linkedin.com/jobs/view/promotor-de-merchandising-com-moto-at-geniale-trade-innovated-4448621443,Promotor de Merchandising - com moto,,scraped,2026-08-07T23:13:18.119894,
61c1ea495df8eab9,https://br.linkedin.com/jobs/view/oficial-de-manuten%C3%A7%C3%A3o-predial-vagas-profissionais-at-desenfecsul-limpadora-e-conservadora-de-pr%C3%A9dios-ltda-4448404247,Oficial de Manutenção Predial - Vagas Profissionais,Desenfecsul Limpadora e Conservadora de Prédios LTDA.,failed|wp_post_failed,2026-08-07T23:13:47.172405,
2d1107360f801524,https://br.linkedin.com/jobs/view/planner-ii-at-lojas-renner-s-a-4449085366,Planner II,,scraped,2026-08-07T23:13:56.132294,
1144c3623171263b,https://br.linkedin.com/jobs/view/ingenier%C3%ADa-en-ciencias-de-los-materiales-at-facultad-polit%C3%A9cnica-una-4448740200,Ingeniería en Ciencias de los Materiales,,scraped,2026-08-07T23:14:05.153737,
fa1281b1ad3e9ee0,https://br.linkedin.com/jobs/view/licenciatura-en-ciencias-atmosfericas-at-facultad-polit%C3%A9cnica-una-4448735424,Licenciatura en Ciencias Atmosfericas,,scraped,2026-08-07T23:14:17.971465,
6aa68e937778b547,https://br.linkedin.com/jobs/view/dev-oracla-ebs-especialista-segmento-varejista-at-db-4449238414,Dev Oracla EBS Especialista - Segmento Varejista,,scraped,2026-08-07T23:14:30.862900,
7bb2b50890060627,https://br.linkedin.com/jobs/view/auxiliar-de-instala%C3%A7%C3%A3o-de-vidros-caxias-do-sul-at-pilkington-brasil-4448081397,Auxiliar de Instalação de Vidros - Caxias do Sul,Pilkington Brasil,failed|wp_post_failed,2026-08-07T23:14:59.826337,
ea579d4bbaad2ca4,https://br.linkedin.com/jobs/view/auxiliar-cozinha-c%C3%B3d-3012-at-candidata-ai-4450677673,Auxiliar Cozinha (Cód. 3012),,scraped,2026-08-07T23:15:02.419800,
1c8b98b243a12cbe,https://br.linkedin.com/jobs/view/instrutor-de-transporte-de-cargas-logber-rs-at-grupo-bertolini-4445835322,Instrutor de Transporte de Cargas (Logber RS),Grupo Bertolini,failed|wp_post_failed,2026-08-07T23:16:15.078944,
938a815741edf17a,https://br.linkedin.com/jobs/view/auxiliar-de-refrigera%C3%A7%C3%A3o-at-gsc-4448839485,Auxiliar de Refrigeração,,scraped,2026-08-07T23:16:19.947921,
1729236166e55f69,https://br.linkedin.com/jobs/view/addetto-a-inserimento-ordini-%E2%80%93-ufficio-commerciale-at-system-group-pe-pp-pvc-pipes-4449033697,Addetto/a Inserimento Ordini – Ufficio Commerciale,,scraped,2026-08-07T23:16:27.088055,
704dabef0ea13fb3,https://br.linkedin.com/jobs/view/auxiliar-de-caldeiraria-i-at-tmsa-tecnologia-em-movimenta%C3%A7%C3%A3o-4445826416,Auxiliar de Caldeiraria I,,scraped,2026-08-07T23:16:43.203181,
c61fa97ad3775808,https://br.linkedin.com/jobs/view/manutentor-civil-ii-nova-santa-rita-rs-at-mbrf-4449045776,Manutentor Civil II - Nova Santa Rita RS,MBRF,failed|wp_post_failed,2026-08-07T23:17:12.115293,
d2d242893f6efb27,https://br.linkedin.com/jobs/view/supervisor-4448023227,Supervisor,Home Bier,failed|wp_post_failed,2026-08-07T23:17:28.876253,
5e145591d846e18c,https://br.linkedin.com/jobs/view/poa-auxiliar-de-rampa-at-dnata-4245282008,POA- Auxiliar de Rampa,,scraped,2026-08-07T23:17:33.470631,
cdcc53aa72dfabfa,https://br.linkedin.com/jobs/view/auxiliar-de-acabamento-at-agora-makers-4449786956,Auxiliar de Acabamento,Agora Makers,failed|wp_post_failed,2026-08-07T23:18:00.209718,
6aa9e6450afe85e2,https://br.linkedin.com/jobs/view/apartamento-4-quartos-%C3%A0-venda-283-m%C2%B2-moinhos-de-vento-porto-alegre-at-don-investimentos-imobiliarios-4448592784,"Apartamento, 4 quartos, à venda, 283 m², Moinhos de Vento - Porto Alegre",,scraped,2026-08-07T23:18:02.872293,
7edcc5ee5b2a4b70,https://br.linkedin.com/jobs/view/armazenista-expedi%C3%A7%C3%A3o-hor%C3%A1rio-06h30-%C3%A0s-16-18-at-agrosul-foods-4450365007,Armazenista - Expedição - Horário: 06h30 às 16:18,,scraped,2026-08-07T23:18:19.028982,
fa9bd81a49802c15,https://br.linkedin.com/jobs/view/sales-ambassador-ancona-at-cosine-italy-4448817377,SALES AMBASSADOR | ANCONA,,scraped,2026-08-07T23:18:26.003398,
88b04ccc387732c4,https://br.linkedin.com/jobs/view/sales-ambassador-benevento-at-cosine-italy-4448054504,SALES AMBASSADOR | BENEVENTO,,scraped,2026-08-07T23:18:32.963350,
d19ced7d9cf86958,https://br.linkedin.com/jobs/view/operador-de-central-de-concreto-at-jobbol-4448396775,Operador de Central de Concreto,,scraped,2026-08-07T23:18:41.495032,
e6dc0f10c3307e8c,https://br.linkedin.com/jobs/view/sales-promoter-telefonia-unieuro-pederobba-tv-at-cosine-italy-4448979576,SALES PROMOTER TELEFONIA | UNIEURO PEDEROBBA | TV,,scraped,2026-08-07T23:18:50.958566,
8c7116595004569d,https://br.linkedin.com/jobs/view/sales-ambassador-caserta-at-cosine-italy-4448827176,SALES AMBASSADOR | CASERTA,,scraped,2026-08-07T23:18:57.742956,
1eb1684c2ee81bd7,https://br.linkedin.com/jobs/view/sales-ambassador-grosseto-at-cosine-italy-4448443603,SALES AMBASSADOR | GROSSETO,,scraped,2026-08-07T23:19:04.421530,
6e928718025a9f7d,https://br.linkedin.com/jobs/view/sales-ambassador-siracusa-at-cosine-italy-4448051518,SALES AMBASSADOR | SIRACUSA,,scraped,2026-08-07T23:19:12.991884,
bc8e594a4417d303,https://br.linkedin.com/jobs/view/auxiliar-de-produ%C3%A7%C3%A3o-de-pintura-at-jobbol-4447805374,Auxiliar de Produção de Pintura,,scraped,2026-08-07T23:19:21.627098,
803dad6126b266fa,https://br.linkedin.com/jobs/view/operador-de-m%C3%A1quinas-at-jobbol-4446259792,Operador de Máquinas,,scraped,2026-08-07T23:19:29.312742,
30b2131429e535e8,https://br.linkedin.com/jobs/view/sales-ambassador-ragusa-at-cosine-italy-4448828081,SALES AMBASSADOR | RAGUSA,,scraped,2026-08-07T23:19:40.627313,
67e4b526b39a1f41,https://br.linkedin.com/jobs/view/atendente-de-cafeteria-at-jobbol-4449959954,Atendente de Cafeteria,,scraped,2026-08-07T23:19:49.340814,
03685208087dc3a2,https://br.linkedin.com/jobs/view/sales-ambassador-napoli-at-cosine-italy-4448050533,SALES AMBASSADOR | NAPOLI,,scraped,2026-08-07T23:19:56.849125,
e664dbad31576efe,https://br.linkedin.com/jobs/view/operador-de-caixa-integral-at-supermercados-andreazza-4450008097,Operador de Caixa integral,,scraped,2026-08-07T23:20:03.344092,
c585f73d94814176,https://br.linkedin.com/jobs/view/operador-geral-de-equipamentos-at-jobbol-4447808361,Operador Geral de Equipamentos,,scraped,2026-08-07T23:20:11.992716,
ae0adb95c568bc19,https://br.linkedin.com/jobs/view/auxiliar-de-produ%C3%A7%C3%A3o-at-jobbol-4446273590,Auxiliar de Produção,,scraped,2026-08-07T23:20:22.152035,
d6c315acf2700d04,https://br.linkedin.com/jobs/view/auxiliar-de-perec%C3%ADveis-hortifruti-porto-alegre-ofertas-de-emprego-at-unisuper-4445841108,Auxiliar de Perecíveis / Hortifruti - Porto Alegre - Ofertas de Emprego,UniSuper,failed|wp_post_failed,2026-08-07T23:20:56.375373,
264c0d0b2e318604,https://br.linkedin.com/jobs/view/sales-ambassador-bari-at-cosine-italy-4448051515,SALES AMBASSADOR | BARI,,scraped,2026-08-07T23:21:01.216045,
d9508f5ec765be61,https://br.linkedin.com/jobs/view/sales-ambassador-bari-at-cosine-italy-4448045580,SALES AMBASSADOR | BARI,,scraped,2026-08-07T23:21:07.853443,
eb0a1096c26630b5,https://br.linkedin.com/jobs/view/atendente-de-padaria-at-jobbol-4449441322,Atendente de Padaria,,scraped,2026-08-07T23:21:24.613210,
0db2ba1207942b35,https://br.linkedin.com/jobs/view/farmac%C3%AAutico-at-jobbol-4449966084,Farmacêutico,,scraped,2026-08-07T23:21:31.859339,
18f225274dec10c3,https://br.linkedin.com/jobs/view/sales-ambassador-napoli-at-cosine-italy-4448054509,SALES AMBASSADOR | NAPOLI,,scraped,2026-08-07T23:21:39.182370,
ca96d7f4da9e12e1,https://br.linkedin.com/jobs/view/auxiliar-de-mec%C3%A2nico-at-jobbol-4447862568,Auxiliar de Mecânico,,scraped,2026-08-07T23:21:45.699672,
904580057dd9d5be,https://br.linkedin.com/jobs/view/sales-ambassador-imperia-at-cosine-italy-4448035642,SALES AMBASSADOR | IMPERIA,,scraped,2026-08-07T23:21:53.244823,
78c8a0d1239caac5,https://br.linkedin.com/jobs/view/eletricista-predial-%E2%80%93-canoas-%E2%80%93-rs-canoas-ofertas-de-emprego-at-manuservicers-4447382266,Eletricista Predial – Canoas – RS - Canoas - Ofertas de Emprego,ManuServiceRS,failed|wp_post_failed,2026-08-07T23:22:17.007764,
3b16f8dcedbe085c,https://br.linkedin.com/jobs/view/rappresentante-commerciale-sul-territorio-pesaro-e-urbino-at-cosine-italy-4448809588,RAPPRESENTANTE COMMERCIALE SUL TERRITORIO | PESARO E URBINO,,scraped,2026-08-07T23:22:19.636236,
948a5aa861e35d26,https://br.linkedin.com/jobs/view/sales-ambassador-enna-at-cosine-italy-4448811506,SALES AMBASSADOR | ENNA,,scraped,2026-08-07T23:22:26.213729,
b9a434a2f07d327b,https://br.linkedin.com/jobs/view/summer-by-niquita-bento-at-boss-models-south-africa-4451020129,Summer by Niquita Bento,,scraped,2026-08-08T01:57:11.926861,
b6ce8e5e33e7e580,https://br.linkedin.com/jobs/view/ascensorista-at-marista-brasil-4450398260,ASCENSORISTA,Marista Brasil,failed|wp_post_failed,2026-08-08T01:57:46.624492,
9cf7ba0db11f8e70,https://br.linkedin.com/jobs/view/manobrista-at-safe-park-4450035162,Manobrista,Safe Park,failed|wp_post_failed,2026-08-08T01:58:07.953813,
9a06614c918199f2,https://br.linkedin.com/jobs/view/auxiliar-de-manuten%C3%A7%C3%A3o-nova-roma-do-sul-at-gba-facilities-4450033306,Auxiliar de Manutenção - NOVA ROMA DO SUL,,scraped,2026-08-08T01:58:10.580305,
c39f0b82e2a4308e,https://br.linkedin.com/jobs/view/gestor-a-de-condom%C3%ADnios-at-imobili%C3%A1ria-cadore-4448026316,Gestor(a) de Condomínios,,scraped,2026-08-08T01:58:34.486068,
b619e97d52a7a0ba,https://br.linkedin.com/jobs/view/auxiliar-de-limpeza-at-unisuper-4450031646,Auxiliar de limpeza,UniSuper,failed|wp_post_failed,2026-08-08T01:59:07.466842,
12508a3d8f0a6d37,https://br.linkedin.com/jobs/view/autista-at-daiki-group-4447348988,Autista,Daiki Group,failed|wp_post_failed,2026-08-08T02:00:07.821774,
abc1925e1dbb3b34,https://br.linkedin.com/jobs/view/arrumadeira-o-jr-at-atrio-hotel-management-4448220131,Arrumadeira(o) Jr.,,scraped,2026-08-08T02:00:10.463735,
fc852d7ba6362a4f,https://br.linkedin.com/jobs/view/retail-specialist-foggia-at-cosine-italy-4448046559,Retail Specialist | Foggia,,scraped,2026-08-08T02:00:33.215382,
3568e94c2e49b09d,https://br.linkedin.com/jobs/view/retail-specialist-milano-at-cosine-italy-4448043547,Retail Specialist | Milano,,scraped,2026-08-08T02:00:57.827693,
a2488f850d894cd3,https://br.linkedin.com/jobs/view/marceneiro-porto-alegre-ofertas-de-emprego-at-desenfecsul-limpadora-e-conservadora-de-pr%C3%A9dios-ltda-4448403216,Marceneiro - Porto Alegre - Ofertas de Emprego,Desenfecsul Limpadora e Conservadora de Prédios LTDA.,failed|wp_post_failed,2026-08-08T02:03:18.451647,
6aae35efe732374d,https://br.linkedin.com/jobs/view/sondador-ii-at-engefoto-engenharia-e-aerolevantamentos-s-a-4450619970,Sondador II,ENGEFOTO Engenharia e Aerolevantamentos Ltda.,failed|wp_post_failed,2026-08-08T02:03:59.574418,
d30bde63209d61bf,https://br.linkedin.com/jobs/view/gestor-de-turismo-at-courmayeur-domaine-4451011217,Gestor de turismo,,scraped,2026-08-08T02:04:02.233696,
50bcd869b7b29b05,https://br.linkedin.com/jobs/view/ingenier%C3%ADa-en-marketing-at-facultad-polit%C3%A9cnica-una-4448743132,Ingeniería en Marketing,,scraped,2026-08-08T02:04:44.468631,
195785e6d3cf1ac8,https://br.linkedin.com/jobs/view/agente-de-monitoramento-gravata%C3%AD-ofertas-de-emprego-at-graber-sistemas-de-seguran%C3%A7a-4447371687,Agente de Monitoramento - Gravataí - Ofertas de Emprego,,scraped,2026-08-08T02:04:57.262060,
d0dc3fc0427b27aa,https://br.linkedin.com/jobs/view/apartment-budva-at-globtour-montenegro-4449079230,Apartment Budva *****,,scraped,2026-08-08T02:05:04.882848,
534322efcd4a1571,https://br.linkedin.com/jobs/view/auxiliar-de-servi%C3%A7os-gerais-masculino-poa-condom%C3%ADnios-bairro-bela-vista-at-stv-seguran%C3%A7a-4450041012,Auxiliar de Serviços Gerais masculino POA Condomínios - Bairro Bela Vista,,scraped,2026-08-08T02:06:45.910646,
715ce756ac75d554,https://br.linkedin.com/jobs/view/operador-de-loja-ii-at-supermercados-andreazza-4448583478,Operador de Loja II,,scraped,2026-08-08T02:06:52.269789,
9ab2543689031cb8,https://br.linkedin.com/jobs/view/promotor-de-vendas-caxias-do-sul-rs-at-jbs-4438712945,Promotor de Vendas - Caxias do Sul/RS,JBS,failed|wp_post_failed,2026-08-08T02:08:41.104997,
588cc9ffd447f794,https://br.linkedin.com/jobs/view/auxiliar-de-manuten%C3%A7%C3%A3o-porto-alegre-ofertas-de-emprego-at-hospital-israelita-albert-sabin-4448096317,Auxiliar de Manutenção - Porto Alegre - Ofertas de Emprego,Hospital Israelita Albert Sabin,failed|wp_post_failed,2026-08-08T02:09:17.231869,
62d7d146f14fde22,https://br.linkedin.com/jobs/view/vendedor-at-magalu-4448672322,VENDEDOR,Magalu,failed|wp_post_failed,2026-08-08T02:09:38.101004,
c71f6717ca4895d5,https://br.linkedin.com/jobs/view/a%C3%A7ougueiro-at-jobbol-4451017616,Açougueiro,,scraped,2026-08-08T02:09:58.812423,
ca4eee7a55ee7547,https://br.linkedin.com/jobs/view/auxiliar-de-refeit%C3%B3rio-at-jobbol-4451029116,Auxiliar de Refeitório,,scraped,2026-08-08T02:10:12.250845,
ebff133e2421b052,https://br.linkedin.com/jobs/view/operador-de-m%C3%A1quinas-turno-at-pertencer-desenvolvimento-humano-e-organizacional-4445564953,Operador de máquinas - Turno,,scraped,2026-08-08T02:10:27.425391,
56711e0bac264550,https://br.linkedin.com/jobs/view/supervisor-de-loja-porto-alegre-rs-at-autozone-4449113166,Supervisor de Loja - Porto Alegre RS,AutoZone,failed|wp_post_failed,2026-08-08T02:10:50.146946,
e2ac622c66f6c9e2,https://br.linkedin.com/jobs/view/montador-pcd-at-pertencer-desenvolvimento-humano-e-organizacional-4445565583,Montador PCD,,scraped,2026-08-08T02:10:52.713119,
3970d34ce85f0977,https://br.linkedin.com/jobs/view/montador-t%C3%A9cnico-at-jobbol-4450763495,Montador Técnico,,scraped,2026-08-08T02:11:00.220040,
d89db09e74b9f4af,https://br.linkedin.com/jobs/view/or%C3%A7amentista-de-constru%C3%A7%C3%A3o-civil-j%C3%BAnior-at-jobbol-4449040634,Orçamentista de Construção Civil Júnior,Jobbol,failed|wp_post_failed,2026-08-08T02:11:37.796782,
4bfa7d0f5d8e770e,https://br.linkedin.com/jobs/view/sales-ambassador-salerno-at-cosine-italy-4448807983,SALES AMBASSADOR | SALERNO,,scraped,2026-08-08T02:11:40.440335,
9c5f4312f712395c,https://br.linkedin.com/jobs/view/sales-ambassador-avellino-at-cosine-italy-4448818359,SALES AMBASSADOR | AVELLINO,,scraped,2026-08-08T02:12:02.882658,
e7100af591feb16e,https://br.linkedin.com/jobs/view/one-and-only-portonovi-at-globtour-montenegro-4449082077,One and Only Portonovi *****,,scraped,2026-08-08T02:12:09.211216,
223ecf1e1a0ae9f7,https://br.linkedin.com/jobs/view/auxiliar-de-a%C3%A7ougue-%E2%80%93-canoas-s%C3%A3o-leopoldo-%E2%80%93-rs-s%C3%A3o-leopoldo-ofertas-de-emprego-at-unisuper-4445837251,Auxiliar de Açougue – Canoas / São Leopoldo – RS - São Leopoldo - Ofertas de Emprego,UniSuper,failed|wp_post_failed,2026-08-08T02:12:55.221187,
67b489029d6158d1,https://br.linkedin.com/jobs/view/vendedor-at-magalu-4413790053,VENDEDOR,Magalu,failed|wp_post_failed,2026-08-08T02:13:32.703279,
7aebfcd65715b556,https://br.linkedin.com/jobs/view/instalador-de-sistemas-de-seguran%C3%A7a-eletr%C3%B4nica-porto-alegre-rs-vagas-profissionais-at-graber-sistemas-de-seguran%C3%A7a-4446622164,Instalador de Sistemas de Segurança Eletrônica | Porto Alegre - RS - Vagas Profissionais,,scraped,2026-08-08T02:13:37.313868,
51d0f564ca031d0b,https://br.linkedin.com/jobs/view/auxiliar-de-manuten%C3%A7%C3%A3o-de-extintores-de-inc%C3%AAndio-at-microempa-rs-4448591383,Auxiliar de manutenção de Extintores de Incêndio,,scraped,2026-08-08T02:13:58.439073,
7d4f347dd106ef42,https://br.linkedin.com/jobs/view/auxiliar-de-produ%C3%A7%C3%A3o-pcd-at-alternativa-componentes-4450782840,Auxiliar de Produção - PCD,,scraped,2026-08-08T02:14:55.652116,
78da99f22f33a6b9,https://br.linkedin.com/jobs/view/operatore-telefonico-gestione-clienti-at-best-of-rent-agenzia-leasys-4450388802,OPERATORE TELEFONICO / GESTIONE CLIENTI,,scraped,2026-08-08T02:15:29.650053,
55c8fbd6b2adbd1f,https://br.linkedin.com/jobs/view/auxiliar-de-dep%C3%B3sito-at-supermercados-andreazza-4449797667,Auxiliar de Depósito,,scraped,2026-08-08T02:15:54.810456,
f0d4ce3c7a1457b8,https://br.linkedin.com/jobs/view/coordenador-de-hospedagem-at-jobbol-4450765433,Coordenador de Hospedagem,,scraped,2026-08-08T02:16:05.388488,
214c3608f8b8f359,https://br.linkedin.com/jobs/view/auxiliar-de-produ%C3%A7%C3%A3o-sala-de-cortes-hor%C3%A1rio-h-%C3%A0s-h-at-alimentos-zaeli-4445573046,Auxiliar de produção - Sala de cortes - Horário h às h,,scraped,2026-08-08T02:16:30.806032,
7d7493af0d759757,https://br.linkedin.com/jobs/view/sales-promoter-telefonia-milanofiori-assago-at-cosine-italy-4449222094,SALES PROMOTER TELEFONIA | MILANOFIORI | ASSAGO,,scraped,2026-08-08T02:16:59.363979,
bb9186f5f832766a,https://br.linkedin.com/jobs/view/padeiro-at-jobbol-4449446121,Padeiro,,scraped,2026-08-08T03:40:00.711208,
550268efceffd7a6,https://br.linkedin.com/jobs/view/trabalhe-conosco-porto-alegre-at-brink%E2%80%99s-inc-4449088577,Trabalhe Conosco - Porto Alegre,Brink’s Inc,failed|wp_post_failed,2026-08-08T03:40:23.866273,
92df310f115cd394,https://br.linkedin.com/jobs/view/pedreiro-rs-at-selsul-recursos-humanos-4450531526,Pedreiro - RS,,scraped,2026-08-08T03:40:26.418992,
7d3ca271d0261070,https://br.linkedin.com/jobs/view/manobrista-rs-at-safe-park-4450532634,Manobrista - RS,Safe Park,failed|wp_post_failed,2026-08-08T03:40:57.475312,
18747485e950c60d,https://br.linkedin.com/jobs/view/caldeireiro-%E2%80%93-gua%C3%ADba-%E2%80%93-rs-gua%C3%ADba-ofertas-de-emprego-at-manuservicers-4447363947,Caldeireiro – Guaíba – RS - Guaíba - Ofertas de Emprego,ManuServiceRS,failed|wp_post_failed,2026-08-08T03:41:15.681798,
7add67b36174ea8d,https://br.linkedin.com/jobs/view/caldeireiro-%E2%80%93-gua%C3%ADba-%E2%80%93-rs-vagas-profissionais-at-manuservicers-4445587967,Caldeireiro – Guaíba – RS - Vagas Profissionais,ManuServiceRS,failed|wp_post_failed,2026-08-08T03:41:31.834054,
5f11323171173e48,https://br.linkedin.com/jobs/view/or%C3%A7amentista-at-capta-servicos-empresariais-4447314537,Orçamentista,Capta Servicos Empresariais,failed|wp_post_failed,2026-08-08T03:41:48.489040,
d478ea920e1d10c2,https://br.linkedin.com/jobs/view/lavador-de-veiculos-i-rs-at-mercurio-4450540185,LAVADOR DE VEICULOS I - RS,Mercurio,failed|wp_post_failed,2026-08-08T03:42:05.736173,
da0e939811ce8cce,https://br.linkedin.com/jobs/view/camareira-at-intercity-hotels-4448198879,Camareira,,scraped,2026-08-08T03:42:08.462479,
851591d0d71fffcb,https://br.linkedin.com/jobs/view/fiscal-de-loja-barra-shopping-at-superlegal-brinquedos-4448629318,Fiscal de Loja Barra Shopping,Superlegal Brinquedos,failed|wp_post_failed,2026-08-08T03:42:32.769859,
09b52fec1087ac77,https://br.linkedin.com/jobs/view/programador-shima-seiki-4448076506,Programador shima seiki,Vimaj Malhas,failed|wp_post_failed,2026-08-08T03:42:47.527167,
29a17d28a689d442,https://br.linkedin.com/jobs/view/colorista-rs-at-soft-film-ind%C3%BAstria-e-com%C3%A9rcio-de-pl%C3%A1sticos-ltda-4450546382,Colorista - RS,,scraped,2026-08-08T03:42:54.114890,
c397d4251e7791e6,https://br.linkedin.com/jobs/view/supridor-repositor-rs-at-unidasul-distribuidora-aliment%C3%ADcia-s-a-4450537278,Supridor Repositor - RS,,scraped,2026-08-08T03:43:01.235987,
a3a52281c2c7d236,https://br.linkedin.com/jobs/view/conferente-rs-at-garra-rh-4450542430,Conferente - RS,Garra RH,failed|wp_post_failed,2026-08-08T03:43:23.402264,
378bf75757ed5d91,https://br.linkedin.com/jobs/view/porteiro-rs-at-stv-seguran%C3%A7a-4450545310,Porteiro - RS,,scraped,2026-08-08T03:43:25.998959,
ad509cdc62075117,https://br.linkedin.com/jobs/view/retail-specialist-benevento-at-cosine-italy-4448050526,Retail Specialist | Benevento,,scraped,2026-08-08T03:43:48.385982,
cf2342df61fc5970,https://br.linkedin.com/jobs/view/retail-specialist-siracusa-at-cosine-italy-4448829034,Retail Specialist | Siracusa,,scraped,2026-08-08T03:43:54.831472,
161a2db943467353,https://br.linkedin.com/jobs/view/retail-specialist-trento-at-cosine-italy-4448830008,Retail Specialist | Trento,,scraped,2026-08-08T03:44:01.140960,
815366176806bdc2,https://br.linkedin.com/jobs/view/retail-specialist-grosseto-at-cosine-italy-4448812474,Retail Specialist | Grosseto,,scraped,2026-08-08T03:44:21.475308,
a95a3e47f1c9b16b,https://br.linkedin.com/jobs/view/retail-specialist-messina-at-cosine-italy-4448057460,Retail Specialist | Messina,,scraped,2026-08-08T03:44:27.859423,
ac601ada323182b2,https://br.linkedin.com/jobs/view/retail-specialist-napoli-at-cosine-italy-4448047518,Retail Specialist | Napoli,,scraped,2026-08-08T03:44:34.304539,
a9e8a18932464fa5,https://br.linkedin.com/jobs/view/retail-specialist-campobasso-at-cosine-italy-4448820312,Retail Specialist | Campobasso,,scraped,2026-08-08T03:44:50.729665,
6dde0fb6bf3b2772,https://br.linkedin.com/jobs/view/retail-specialist-firenze-at-cosine-italy-4448044592,Retail Specialist | Firenze,,scraped,2026-08-08T03:44:57.151413,
29bf964e1cfeffef,https://br.linkedin.com/jobs/view/retail-specialist-pordenone-at-cosine-italy-4448826233,Retail Specialist | Pordenone,,scraped,2026-08-08T03:45:03.600671,
a6963552839ae151,https://br.linkedin.com/jobs/view/retail-specialist-cosenza-at-cosine-italy-4448813436,Retail Specialist | Cosenza,,scraped,2026-08-08T03:45:09.968363,
5debbbcb0110d7b2,https://br.linkedin.com/jobs/view/zelador-at-jobbol-4449973012,Zelador,,scraped,2026-08-08T03:45:16.349029,
d15cc499c3c9abdc,https://br.linkedin.com/jobs/view/promotor-ivoti-ivoti-ofertas-de-emprego-at-severas-merchandising-4445832940,Promotor - Ivoti - Ivoti - Ofertas de Emprego,,scraped,2026-08-08T03:45:34.212424,
89ec7aadb18621b3,https://br.linkedin.com/jobs/view/retail-specialist-latina-at-cosine-italy-4448810578,Retail Specialist | Latina,,scraped,2026-08-08T03:45:42.003477,
43d521d352b43b08,https://br.linkedin.com/jobs/view/repositor-ii-at-supermercados-andreazza-4448205353,Repositor II,,scraped,2026-08-08T03:45:48.577303,
c91caffd64b9a508,https://br.linkedin.com/jobs/view/repositor-ii-at-supermercados-andreazza-4449792855,Repositor II,,scraped,2026-08-08T03:45:56.890163,
f8ef26e7b88753ac,https://br.linkedin.com/jobs/view/repositor-ii-at-supermercados-andreazza-4448201635,Repositor II,,scraped,2026-08-08T03:46:05.424717,
c57d7834497c8457,https://br.linkedin.com/jobs/view/promotor-lajeado-lajeado-ofertas-de-emprego-at-severas-merchandising-4445843014,Promotor - Lajeado - Lajeado - Ofertas de Emprego,,scraped,2026-08-08T03:46:23.703353,
a009a8bf19355038,https://br.linkedin.com/jobs/view/auxiliar-de-limpeza-%E2%80%93-alvorada-%E2%80%93-rs-vagas-profissionais-at-jose-itamar-dos-santos-penteado-4448091364,Auxiliar de Limpeza – Alvorada – RS - Vagas Profissionais,Jose Itamar Dos Santos Penteado,failed|wp_post_failed,2026-08-08T03:46:46.408719,
aed9ac621929f8bc,https://br.linkedin.com/jobs/view/promotor-a-lajeado-vagas-profissionais-at-severas-merchandising-4446609433,Promotor(A) - Lajeado - Vagas Profissionais,,scraped,2026-08-08T03:46:49.134186,
ddddfa29590a1eb8,https://br.linkedin.com/jobs/view/oficial-manutencao-predial-vagas-profissionais-at-manuservicers-4445589317,Oficial Manutencao Predial - Vagas Profissionais,ManuServiceRS,failed|wp_post_failed,2026-08-08T03:47:11.508593,
50693ff9451d069e,https://br.linkedin.com/jobs/view/lavador-de-ve%C3%ADculos-at-jobbol-4448483785,Lavador de Veículos,,scraped,2026-08-08T03:47:14.114665,
730841fa422359de,https://br.linkedin.com/jobs/view/pizzaiolo-at-jobbol-4450632460,Pizzaiolo,,scraped,2026-08-08T03:47:25.714121,
fbc8d58ec371ca15,https://br.linkedin.com/jobs/view/padeiro-%E2%80%93-zona-norte-%E2%80%93-porto-alegre-%E2%80%93-rs-porto-alegre-ofertas-de-emprego-at-unisuper-4445842161,Padeiro – Zona Norte – Porto Alegre – RS - Porto Alegre - Ofertas de Emprego,UniSuper,failed|wp_post_failed,2026-08-08T03:47:58.844101,
370edae1f5ee2922,https://br.linkedin.com/jobs/view/or%C3%A7amentista-at-jobbol-4450246997,Orçamentista,,scraped,2026-08-08T03:48:01.398271,
34acfeb932531164,https://br.linkedin.com/jobs/view/padeiro-%E2%80%93-porto-alegre-%E2%80%93-rs-porto-alegre-ofertas-de-emprego-at-unisuper-4445833990,Padeiro – Porto Alegre – RS - Porto Alegre - Ofertas de Emprego,UniSuper,failed|wp_post_failed,2026-08-08T03:48:32.421502,
d4e92128fd7d8eca,https://br.linkedin.com/jobs/view/retificador-at-jobbol-4449441255,Retificador,,scraped,2026-08-08T03:48:35.032338,
ca955f2c05c0b09e,https://br.linkedin.com/jobs/view/auxiliar-de-servi%C3%A7os-gerais-at-jobbol-4448705069,Auxiliar de Serviços Gerais,,scraped,2026-08-08T03:48:42.186343,
253c87f355fd5469,https://br.linkedin.com/jobs/view/brand-ambassador-lecce-e-territorio-at-cosine-italy-4448809574,Brand Ambassador | Lecce e territorio,,scraped,2026-08-08T03:48:49.690061,
cdc490cf6635a90a,https://br.linkedin.com/jobs/view/auxiliar-de-higieniza%C3%A7%C3%A3o-at-jobbol-4448131192,Auxiliar de Higienização,,scraped,2026-08-08T03:48:56.267400,
934f6451b062b397,https://br.linkedin.com/jobs/view/trocador-de-moldes-at-jobbol-4449046636,Trocador de Moldes,,scraped,2026-08-08T03:49:07.425373,
48deaad3088955fe,https://br.linkedin.com/jobs/view/auxiliar-de-perec%C3%ADveis-padaria-vagas-profissionais-at-unisuper-4445839265,Auxiliar de Perecíveis / Padaria - Vagas Profissionais,UniSuper,failed|wp_post_failed,2026-08-08T03:49:43.227175,
1f55ed3fd44de275,https://br.linkedin.com/jobs/view/operador-de-prensa-rs-at-pertencer-desenvolvimento-humano-e-organizacional-4450539365,Operador de prensa - RS,,scraped,2026-08-08T03:49:45.906103,
a3282e671a83d6ed,https://br.linkedin.com/jobs/view/brand-ambassador-savona-e-territorio-at-cosine-italy-4449203762,Brand Ambassador | Savona e territorio,,scraped,2026-08-08T03:49:54.758930,
bb371d119d3f1663,https://br.linkedin.com/jobs/view/promotor-novo-hamburgo-vagas-profissionais-at-severas-merchandising-4446619237,Promotor - Novo Hamburgo - Vagas Profissionais,,scraped,2026-08-08T03:50:01.139360,
9c40dbdf469ebcc4,https://br.linkedin.com/jobs/view/brand-ambassador-porto-cervo-at-cosine-italy-4445567880,Brand Ambassador | Porto Cervo,,scraped,2026-08-08T03:50:08.067261,
db2c63c8b9d73827,https://br.linkedin.com/jobs/view/higienizadora-cl%C3%ADnica-de-repouso-rs-at-pertencer-desenvolvimento-humano-e-organizacional-4450534562,Higienizadora (clínica de repouso) - RS,,scraped,2026-08-08T03:50:34.753584,
93b657f642b9351a,https://br.linkedin.com/jobs/view/vigilante-para-taquari-rs-at-tlsv-servi%C3%A7os-em-telecomunica%C3%A7%C3%B5es-4451045060,Vigilante para Taquari RS,,scraped,2026-08-08T03:50:42.017535,
4032d4bb2f0e7ea8,https://br.linkedin.com/jobs/view/supridor-repositor-rs-at-unidasul-distribuidora-aliment%C3%ADcia-s-a-4450537240,Supridor Repositor - RS,,scraped,2026-08-08T03:50:49.921223,
d9ed8f5428070806,https://br.linkedin.com/jobs/view/instalador-de-comunica%C3%A7%C3%A3o-visual-rs-at-selsul-recursos-humanos-4450531794,Instalador de Comunicação Visual - RS,,scraped,2026-08-08T03:51:00.452081,
5944d06c11aadae0,https://br.linkedin.com/jobs/view/elet-ilum-publica-rs-at-mercurio-4450546182,ELET. ILUM PUBLICA - RS,Mercurio,failed|wp_post_failed,2026-08-08T03:51:24.309910,
4a95207547740364,https://br.linkedin.com/jobs/view/auxiliar-de-produ%C3%A7%C3%A3o-rs-at-lampert-rh-digital-4450538465,Auxiliar de produção - RS,,scraped,2026-08-08T03:51:38.925886,
0c365bbcbfd0631a,https://br.linkedin.com/jobs/view/chapista-de-restaurante-petiskeira-shopping-praia-de-belas-porto-alegre-rs-at-petiskeira-restaurantes-4450541069,Chapista de Restaurante Petiskeira Shopping Praia de Belas Porto Alegre - RS,,scraped,2026-08-08T03:51:58.970615,
95bb429226c62c7f,https://br.linkedin.com/jobs/view/avaliador-a-de-ve%C3%ADculos-rs-at-grupo-carburgo-4450523889,Avaliador a de Veículos - RS,,scraped,2026-08-08T03:52:10.591752,
1800330fe2acde48,https://br.linkedin.com/jobs/view/abap-tech-lead-at-epam-systems-4451031456,ABAP Tech Lead,EPAM Systems,failed|wp_post_failed,2026-08-08T03:52:34.349239,
81d8c981ad5b52b8,https://br.linkedin.com/jobs/view/agente-de-higieniza%C3%A7%C3%A3o-rs-at-rede-drops-mot%C3%A9is-4450546343,Agente de Higienização - RS,,scraped,2026-08-08T03:52:42.894702,
fdc9aa7d8fc348f8,https://br.linkedin.com/jobs/view/administrador-comos-at-contratec-engenharia-ltda-4448041434,Administrador COMOS,,scraped,2026-08-08T03:52:52.167451,
05e8e93647663d5e,https://br.linkedin.com/jobs/view/carregador-entregas-regi%C3%A3o-serra-rs-at-alimentos-zaeli-4450548373,Carregador - Entregas -REGIÃO SERRA - RS,,scraped,2026-08-08T03:53:07.825013,
fbfce796740a7d83,https://br.linkedin.com/jobs/view/prototipista-evviva-rs-rs-at-grupo-bertolini-4450533926,Prototipista (Evviva - RS) - RS,,scraped,2026-08-08T03:53:14.392713,
389c774fca39ba1d,https://br.linkedin.com/jobs/view/expedidor-rs-at-lampert-rh-digital-4450545363,Expedidor - RS,,scraped,2026-08-08T03:53:21.882356,
1b5e8b1288af1649,https://br.linkedin.com/jobs/view/operador-de-via-permanente-rs-at-giordani-turismo-ltda-4450529813,Operador de Via Permanente - RS,Giordani Turismo Ltda,failed|wp_post_failed,2026-08-08T03:53:43.717082,
b099ee0c0b34e85c,https://br.linkedin.com/jobs/view/brand-ambassador-macerata-e-territorio-at-cosine-italy-4449222076,Brand Ambassador | Macerata e territorio,,scraped,2026-08-08T03:53:58.267292,
64224230186afe4b,https://br.linkedin.com/jobs/view/brand-ambassador-san-teodoro-at-cosine-italy-4445588539,Brand Ambassador | San Teodoro,,scraped,2026-08-08T03:54:04.863827,
437067f4bb64d38c,https://br.linkedin.com/jobs/view/auxiliar-de-limpeza-porto-alegre-ofertas-de-emprego-at-unisuper-4445852005,Auxiliar de Limpeza - Porto Alegre - Ofertas de Emprego,UniSuper,failed|wp_post_failed,2026-08-08T03:54:35.364553,
90af86c482a6195a,https://br.linkedin.com/jobs/view/commis-de-rang-cannavacciuolo-bistrot-torino-at-cannavacciuolo-group-4450012816,Commis de rang - Cannavacciuolo Bistrot Torino,,scraped,2026-08-08T03:54:37.995280,
3e76ca7b84987db2,https://br.linkedin.com/jobs/view/brand-ambassador-napoli-e-territorio-at-cosine-italy-4448816363,Brand Ambassador | Napoli e territorio,,scraped,2026-08-08T03:54:45.238380,
93f50a9e1a61dd47,https://br.linkedin.com/jobs/view/modelistaauxiliar-de-modelista-rs-at-pertencer-desenvolvimento-humano-e-organizacional-4450529703,ModelistaAuxiliar de Modelista - RS,,scraped,2026-08-08T03:54:59.668962,
8d99d000c6162676,https://br.linkedin.com/jobs/view/motorista-s%C3%A3o-paulozona-leste-rs-at-pertencer-desenvolvimento-humano-e-organizacional-4450531997,MOTORISTA - São PauloZona Leste - RS,,scraped,2026-08-08T03:55:10.729527,
6fc52f5f3c1b6d23,https://br.linkedin.com/jobs/view/supervisor-at-cosine-italy-4449220125,Supervisor,,scraped,2026-08-08T03:55:22.198864,
aa19f30f9de355e0,https://br.linkedin.com/jobs/view/auxiliar-de-pintor-de-m%C3%B3veis-at-jobbol-4450772304,Auxiliar de Pintor de Móveis,,scraped,2026-08-08T03:55:28.784255,
423a6f4694b875a7,https://br.linkedin.com/jobs/view/addetto-a-pulizie-laqua-by-the-lake-at-cannavacciuolo-group-4450029425,Addetto/a Pulizie - LAQUA by the Lake,,scraped,2026-08-08T03:55:44.083045,
e99a817e6ffb95c4,https://br.linkedin.com/jobs/view/auxiliar-de-cozinha-petiskeira-shopping-villagio-caxias-do-sul-rs-at-petiskeira-restaurantes-4450527968,Auxiliar de Cozinha Petiskeira Shopping Villagio Caxias do Sul - RS,,scraped,2026-08-08T03:55:59.301097,
14a5b08a9af89a96,https://br.linkedin.com/jobs/view/supridor-repositor-rs-at-unidasul-distribuidora-aliment%C3%ADcia-s-a-4450538153,Supridor Repositor - RS,,scraped,2026-08-08T03:56:08.822745,
32ac7be35d062250,https://br.linkedin.com/jobs/view/alimentador-de-linha-de-produ%C3%A7%C3%A3o-at-candidata-ai-4450799847,Alimentador de Linha de Produção,,scraped,2026-08-08T03:56:17.211653,
1010186021cfec6d,https://br.linkedin.com/jobs/view/auxiliar-de-padaria-rs-at-unidasul-distribuidora-aliment%C3%ADcia-s-a-4450531561,Auxiliar de Padaria - RS,,scraped,2026-08-08T03:56:25.821419,
6ec6e25a25e4e0c7,https://br.linkedin.com/jobs/view/chapeiro-de-restaurante-petiskeira-zaffari-h%C3%ADp%C3%ADca-rs-at-petiskeira-restaurantes-4450537269,Chapeiro de Restaurante Petiskeira Zaffari Hípíca - RS,,scraped,2026-08-08T03:56:33.969437,
f257ed18a9013c49,https://br.linkedin.com/jobs/view/supridor-de-hortifruti-at-jobbol-4447837815,Supridor de Hortifruti,,scraped,2026-08-08T03:56:47.298990,
706d1943047ea124,https://br.linkedin.com/jobs/view/farmac%C3%AAutico-at-jobbol-4449960855,Farmacêutico,,scraped,2026-08-08T03:57:02.283987,
6e803bb24993912a,https://br.linkedin.com/jobs/view/motorista-coletor-de-%C3%B3leo-cascavelpr-rs-at-carpe-diem-consultoria-4450550051,Motorista Coletor de Óleo - CascavelPR - RS,,scraped,2026-08-08T03:57:09.606039,
ae229a132f2519d1,https://br.linkedin.com/jobs/view/agente-comercial-rs-at-mercurio-4450542488,Agente comercial - RS,Mercurio,failed|wp_post_failed,2026-08-08T03:57:40.659934,
1dc83635ef5ecfd1,https://br.linkedin.com/jobs/view/auxiliar-geral-f%C3%A1b-farinha-e-%C3%B3leos-hor%C3%A1rio-16h15-%C3%A0s-01h30-rs-at-alimentos-zaeli-4450541149,Auxiliar Geral - Fáb. Farinha e Óleos - Horário: 16h15 às 01h30 - RS,,scraped,2026-08-08T03:57:43.328113,
126f70a0f4aa6b94,https://br.linkedin.com/jobs/view/operador-de-estacionamento-rs-at-safe-park-4450541413,Operador de Estacionamento - RS,Safe Park,failed|wp_post_failed,2026-08-08T03:58:12.572748,
5edd593cfaa008e1,https://br.linkedin.com/jobs/view/porteiro-shopping-rs-at-stv-seguran%C3%A7a-4450542335,Porteiro Shopping - RS,,scraped,2026-08-08T03:58:23.097765,
082a135e2d89f167,https://br.linkedin.com/jobs/view/operador-de-guilhotina-rs-at-selsul-recursos-humanos-4450545162,Operador de guilhotina - RS,,scraped,2026-08-08T03:58:31.464762,
9904656336685585,https://br.linkedin.com/jobs/view/auxiliar-de-servi%C3%A7os-gerais-porto-alegre-rs-at-servi%C3%A7os-em-bim-4450532565,Auxiliar de Serviços Gerais PORTO ALEGRE - RS,,scraped,2026-08-08T03:58:40.154495,
6b3ba6f2b2250323,https://br.linkedin.com/jobs/view/auxiliar-de-dep%C3%B3sito-at-supermercados-andreazza-4449130572,Auxiliar de Depósito,,scraped,2026-08-08T03:58:50.694694,
e2b4b457184bd7fe,https://br.linkedin.com/jobs/view/motorista-urbano-07-20-at-via%C3%A7%C3%A3o-santa-tereza-4449151149,Motorista Urbano 07:20,,scraped,2026-08-08T03:59:01.024910,
ff9009ddaaa395f3,https://br.linkedin.com/jobs/view/auxiliar-de-servi%C3%A7os-gerais-lj-799-porto-alegre-center-lar-at-peag-group-4448304545,AUXILIAR DE SERVIÇOS GERAIS - LJ 799 Porto Alegre Center Lar,,scraped,2026-08-08T03:59:08.130221,
1991bf61905bd7db,https://br.linkedin.com/jobs/view/montador-pcd-rs-at-pertencer-desenvolvimento-humano-e-organizacional-4450549348,Montador PCD - RS,,scraped,2026-08-08T03:59:14.776969,
9ddc2fa6eba1df81,https://br.linkedin.com/jobs/view/comprador-matriz-rs-rs-at-grupo-bertolini-4450533795,Comprador Matriz - RS - RS,,scraped,2026-08-08T03:59:38.125150,
f00a4c378653e1a9,https://br.linkedin.com/jobs/view/auxiliar-de-servi%C3%A7os-gerais-masculino-poa-condom%C3%ADnios-bairro-bela-vista-rs-at-stv-seguran%C3%A7a-4450529627,Auxiliar de Serviços Gerais masculino POA Condomínios - Bairro Bela Vista - RS,,scraped,2026-08-08T03:59:45.671312,
84de27c9d0aeb0ef,https://br.linkedin.com/jobs/view/embalador-rs-at-soft-film-ind%C3%BAstria-e-com%C3%A9rcio-de-pl%C3%A1sticos-ltda-4450536501,Embalador - RS,,scraped,2026-08-08T03:59:52.112644,
968ab06bb17900db,https://br.linkedin.com/jobs/view/almoxarife-rs-at-lampert-rh-digital-4450533790,Almoxarife - RS,,scraped,2026-08-08T04:00:01.220200,
a66528da6d2613eb,https://br.linkedin.com/jobs/view/operador-de-injetora-rs-at-lampert-rh-digital-4450543099,Operador de injetora - RS,,scraped,2026-08-08T04:00:09.738729,
add15c07b97ea87d,https://br.linkedin.com/jobs/view/estoquista-at-grupo-lebes-4450770856,Estoquista,Grupo Lebes,failed|wp_post_failed,2026-08-08T04:00:41.744461,
641a0316baf05e60,https://br.linkedin.com/jobs/view/preparador-e-operador-de-prensa-rs-at-d-zainer-4450539261,PREPARADOR E OPERADOR DE PRENSA - RS,,scraped,2026-08-08T04:00:44.399419,
13bb483f069a40cf,https://br.linkedin.com/jobs/view/recepcionista-petiskeira-shopping-villagio-caxias-do-sul-rs-at-petiskeira-restaurantes-4450535533,Recepcionista Petiskeira Shopping Villagio - Caxias do Sul - RS,,scraped,2026-08-08T04:01:44.027777,
e23391dc6ab467da,https://br.linkedin.com/jobs/view/auxiliar-de-pintura-e-turno-rs-at-pertencer-desenvolvimento-humano-e-organizacional-4450529743,Auxiliar de Pintura e turno - RS,,scraped,2026-08-08T04:01:51.492995,
99e731be94535b31,https://br.linkedin.com/jobs/view/auxiliar-de-produ%C3%A7%C3%A3o-rs-at-pertencer-desenvolvimento-humano-e-organizacional-4450532749,Auxiliar de produção - RS,,scraped,2026-08-08T04:01:58.993624,
84e92c8dcef6b186,https://br.linkedin.com/jobs/view/operador-de-prensa-rs-at-lampert-rh-digital-4450543583,Operador de prensa - RS,,scraped,2026-08-08T04:02:20.378184,
0824702626ea003c,https://br.linkedin.com/jobs/view/porteiro-ronda-poa-condom%C3%ADnios-bairro-jardim-do-salso-rs-at-stv-seguran%C3%A7a-4450536137,Porteiro Ronda POA Condomínios - Bairro Jardim Do Salso - RS,,scraped,2026-08-08T04:02:29.203436,
41f7c7f717097350,https://br.linkedin.com/jobs/view/auxiliar-de-limpeza-feminino-poa-condom%C3%ADnios-rs-at-stv-seguran%C3%A7a-4450518970,Auxiliar De Limpeza feminino POA Condomínios - RS,,scraped,2026-08-08T04:02:37.629000,
351baa085f1487e8,https://br.linkedin.com/jobs/view/porteiro-poa-condom%C3%ADnios-bairro-jardim-do-salso-rs-at-stv-seguran%C3%A7a-4450546373,Porteiro POA Condomínios - Bairro Jardim Do Salso - RS,,scraped,2026-08-08T04:02:48.431292,
568aee27c4ba4f7c,https://br.linkedin.com/jobs/view/operador-de-dobradeira-rs-at-lampert-rh-digital-4450549272,Operador de Dobradeira - RS,,scraped,2026-08-08T04:02:56.786001,
353e707be9cbbe42,https://br.linkedin.com/jobs/view/recepcionista-masculino-rs-at-stv-seguran%C3%A7a-4450533465,Recepcionista Masculino - RS,,scraped,2026-08-08T04:03:25.468864,
a67d1db2a1f28f11,https://br.linkedin.com/jobs/view/vagas-operacionais-de-loja-rs-at-grupo-imec-4450550283,Vagas Operacionais de Loja - RS,,scraped,2026-08-08T04:03:38.020006,
85d6c402b3f0873c,https://br.linkedin.com/jobs/view/auxiliar-de-produ%C3%A7%C3%A3o-plataforma-hor%C3%A1rio-h-%C3%A0s-h-rs-at-alimentos-zaeli-4450542492,Auxiliar de Produção - Plataforma - Horário h às h - RS,,scraped,2026-08-08T04:04:00.870621,
a0ffe0df41f0ce36,https://br.linkedin.com/jobs/view/vaga-para-pessoa-com-defici%C3%AAncia-pcd-rs-at-alimentos-zaeli-4450531487,Vaga para Pessoa com Deficiência (PCD) - RS,,scraped,2026-08-08T04:04:23.491009,
2b1077cdf359adfb,https://br.linkedin.com/jobs/view/auxiliar-de-produ%C3%A7%C3%A3o-rs-at-lampert-rh-digital-4450552118,Auxiliar de produção - RS,,scraped,2026-08-08T04:04:29.887123,
7e2b406bf90de872,https://br.linkedin.com/jobs/view/ai-augmented-iam-security-engineer-at-epam-systems-4451038188,AI-Augmented IAM Security Engineer,EPAM Systems,failed|wp_post_failed,2026-08-08T04:04:52.903867,
6324a615cfe011ae,https://br.linkedin.com/jobs/view/auxiliar-industrial-rs-at-soft-film-ind%C3%BAstria-e-com%C3%A9rcio-de-pl%C3%A1sticos-ltda-4450552064,Auxiliar Industrial - RS,,scraped,2026-08-08T04:05:03.421333,
9554697b95891936,https://br.linkedin.com/jobs/view/motorista-carreteiro-rs-at-lampert-rh-digital-4450533812,Motorista Carreteiro - RS,,scraped,2026-08-08T04:05:12.431154,
ce8f8c67ab5d1ca5,https://br.linkedin.com/jobs/view/motorista-coleta-e-entrega-rs-at-cursor-4450524914,Motorista - Coleta E Entrega - RS,,scraped,2026-08-08T04:05:21.374444,
7aa87a120f9f24ce,https://br.linkedin.com/jobs/view/jr-planner-real-estate-rio-grande-do-sul-at-turner-townsend-4441198837,"Jr Planner - Real Estate, Rio Grande do Sul",,scraped,2026-08-08T04:05:35.698582,
3a6ca346f29710c2,https://br.linkedin.com/jobs/view/lojas-renner-auxiliar-de-estoque-loja-012-caxias-do-sul-at-lojas-renner-s-a-4429611487,|LOJAS RENNER| Auxiliar de Estoque - Loja 012 Caxias do Sul,,scraped,2026-08-08T04:05:46.540365,
03b2ff785b40d5f1,https://br.linkedin.com/jobs/view/consultor-t%C3%A9cnico-de-atendimento-rs-at-selsul-recursos-humanos-4450544337,Consultor Técnico de Atendimento - RS,,scraped,2026-08-08T04:05:55.041973,
b7ba68cfb2bc901e,https://br.linkedin.com/jobs/view/banco-de-talentos-sul-de-minas-gerais-at-sicredi-conex%C3%A3o-4449788789,Banco de Talentos | Sul de Minas Gerais,,scraped,2026-08-08T04:06:01.794195,
d6c748850fda896a,https://br.linkedin.com/jobs/view/almoxarife-de-materiais-rs-at-d-zainer-4450526898,Almoxarife de Materiais - RS,,scraped,2026-08-08T04:06:20.718644,
8709cc6117fa2565,https://br.linkedin.com/jobs/view/auxiliar-de-projetos-rs-at-altero-design-4450544339,Auxiliar de projetos - RS,Altero Design,failed|wp_post_failed,2026-08-08T04:06:49.048802,
ef352ac2e96ecc4a,https://br.linkedin.com/jobs/view/serralheiro-rs-at-altero-design-4450519927,Serralheiro - RS,Altero Design,failed|wp_post_failed,2026-08-08T04:07:05.560201,
6922b103c113f1a9,https://br.linkedin.com/jobs/view/porteiro-ronda-poa-condom%C3%ADnios-bairro-jardim-do-salso-rs-at-stv-seguran%C3%A7a-4450523981,Porteiro Ronda POA Condomínios - Bairro Jardim Do Salso - RS,,scraped,2026-08-08T04:07:16.180413,
fe8de7e88661a97b,https://br.linkedin.com/jobs/view/vagas-operacionais-de-loja-rs-at-unisuper-4450534439,Vagas Operacionais de Loja - RS,UniSuper,failed|wp_post_failed,2026-08-08T04:08:08.505109,
be82b23d2765b0e0,https://br.linkedin.com/jobs/view/operador-de-corte-e-montagem-1-e-2-turno-rs-at-pertencer-desenvolvimento-humano-e-organizacional-4450536486,Operador de Corte e Montagem (1 e 2 turno) - RS,,scraped,2026-08-08T04:08:15.115668,
c2b99b0fefa339fc,https://br.linkedin.com/jobs/view/auxiliar-de-produ%C3%A7%C3%A3o-eviscera%C3%A7%C3%A3o-hor%C3%A1rio-h-%C3%A0s-h-rs-at-alimentos-zaeli-4450530621,Auxiliar de produção - Evisceração - Horário h às h - RS,,scraped,2026-08-08T04:08:26.054149,
a5b8694ef1573b07,https://br.linkedin.com/jobs/view/sales-ambassador-fermo-at-cosine-italy-4448826242,SALES AMBASSADOR | FERMO,,scraped,2026-08-08T04:08:32.635202,
f12aac16f986c2de,https://br.linkedin.com/jobs/view/auxiliar-de-a%C3%A7ougue-at-jobbol-4451016549,Auxiliar de Açougue,,scraped,2026-08-08T04:08:39.306925,
31b6c27648b01836,https://br.linkedin.com/jobs/view/sales-ambassador-savona-at-cosine-italy-4448830015,SALES AMBASSADOR | SAVONA,,scraped,2026-08-08T04:08:46.980344,
b75b86dd7ae288e8,https://br.linkedin.com/jobs/view/auxiliar-de-cozinha-petiskeira-barra-shopping-sul-rs-at-petiskeira-restaurantes-4450537224,Auxiliar de Cozinha Petiskeira Barra Shopping Sul - RS,,scraped,2026-08-08T04:08:55.326449,
e10f77f9f1be64a4,https://br.linkedin.com/jobs/view/auxiliar-de-estoque-log%C3%ADstica-petiskeira-villagio-caxias-do-sul-rs-at-petiskeira-restaurantes-4450540349,Auxiliar de Estoque Logística Petiskeira Villagio Caxias do Sul - RS,,scraped,2026-08-08T04:09:16.630754,
d81f4cb55b77afe5,https://br.linkedin.com/jobs/view/auxiliar-de-produ%C3%A7%C3%A3o-sala-de-cortes-hor%C3%A1rio-h-%C3%A0s-h-rs-at-alimentos-zaeli-4450529725,Auxiliar de produção - Sala de cortes - Horário h às h - RS,,scraped,2026-08-08T04:09:28.072284,
72b9c2a1c7fb06f0,https://br.linkedin.com/jobs/view/auxiliar-de-produ%C3%A7%C3%A3o-sala-de-cortes-hor%C3%A1rio-h-%C3%A0s-h-rs-at-alimentos-zaeli-4450526906,Auxiliar de produção - Sala de cortes - Horário h às h - RS,,scraped,2026-08-08T04:09:34.452397,
85c7b17e1e486cb1,https://br.linkedin.com/jobs/view/auxiliar-de-servi%C3%A7os-gerais-rs-at-gba-facilities-4450534194,Auxiliar de Serviços Gerais - RS,,scraped,2026-08-08T05:04:40.592445,
d8399540432c7220,https://br.linkedin.com/jobs/view/higienizador-rs-at-giordani-turismo-ltda-4450547367,Higienizador - RS,Giordani Turismo Ltda,failed|wp_post_failed,2026-08-08T05:05:05.794173,
fba85bb88202b36d,https://br.linkedin.com/jobs/view/fiscal-de-loja-canoas-%E2%80%93-rs-canoas-ofertas-de-emprego-at-unisuper-4445847065,Fiscal de Loja Canoas – RS - Canoas - Ofertas de Emprego,UniSuper,failed|wp_post_failed,2026-08-08T05:05:46.544460,
d7237954d047bbb5,https://br.linkedin.com/jobs/view/auxiliar-de-loja-rs-at-pertencer-desenvolvimento-humano-e-organizacional-4450537487,Auxiliar de Loja - RS,,scraped,2026-08-08T05:05:51.377263,
47a382cd7efff3e5,https://br.linkedin.com/jobs/view/lavador-de-pe%C3%A7as-rs-at-conex%C3%A3o-rh-4450530761,Lavador de Peças - RS,CONEXÃO RH,failed|wp_post_failed,2026-08-08T05:06:19.593613,
80642e2b65be3eed,https://br.linkedin.com/jobs/view/empregada-dom%C3%A9stica-rs-at-cursor-4450528908,Empregada Doméstica - RS,,scraped,2026-08-08T05:06:26.452697,
0e553c75ec349b73,https://br.linkedin.com/jobs/view/lider-operacional-at-grupo-delta-seguran%C3%A7a-4450376736,Lider operacional,,scraped,2026-08-08T05:06:34.897270,
32a52226e693b4db,https://br.linkedin.com/jobs/view/auxiliar-de-servi%C3%A7os-externos-1-turno-rs-at-pertencer-desenvolvimento-humano-e-organizacional-4450553086,Auxiliar de serviços externos - 1 turno - RS,,scraped,2026-08-08T05:08:45.728778,
7ee1a542823fa71b,https://br.linkedin.com/jobs/view/brand-ambassador-treviso-e-territorio-at-cosine-italy-4448824208,Brand Ambassador | Treviso e territorio,,scraped,2026-08-08T05:09:09.285611,
bd8a4a47e0c6b8ba,https://br.linkedin.com/jobs/view/empacotador-tarde-at-supermercados-andreazza-4449787935,Empacotador Tarde,,scraped,2026-08-08T05:09:16.169216,
fe511611d58c1158,https://br.linkedin.com/jobs/view/ajudante-de-eletricista-rs-at-mercurio-4450523957,Ajudante de eletricista - RS,Mercurio,failed|wp_post_failed,2026-08-08T05:09:39.688271,
382bf04e22814785,https://br.linkedin.com/jobs/view/auxiliar-de-higieniza%C3%A7%C3%A3o-at-jobbol-4450773294,Auxiliar de Higienização,,scraped,2026-08-08T05:09:42.328686,
76057ff65e808657,https://br.linkedin.com/jobs/view/empacotador-manh%C3%A3-at-supermercados-andreazza-4448200713,Empacotador Manhã,,scraped,2026-08-08T05:09:49.737707,
7fee33317abd11b3,https://br.linkedin.com/jobs/view/ajudante-de-carga-e-descarga-rs-at-garra-rh-4450550047,AJUDANTE DE CARGA E DESCARGA - RS,Garra RH,failed|wp_post_failed,2026-08-08T05:10:13.660097,
a018b11ae0995506,https://br.linkedin.com/jobs/view/porteiro-condominio-rs-at-stv-seguran%C3%A7a-4450530802,Porteiro- Condominio - RS,,scraped,2026-08-08T05:10:16.286039,
0a4a75e7f3e8af3b,https://br.linkedin.com/jobs/view/promotor-novo-hamburgo-novo-hamburgo-ofertas-de-emprego-at-severas-merchandising-4446605966,Promotor - Novo Hamburgo - Novo Hamburgo - Ofertas de Emprego,,scraped,2026-08-08T05:10:22.877201,
85e6d93984bf4591,https://br.linkedin.com/jobs/view/arrumadeira-o-jr-at-atrio-hotel-management-4448210427,Arrumadeira(o) Jr.,,scraped,2026-08-08T05:10:30.546816,
5235b575046fe59d,https://br.linkedin.com/jobs/view/pintor-rs-at-pertencer-desenvolvimento-humano-e-organizacional-4450551279,Pintor - RS,,scraped,2026-08-08T05:10:39.200044,
f99efa1783c570a6,https://br.linkedin.com/jobs/view/lojas-renner-fiscal-de-loja-gravata%C3%AD-at-lojas-renner-s-a-4441143388,|LOJAS RENNER| Fiscal de Loja - Gravataí,,scraped,2026-08-08T05:11:18.908073,
ee5d112654e14065,https://br.linkedin.com/jobs/view/estoquista-at-grupo-carburgo-4447389609,Estoquista,,scraped,2026-08-08T05:11:27.764541,
8dcc2068bebf2ec4,https://br.linkedin.com/jobs/view/abastecedor-de-corte-de-confec%C3%A7%C3%A3o-at-pettenati-s-a-ind%C3%BAstria-t%C3%AAxtil-4448595343,Abastecedor de Corte de Confecção,Pettenati S.A. Indústria Têxtil,failed|wp_post_failed,2026-08-08T05:12:04.682456,
8455a08f4e9fca53,https://br.linkedin.com/jobs/view/auxiliar-de-produ%C3%A7%C3%A3o-m%C3%B3veis-at-tomasi-rh-4448595400,Auxiliar de Produção (Móveis),,scraped,2026-08-08T05:12:07.217585,
5d53338d9cb030f0,https://br.linkedin.com/jobs/view/motorista-coletor-de-%C3%B3leo-sjrp-buritamasp-rs-at-carpe-diem-consultoria-4450550202,Motorista Coletor de Óleo SJRP - BURITAMASP - RS,,scraped,2026-08-08T05:12:13.714671,
77b6e44d91e07720,https://br.linkedin.com/jobs/view/porteiro-rs-at-stv-seguran%C3%A7a-4450534570,Porteiro - RS,,scraped,2026-08-08T05:13:12.742686,
98aebc3f4fdf9f80,https://br.linkedin.com/jobs/view/montador-ii-ou-iii-rs-at-pertencer-desenvolvimento-humano-e-organizacional-4450548389,Montador II ou III - RS,,scraped,2026-08-08T05:13:43.178648,
c5ffb1576017fae8,https://br.linkedin.com/jobs/view/auxiliar-de-limpeza-rs-at-rede-drops-mot%C3%A9is-4450537510,Auxiliar de limpeza - RS,,scraped,2026-08-08T05:13:55.136276,
c5f52cead7c9cb40,https://br.linkedin.com/jobs/view/entregador-t%C3%A9cnico-rs-at-grupo-carburgo-4450541258,Entregador Técnico - RS,,scraped,2026-08-08T05:14:04.387918,
96fe7c7d411942e9,https://br.linkedin.com/jobs/view/chapista-de-restaurante-petiskeira-grill-shopping-iguatemi-porto-alegre-rs-at-petiskeira-restaurantes-4450554045,Chapista de Restaurante Petiskeira Grill shopping Iguatemi Porto Alegre - RS,,scraped,2026-08-08T05:14:25.103291,
0c3df95493affef4,https://br.linkedin.com/jobs/view/auxiliar-de-transporte-desentupidora-%E2%80%93-alvorada-%E2%80%93-rs-alvorada-ofertas-de-emprego-at-desentupidora-ultratec-4446618299,Auxiliar de Transporte Desentupidora – Alvorada – RS - Alvorada - Ofertas de Emprego,,scraped,2026-08-08T05:14:42.885735,
9b4000688361e39b,https://br.linkedin.com/jobs/view/auxiliar-de-esteriliza%C3%A7%C3%A3o-at-jobbol-4448120291,Auxiliar de Esterilização,,scraped,2026-08-08T05:14:50.908223,
c1955a6298bb9d8d,https://br.linkedin.com/jobs/view/analista-de-benef%C3%ADcios-at-pettenati-s-a-ind%C3%BAstria-t%C3%AAxtil-4451001229,Analista de Benefícios,Pettenati S.A. Indústria Têxtil,failed|wp_post_failed,2026-08-08T05:15:16.167928,
d5faadcc00f0a57a,https://br.linkedin.com/jobs/view/caldeireiro-pl-at-bianchini-s-a-4450573475,Caldeireiro PL,Bianchini S.A.,failed|wp_post_failed,2026-08-08T05:17:19.265971,
9c3c928871bb1ef6,https://br.linkedin.com/jobs/view/auxiliar-de-expedi%C3%A7%C3%A3o-%E2%80%93-alvorada-%E2%80%93-rs-at-buscarvagas-empregos-brasil-4448050928,Auxiliar de Expedição – Alvorada – RS,,scraped,2026-08-08T05:19:53.977331,
f46d72487a78c7d4,https://br.linkedin.com/jobs/view/jovem-aprendiz-sesmt-at-fruki-bebidas-4448002064,Jovem Aprendiz - SESMT,,scraped,2026-08-08T05:20:19.658950,
d8a009f3cd2a66fb,https://br.linkedin.com/jobs/view/auxiliar-de-limpeza-at-jobbol-4447844659,Auxiliar de Limpeza,,scraped,2026-08-08T07:05:54.693290,
8e177fb8ba435729,https://br.linkedin.com/jobs/view/operador-de-estacionamento-rs-at-safe-park-4450539543,Operador de Estacionamento - RS,Safe Park,failed|wp_post_failed,2026-08-08T07:06:25.979762,
0fcc0c4d9b864cfd,https://br.linkedin.com/jobs/view/montador-rs-at-rotamil-4450544345,Montador - RS,,scraped,2026-08-08T07:07:06.518543,
a0fbde6c18866553,https://br.linkedin.com/jobs/view/apontador-de-obra-at-tgd-incorpora%C3%A7%C3%A3o-constru%C3%A7%C3%A3o-4450248815,Apontador de Obra,,scraped,2026-08-08T07:07:32.063631,
dfd5cecb7adb3928,https://br.linkedin.com/jobs/view/porteiro-shopping-rs-at-stv-seguran%C3%A7a-4450530668,Porteiro Shopping - RS,,scraped,2026-08-08T07:08:52.655984,
50e47eeeb21cd3c4,https://br.linkedin.com/jobs/view/chapeiro-de-restaurante-petiskeira-barra-shopping-sul-rs-at-petiskeira-restaurantes-4450540271,Chapeiro de Restaurante Petiskeira Barra Shopping Sul - RS,,scraped,2026-08-08T07:09:00.701046,
09149a90aaa22dcf,https://br.linkedin.com/jobs/view/motorista-coletor-de-%C3%B3leo-sjrp-igarapavasp-rs-at-carpe-diem-consultoria-4450523942,Motorista Coletor de Óleo SJRP - IGARAPAVASP - RS,,scraped,2026-08-08T07:09:57.083967,
e921f7d9f1ea77aa,https://br.linkedin.com/jobs/view/auxiliar-de-a%C3%A7ougue-rs-at-unidasul-distribuidora-aliment%C3%ADcia-s-a-4450537214,Auxiliar de açougue - RS,,scraped,2026-08-08T07:10:08.300563,
981a813a42d5070e,https://br.linkedin.com/jobs/view/repositor-de-mercadorias-bento-gon%C3%A7alves-rs-at-grupo-mazzini-administracao-e-empreitas-4450779556,Repositor de Mercadorias - Bento Gonçalves  - RS,,scraped,2026-08-08T07:10:17.781765,
75ed6ba0b4cf60ed,https://br.linkedin.com/jobs/view/manuten%C3%A7%C3%A3o-predial-%E2%80%93-s%C3%A3o-leopoldo-sapucaia-do-sul-%3F-sapucaia-do-sul-ofertas-de-emprego-at-manuservicers-4447371674,Manutenção Predial – São Leopoldo / Sapucaia do Sul ?... - Sapucaia do Sul - Ofertas de Emprego,ManuServiceRS,failed|wp_post_failed,2026-08-08T07:10:43.521174,
e947f5441259de82,https://br.linkedin.com/jobs/view/tutor-presencial-terapia-ocupacional-at-centro-universit%C3%A1rio-cesuca-4446261298,TUTOR PRESENCIAL (TERAPIA OCUPACIONAL),Centro Universitário Cesuca,failed|wp_post_failed,2026-08-08T07:11:03.180346,
2f94a61f5f5df83f,https://br.linkedin.com/jobs/view/repositor-de-mercadoria-rs-at-auvergne-ambition-4450532888,Repositor de Mercadoria - RS,,scraped,2026-08-08T07:11:07.777412,
41a4149ae42ddea9,https://br.linkedin.com/jobs/view/auxiliar-de-padaria-rs-at-unidasul-distribuidora-aliment%C3%ADcia-s-a-4450539141,Auxiliar de Padaria - RS,,scraped,2026-08-08T07:11:22.224224,
f59e5315c4fdfaa6,https://br.linkedin.com/jobs/view/auxiliar-de-servi%C3%A7os-gerais-petiskeira-grill-shopping-iguatemi-porto-alegre-rs-at-petiskeira-restaurantes-4450541152,Auxiliar de Serviços Gerais Petiskeira Grill shopping Iguatemi Porto Alegre - RS,,scraped,2026-08-08T07:11:31.125987,
0037f363c0b02423,https://br.linkedin.com/jobs/view/repositor-de-mercadorias-cachoerinha-rs-at-grupo-mazzini-administracao-e-empreitas-4450788012,Repositor de Mercadorias / Cachoerinha-RS,,scraped,2026-08-08T07:11:41.115253,
e4bc2dc9409e9bd7,https://br.linkedin.com/jobs/view/vendedor-at-magalu-4379503195,VENDEDOR,Magalu,failed|wp_post_failed,2026-08-08T07:12:16.937023,
3b8b61b3b2a00b9b,https://br.linkedin.com/jobs/view/pintor-pintura-liquida-rs-at-pertencer-desenvolvimento-humano-e-organizacional-4450534421,Pintor pintura liquida - RS,,scraped,2026-08-08T07:12:19.798478,
7f07aca1f94a0c7f,https://br.linkedin.com/jobs/view/copeiros-12x36-dia-magno-tr%C3%AAs-figueiras-at-s%C3%A3o-pietro-hospitais-e-cl%C3%ADnicas-4450799424,Copeiros - 12x36 DIA (Magno Três Figueiras),São Pietro Hospitais e Clínicas,failed|wp_post_failed,2026-08-08T07:12:56.201576,
3f8d698e4d1d5640,https://br.linkedin.com/jobs/view/motorista-coletor-de-%C3%B3leo-sjrp-fernand%C3%B3polissp-rs-at-carpe-diem-consultoria-4450543222,Motorista Coletor de Óleo SJRP - FERNANDÓPOLISSP - RS,,scraped,2026-08-08T07:12:59.147931,
5a8ac21509ec2011,https://br.linkedin.com/jobs/view/back-office-gestione-clienti-at-best-of-rent-agenzia-leasys-4450396632,BACK OFFICE / GESTIONE CLIENTI,,scraped,2026-08-08T07:13:07.394243,
b65f3b97f519ce71,https://br.linkedin.com/jobs/view/agente-analista-de-rh-canoas-ofertas-de-emprego-at-manuservicers-4447375458,Agente Analista de RH - Canoas - Ofertas de Emprego,ManuServiceRS,failed|wp_post_failed,2026-08-08T07:13:41.436779,
036e402b574445e1,https://br.linkedin.com/jobs/view/gar%C3%A7onete-at-sheron-dalcin-desenvolvimento-humano-4451010287,Garçonete,Sheron Dalcin - Desenvolvimento Humano,failed|wp_post_failed,2026-08-08T07:14:11.291916,
f9e21f978792f198,https://br.linkedin.com/jobs/view/pessoa-promotora-de-vendas-cachoeirinha-rs-at-the-heineken-company-4411438128,Pessoa Promotora de Vendas - Cachoeirinha/ RS,The HEINEKEN Company,failed|wp_post_failed,2026-08-08T07:14:40.055611,
76dcda734ab32317,https://br.linkedin.com/jobs/view/auxiliar-de-ind%C3%BAstria-tupandi-rs-at-construrohr-4450542165,Auxiliar de Indústria - Tupandi - RS,,scraped,2026-08-08T07:14:48.958529,
47285414a12494d3,https://br.linkedin.com/jobs/view/sap-abap-engineering-manager-at-epam-systems-4451040135,SAP ABAP Engineering Manager,EPAM Systems,failed|wp_post_failed,2026-08-08T07:15:14.461055,
442c7f0771575e2b,https://br.linkedin.com/jobs/view/supervisor-de-vendas-lajeado-to-at-conex%C3%A3o-rh-4450542330,Supervisor de Vendas Lajeado - TO,CONEXÃO RH,failed|wp_post_failed,2026-08-08T07:15:36.507058,
89ca1273a5d37abf,https://br.linkedin.com/jobs/view/operador-a-de-caixa-petz-bento-gon%C3%A7alves-at-petz-4450757731,Operador(a) de Caixa - Petz Bento Gonçalves,,scraped,2026-08-08T07:15:39.438869,
8587633e91db6354,https://br.linkedin.com/jobs/view/engineering-manager-sap-cap-node-js-at-epam-systems-4451036289,"Engineering Manager, SAP CAP Node.js",EPAM Systems,failed|wp_post_failed,2026-08-08T07:16:03.826928,
e55988c3aecb5beb,https://br.linkedin.com/jobs/view/ingenier%C3%ADa-en-sistemas-de-producci%C3%B3n-at-facultad-polit%C3%A9cnica-una-4448734534,Ingeniería en Sistemas de Producción,,scraped,2026-08-08T07:16:06.838536,
689bbe4809ab51cb,https://br.linkedin.com/jobs/view/auxiliar-de-cozinha-at-jobbol-4451028179,Auxiliar de Cozinha,,scraped,2026-08-08T07:16:33.406794,
ad852803fece308e,https://br.linkedin.com/jobs/view/gerente-de-restaurante-at-jobbol-4448127268,Gerente de Restaurante,,scraped,2026-08-08T07:16:42.935696,
7e005938c7d7eb37,https://br.linkedin.com/jobs/view/sales-ambassador-verona-at-cosine-italy-4448058195,SALES AMBASSADOR | VERONA,,scraped,2026-08-08T07:16:56.249516,
c712e211cd3a201f,https://br.linkedin.com/jobs/view/auxiliar-de-perec%C3%ADveis-rotisseria-%E2%80%93-porto-alegre-%E2%80%93-rs-vagas-profissionais-at-unisuper-4445845061,Auxiliar de Perecíveis / Rotisseria – Porto Alegre – RS - Vagas Profissionais,UniSuper,failed|wp_post_failed,2026-08-08T07:17:36.045741,
1ccbd5d4fae15464,https://br.linkedin.com/jobs/view/analista-de-rh-at-tomasi-rh-4448540490,Analista de RH,,scraped,2026-08-08T07:17:38.610169,
11407d48aaf95ad2,https://br.linkedin.com/jobs/view/auxiliar-de-servi%C3%A7os-gerais-sapucaia-do-sul-vaga-afirmativa-35-%2B-at-tlsv-servi%C3%A7os-em-telecomunica%C3%A7%C3%B5es-4449055776,Auxiliar de Serviços Gerais SAPUCAIA DO SUL  Vaga afirmativa 35 +,,scraped,2026-08-08T07:17:45.322935,
53c232cb905b544e,https://br.linkedin.com/jobs/view/sales-ambassador-lecce-at-cosine-italy-4448822280,SALES AMBASSADOR | LECCE,,scraped,2026-08-08T07:17:54.229227,
07f52d5836915c01,https://br.linkedin.com/jobs/view/motorista-coletor-de-%C3%B3leo-ca%C3%A7apava-do-sulrs-rs-at-carpe-diem-consultoria-4450542369,Motorista Coletor de Óleo - CAÇAPAVA DO SULRS - RS,,scraped,2026-08-08T07:18:02.571246,
54fb1c92a6b9e0b8,https://br.linkedin.com/jobs/view/auxiliar-de-a%C3%A7ougue-rs-at-unidasul-distribuidora-aliment%C3%ADcia-s-a-4450542115,Auxiliar de açougue - RS,,scraped,2026-08-08T07:18:19.555361,
55367861162ef3a5,https://br.linkedin.com/jobs/view/atendente-de-balc%C3%A3o-petiskeira-villagio-caxias-do-sul-rs-at-petiskeira-restaurantes-4450531495,Atendente de Balcão Petiskeira Villagio Caxias do Sul - RS,,scraped,2026-08-08T07:18:33.047956,
3094780bc08b08aa,https://br.linkedin.com/jobs/view/atendente-externo-%E2%80%93-gravata%C3%AD-%E2%80%93-rs-vagas-profissionais-at-graber-sistemas-de-seguran%C3%A7a-4445587962,Atendente Externo – Gravataí – RS - Vagas Profissionais,,scraped,2026-08-08T07:18:43.485932,
f44b92836858ea21,https://br.linkedin.com/jobs/view/balconista-integral-at-supermercados-andreazza-4450783689,Balconista integral,,scraped,2026-08-08T07:19:28.240627,
8e398bdf6aefb418,https://br.linkedin.com/jobs/view/gerente-de-loja-de-conveni%C3%AAncia-rs-at-cursor-4450534548,Gerente De Loja De Conveniência - RS,,scraped,2026-08-08T07:19:41.544920,
ff77666ec774151f,https://br.linkedin.com/jobs/view/gar%C3%A7om-petiskeira-park-barigui-curitiba-rs-at-petiskeira-restaurantes-4450540372,Garçom Petiskeira Park Barigui - Curitiba - RS,,scraped,2026-08-08T07:19:56.020551,
c9dc45ff59b473ed,https://br.linkedin.com/jobs/view/caixa-rs-at-esta%C3%A7%C3%A3o-dos-churros-4450540396,Caixa - RS,ESTAÇÃO DOS CHURROS,failed|wp_post_failed,2026-08-08T07:20:22.231769,
c6b7647eabdd0a85,https://br.linkedin.com/jobs/view/porteiro-poa-condom%C3%ADnios-rs-at-stv-seguran%C3%A7a-4450538527,Porteiro POA Condomínios - RS,,scraped,2026-08-08T07:20:24.809337,
9bbedb4b3718937e,https://br.linkedin.com/jobs/view/auxiliar-de-cozinha-petiskeirashopping-praia-de-belas-porto-alegre-rs-at-petiskeira-restaurantes-4450551080,Auxiliar de Cozinha PetiskeiraShopping Praia de Belas Porto Alegre - RS,,scraped,2026-08-08T07:20:31.260142,
f9b42e6e61325580,https://br.linkedin.com/jobs/view/operador-de-perec%C3%ADveis-fiambreria-rs-at-unidasul-distribuidora-aliment%C3%ADcia-s-a-4450530677,Operador de Perecíveis Fiambreria - RS,,scraped,2026-08-08T07:21:13.418085,
75f131830681b3d1,https://br.linkedin.com/jobs/view/conferente-segmento-atacarejo-rs-at-auvergne-ambition-4450545262,Conferente (segmento Atacarejo) - RS,,scraped,2026-08-08T07:21:45.046328,
ed743502f78332fb,https://br.linkedin.com/jobs/view/encarregado-de-departamento-pessoal-at-jobbol-4448499366,Encarregado de Departamento Pessoal,,scraped,2026-08-08T07:22:50.060651,
04b27f9baa0cca24,https://br.linkedin.com/jobs/view/carregador-interno-expedi%C3%A7%C3%A3o-hor%C3%A1rio-h-%C3%A0s-h-rs-at-alimentos-zaeli-4450548309,Carregador interno- Expedição - Horário h às h - RS,,scraped,2026-08-08T07:23:31.920870,
66f129463c924ec5,https://br.linkedin.com/jobs/view/analista-de-departamento-pessoal-escrit%C3%B3rio-cont%C3%A1bil-rs-at-pertencer-desenvolvimento-humano-e-organizacional-4450534349,Analista de Departamento Pessoal Escritório contábil - RS,,scraped,2026-08-08T07:23:54.772135,
aa74f6628572dbc0,https://br.linkedin.com/jobs/view/auxiliar-de-cozinha-petiskeira-grill-shopping-iguatemi-porto-alegre-rs-at-petiskeira-restaurantes-4450523909,Auxiliar de Cozinha Petiskeira Grill shopping Iguatemi Porto Alegre - RS,,scraped,2026-08-08T07:24:04.342667,
70ad5c0e05aad382,https://br.linkedin.com/jobs/view/pintor-at-evelp-solu%C3%A7%C3%B5es-em-revestimentos-4446246227,Pintor,Evelp Soluções em Revestimentos,failed|wp_post_failed,2026-08-08T08:52:01.866411,
eb797e4d94f2f48b,https://br.linkedin.com/jobs/view/retail-specialist-brescia-at-cosine-italy-4448820311,Retail Specialist | Brescia,,scraped,2026-08-08T08:52:14.466875,
50a3006917a8317e,https://br.linkedin.com/jobs/view/retail-specialist-trapani-at-cosine-italy-4448821288,Retail Specialist | Trapani,,scraped,2026-08-08T08:52:20.824145,
e830e1a26633bda8,https://br.linkedin.com/jobs/view/retail-specialist-belluno-at-cosine-italy-4448058178,Retail Specialist | Belluno,,scraped,2026-08-08T08:52:43.184244,
2c475e1c4623eaaa,https://br.linkedin.com/jobs/view/retail-specialist-nuoro-at-cosine-italy-4448813438,Retail Specialist | Nuoro,,scraped,2026-08-08T08:53:07.679173,
395e6faa09047009,https://br.linkedin.com/jobs/view/chapista-de-restaurante-petiskeiral-shopping-villagio-caxias-do-sul-rs-at-petiskeira-restaurantes-4450536417,Chapista de Restaurante Petiskeiral shopping Villagio Caxias do Sul - RS,,scraped,2026-08-08T08:54:32.175012,
0aee35d2019a2848,https://br.linkedin.com/jobs/view/auxiliar-de-limpeza-rs-at-pertencer-desenvolvimento-humano-e-organizacional-4450540574,Auxiliar de limpeza - RS,,scraped,2026-08-08T08:54:40.362634,
d5fc04c0fe20ecba,https://br.linkedin.com/jobs/view/brand-ambassador-roma-at-cosine-italy-4448448464,Brand Ambassador | Roma,,scraped,2026-08-08T08:54:48.361641,
cd6ac944200956dd,https://br.linkedin.com/jobs/view/manobrista-cnh-b-rs-at-safe-park-4450526885,Manobrista CNH B - RS,Safe Park,failed|wp_post_failed,2026-08-08T08:55:16.185637,
897049bbbd398bbd,https://br.linkedin.com/jobs/view/auxiliar-de-servi%C3%A7os-gerais-masculino-rs-at-stv-seguran%C3%A7a-4450546028,Auxiliar de Serviços Gerais - Masculino - RS,,scraped,2026-08-08T08:55:18.861488,
1824d3e641a04bfc,https://br.linkedin.com/jobs/view/brand-ambassador-salerno-e-territorio-at-cosine-italy-4448818334,Brand Ambassador | Salerno e territorio,,scraped,2026-08-08T08:55:25.775597,
4be7593d7a6260da,https://br.linkedin.com/jobs/view/supridor-repositor-rs-at-unidasul-distribuidora-aliment%C3%ADcia-s-a-4450529767,Supridor Repositor - RS,,scraped,2026-08-08T08:55:32.312107,
53d05c38fb4ee76b,https://br.linkedin.com/jobs/view/bando-iom-ar-12-2023-ge-selezione-per-titoli-e-colloquio-per-il-conferimento-di-1-assegno-prof-at-ethical-journal-of-research-4447851027,Bando Iom Ar 12/2023 Ge-Selezione Per Titoli E Colloquio Per Il Conferimento Di 1 Assegno Prof[...],Ethical Journal of Research,failed|wp_post_failed,2026-08-08T08:55:59.048422,
edb3ea7de507c848,https://br.linkedin.com/jobs/view/supervisor-de-loja-canoas-rs-at-autozone-4449117196,Supervisor de Loja - Canoas RS,AutoZone,failed|wp_post_failed,2026-08-08T08:56:24.179740,
4855bffc1bb4b674,https://br.linkedin.com/jobs/view/lubrificador-industrial-%E2%80%93-cachoeirinha-cachoeirinha-ofertas-de-emprego-at-manuservicers-4447371682,Lubrificador Industrial – Cachoeirinha - Cachoeirinha - Ofertas de Emprego,ManuServiceRS,failed|wp_post_failed,2026-08-08T08:56:43.299227,
c62c9753ac90d9bf,https://br.linkedin.com/jobs/view/tratorista-%E2%80%93-porto-alegre-%E2%80%93-rs-porto-alegre-ofertas-de-emprego-at-desenfecsul-limpadora-e-conservadora-de-pr%C3%A9dios-ltda-4446616386,Tratorista – Porto Alegre – RS - Porto Alegre - Ofertas de Emprego,Desenfecsul Limpadora e Conservadora de Prédios LTDA.,failed|wp_post_failed,2026-08-08T08:57:03.600918,
9fa3ce7404b41307,https://br.linkedin.com/jobs/view/chef-de-rang-cannavacciuolo-bistrot-torino-at-cannavacciuolo-group-4450014728,Chef de Rang- Cannavacciuolo Bistrot Torino,,scraped,2026-08-08T08:57:06.210267,
f900854054e3ddbd,https://br.linkedin.com/jobs/view/montador-de-andaime-em-construtora-at-cic-empregos-4450008098,Montador de Andaime em Construtora,,scraped,2026-08-08T08:57:14.062201,
5cad2fd7a9263a1c,https://br.linkedin.com/jobs/view/servente-de-obras-at-dobil-engenharia-4448664487,Servente de Obras,Dobil Engenharia,failed|wp_post_failed,2026-08-08T08:57:37.592548,
c976a3045d069862,https://br.linkedin.com/jobs/view/montador-higienista-%E2%80%93-porto-alegre-%E2%80%93-rs-vagas-profissionais-at-sogipa-4448750149,Montador Higienista – Porto Alegre – RS - Vagas Profissionais,,scraped,2026-08-08T08:57:40.242760,
dfe76a223d598655,https://br.linkedin.com/jobs/view/l%C3%ADder-de-limpeza-rs-at-rede-drops-mot%C3%A9is-4450548342,Líder de Limpeza - RS,,scraped,2026-08-08T08:57:47.984372,
1312e2a74804ee2f,https://br.linkedin.com/jobs/view/supervisor-de-frota-at-buscarvagas-empregos-brasil-4449245321,Supervisor de Frota,,scraped,2026-08-08T08:58:01.906760,
1ec91115d500a8f8,https://br.linkedin.com/jobs/view/ajudante-de-carga-e-descarga-rs-at-construrohr-4450525842,Ajudante de carga e descarga - RS,,scraped,2026-08-08T08:58:09.753557,
76b9d1c249ef8647,https://br.linkedin.com/jobs/view/oficial-de-manutencao-predial-porto-alegre-ofertas-de-emprego-at-manuservicers-4447374537,Oficial de Manutencao Predial - Porto Alegre - Ofertas de Emprego,ManuServiceRS,failed|wp_post_failed,2026-08-08T08:58:32.950396,
6c67b7641b0a9228,https://br.linkedin.com/jobs/view/conducenti-di-linea-stn-novara-at-autoguidovie-4445835062,Conducenti di linea - STN - Novara,,scraped,2026-08-08T08:58:35.602828,
ec181d6330672a87,https://br.linkedin.com/jobs/view/auxiliar-de-limpeza-geral-casa-de-m%C3%A1quinas-hor%C3%A1rio-h-%C3%A0s-h-rs-at-alimentos-zaeli-4450536304,Auxiliar de limpeza geral - Casa de Máquinas - Horário h às h - RS,,scraped,2026-08-08T08:58:43.545771,
124c3660b8d7b762,https://br.linkedin.com/jobs/view/analista-de-frota-rs-at-construrohr-4450536465,Analista de Frota - RS,,scraped,2026-08-08T08:58:50.530860,
428558145081da2c,https://br.linkedin.com/jobs/view/alimentador-de-linha-de-produ%C3%A7%C3%A3o-at-saro-equipamentos-site-oficial-4448539520,Alimentador de Linha de Produção,SARO Equipamentos - Site Oficial,failed|wp_post_failed,2026-08-08T08:59:15.519582,
c8f183077d21b30a,https://br.linkedin.com/jobs/view/rodovia-i-operador-a-trafego-ii-at-motiva-4449314635,RODOVIA I OPERADOR(A) TRAFEGO II,Motiva,failed|wp_post_failed,2026-08-08T08:59:37.423849,
03c157b1d78615e1,https://br.linkedin.com/jobs/view/almoxarife-at-capta-servicos-empresariais-4451009114,Almoxarife,Capta Servicos Empresariais,failed|wp_post_failed,2026-08-08T08:59:55.578663,
edf27584b976c97a,https://br.linkedin.com/jobs/view/product-owner-pleno-remoto-at-premiersoft-4448591699,Product Owner Pleno | Remoto,,scraped,2026-08-08T08:59:58.279522,
9db9f7873ead099a,https://br.linkedin.com/jobs/view/analista-de-pricing-agenciamento-de-cargas-canoas-rs-at-grupo-pibernat-4449067547,ANALISTA DE PRICING - Agenciamento de Cargas - Canoas/RS,,scraped,2026-08-08T09:00:05.637619,
39e8d0b186ccefec,https://br.linkedin.com/jobs/view/node-tech-lead-remote-at-indi-staffing-services-4449639676,Node Tech Lead - Remote,INDI Staffing Services,failed|wp_post_failed,2026-08-08T09:00:33.311012,
67e37cec2d156d86,https://br.linkedin.com/jobs/view/robotics-jobs-porto-alegre-at-rex-zone-4440658342,Robotics Jobs Porto Alegre,Rex.zone,failed|wp_post_failed,2026-08-08T09:00:53.063748,
878c241e002c09ca,https://br.linkedin.com/jobs/view/auxiliar-de-custos-rs-at-altero-design-4450518960,Auxiliar de custos - RS,Altero Design,failed|wp_post_failed,2026-08-08T09:01:11.859552,
59767d92335c29e0,https://br.linkedin.com/jobs/view/motorista-coletor-de-%C3%B3leo-cap%C3%A3o-da-canoa-canoas-rs-at-carpe-diem-consultoria-4450552055,Motorista Coletor de Óleo - CAPÃO DA CANOA Canoas - RS,,scraped,2026-08-08T09:01:14.509383,
fcee5e495e93e584,https://br.linkedin.com/jobs/view/promotor-motorizado-at-ever-trade-marketing-4449054791,PROMOTOR MOTORIZADO,,scraped,2026-08-08T09:01:25.597487,
bf313b0ae395d14d,https://br.linkedin.com/jobs/view/sdr-at-nl-inform%C3%A1tica-4384063786,SDR,,scraped,2026-08-08T09:01:34.650038,
773102b838c89a4d,https://br.linkedin.com/jobs/view/motorista-to-at-soul-sociedade-de-%C3%B4nibus-uni%C3%A3o-ltda-4450538166,Motorista - TO,,scraped,2026-08-08T09:01:44.395809,
dd74c2a1ffec85c5,https://br.linkedin.com/jobs/view/comprador-pleno-rs-at-soft-film-ind%C3%BAstria-e-com%C3%A9rcio-de-pl%C3%A1sticos-ltda-4450533900,Comprador Pleno - RS,,scraped,2026-08-08T09:01:54.054790,
84acfbc1d189b2ad,https://br.linkedin.com/jobs/view/inspetor-de-equipamentos-at-jobbol-4448497448,Inspetor de Equipamentos,,scraped,2026-08-08T09:02:21.506446,
6390b83671369040,https://br.linkedin.com/jobs/view/auxiliar-de-manuten%C3%A7%C3%A3o-predial-rs-at-stv-seguran%C3%A7a-4450532756,Auxiliar de manutenção predial - RS,,scraped,2026-08-08T09:02:29.492347,
b6570d9aaed0a662,https://br.linkedin.com/jobs/view/fiscal-de-caixa-i-at-supermercados-andreazza-4448208345,Fiscal de Caixa I,,scraped,2026-08-08T09:02:47.856048,
568e7f1354b56937,https://br.linkedin.com/jobs/view/brand-ambassador-latina-at-cosine-italy-4448806991,Brand Ambassador | Latina,,scraped,2026-08-08T09:02:56.765002,
cc77f94b232aac9f,https://br.linkedin.com/jobs/view/gar%C3%A7om-at-jobbol-4451023385,Garçom,,scraped,2026-08-08T09:03:43.371997,
363cdc64ac719ae7,https://br.linkedin.com/jobs/view/auxiliar-de-higieniza%C3%A7%C3%A3o-rs-at-rede-drops-mot%C3%A9is-4450544464,Auxiliar de Higienização - RS,,scraped,2026-08-08T09:03:50.770647,
a0f8c670c4347095,https://br.linkedin.com/jobs/view/programador-de-pcp-rs-at-pertencer-desenvolvimento-humano-e-organizacional-4450534252,Programador de PCP - RS,,scraped,2026-08-08T09:04:08.496743,
dd69bc0f8a132eb4,https://br.linkedin.com/jobs/view/agente-de-limpeza-rs-at-rede-drops-mot%C3%A9is-4450539506,Agente de Limpeza - RS,,scraped,2026-08-08T09:04:17.850591,
7872325a851ddda8,https://br.linkedin.com/jobs/view/montenegro-at-teamed-4451063155,Montenegro,,scraped,2026-08-08T09:04:38.395760,
57917d24b1c12074,https://br.linkedin.com/jobs/view/gerente-de-loja-canoas-rs-at-autozone-4448994937,Gerente de loja - Canoas RS,AutoZone,failed|wp_post_failed,2026-08-08T09:05:16.259802,
a3b3dfac7ab4488f,https://br.linkedin.com/jobs/view/preparador-de-m%C3%A1quinas-injetoras-at-braslux-4450351795,Preparador de Máquinas Injetoras,,scraped,2026-08-08T09:05:18.903063,
944726ff5139a31f,https://br.linkedin.com/jobs/view/montador-de-embalagens-hor%C3%A1rio-h-%C3%A0s-h-rs-at-alimentos-zaeli-4450528975,Montador de Embalagens - Horário h às h - RS,,scraped,2026-08-08T09:05:27.549433,
ac77c120375b0b05,https://br.linkedin.com/jobs/view/abastecedor-de-linha-rs-at-soft-film-ind%C3%BAstria-e-com%C3%A9rcio-de-pl%C3%A1sticos-ltda-4450552232,Abastecedor de Linha - RS,,scraped,2026-08-08T09:05:34.294436,
d9c560285f2f69c0,https://br.linkedin.com/jobs/view/promotor-de-vendas-bento-gon%C3%A7alves-rs-at-jbs-4438735045,Promotor de Vendas - Bento Gonçalves/RS,JBS,failed|wp_post_failed,2026-08-08T09:06:00.940480,
68f7fcb7bcc26561,https://br.linkedin.com/jobs/view/auxiliar-de-servi%C3%A7os-gerais-vaga-afirmativa-35-%2B-port%C3%A3o-at-tlsv-servi%C3%A7os-em-telecomunica%C3%A7%C3%B5es-4450787020,Auxiliar de Serviços Gerais  Vaga afirmativa 35 + PORTÃO,,scraped,2026-08-08T09:06:03.643782,
b5d9c23eb1944f83,https://br.linkedin.com/jobs/view/%231131-comprador-a-ind%C3%BAstria-sapucaia-do-sul-rs-at-rhf-talentos-unidade-porto-alegre-rs-jardim-carvalho-4448477279,#1131 Comprador(a) Indústria - Sapucaia do Sul/RS,,scraped,2026-08-08T09:06:12.442554,
904b785959773314,https://br.linkedin.com/jobs/view/fiscal-de-loja-at-me-linda-cosm%C3%A9ticos-4446296042,Fiscal de Loja,,scraped,2026-08-08T09:06:30.466726,
715329f14cee8fdf,https://br.linkedin.com/jobs/view/auxiliar-de-servi%C3%A7os-gerais-porto-alegre-ofertas-de-emprego-at-pequena-casa-da-crian%C3%A7a-4448095389,Auxiliar de Serviços Gerais - Porto Alegre - Ofertas de Emprego,,scraped,2026-08-08T09:06:37.370290,
c1e0980774846bc9,https://br.linkedin.com/jobs/view/atendente-externo-%E2%80%93-gravata%C3%AD-%E2%80%93-rs-gravata%C3%AD-ofertas-de-emprego-at-graber-sistemas-de-seguran%C3%A7a-4447365781,Atendente Externo – Gravataí – RS - Gravataí - Ofertas de Emprego,,scraped,2026-08-08T09:06:46.789829,
5c8def0906b059a6,https://br.linkedin.com/jobs/view/auxiliar-de-perec%C3%ADveis-rotisseria-%E2%80%93-porto-alegre-%E2%80%93-rs-porto-alegre-ofertas-de-emprego-at-unisuper-4445841140,Auxiliar de Perecíveis / Rotisseria – Porto Alegre – RS - Porto Alegre - Ofertas de Emprego,UniSuper,failed|wp_post_failed,2026-08-08T09:07:22.262659,
5753c97530988f54,https://br.linkedin.com/jobs/view/lojas-renner-canela-auxiliar-de-estoque-at-lojas-renner-s-a-4429369347,|LOJAS RENNER CANELA| Auxiliar de Estoque,,scraped,2026-08-08T09:07:30.891626,
3067deea52bed1ca,https://br.linkedin.com/jobs/view/export-area-manager-junior-at-system-group-pe-pp-pvc-pipes-4449034644,Export Area Manager Junior,,scraped,2026-08-08T09:07:49.938515,
015078dbaa1b79dc,https://br.linkedin.com/jobs/view/auxiliar-de-servi%C3%A7os-gerais-vagas-profissionais-at-grupo-prontosul-4446622203,Auxiliar de Serviços Gerais - Vagas Profissionais,,scraped,2026-08-08T09:08:02.400195,
2e126601a5903528,https://br.linkedin.com/jobs/view/promotor-de-merchandising-at-pop-trade-marketing-4447331562,Promotor de Merchandising,,scraped,2026-08-08T09:08:11.175819,
b3460c7cb22eb25f,https://br.linkedin.com/jobs/view/programador-pleno-sourcing-at-arezzo-co-4440812216,Programador Pleno | Sourcing,,scraped,2026-08-08T09:08:18.135268,
c427255c007cc5a9,https://br.linkedin.com/jobs/view/auxiliar-de-processamento-de-roupa-rouparia-at-hospital-moinhos-de-vento-4450088941,AUXILIAR DE PROCESSAMENTO DE ROUPA - ROUPARIA,,scraped,2026-08-08T09:08:24.746749,
579dc3f6a5b7cc35,https://br.linkedin.com/jobs/view/pintor-de-moveis-linha-uv-at-sierra-m%C3%B3veis-4449331682,PINTOR DE MOVEIS LINHA UV,Sierra Móveis,failed|wp_post_failed,2026-08-08T09:08:47.656781,
addbfc76479bc6b7,https://br.linkedin.com/jobs/view/porteiro-rs-at-grupo-volpato-seguran%C3%A7a-4450534601,Porteiro - RS,,scraped,2026-08-08T09:08:58.245536,
cb36c651b7795028,https://br.linkedin.com/jobs/view/recepcionista-grupo-auxiliadora-predial-muck-canoas-at-auxiliadora-predial-4448464970,Recepcionista | Grupo Auxiliadora Predial | Muck | Canoas,,scraped,2026-08-08T09:09:07.780016,
015ba3c9daea9959,https://br.linkedin.com/jobs/view/auxiliar-de-produ%C3%A7%C3%A3o-rs-at-rotamil-4450527940,Auxiliar de produção - RS,,scraped,2026-08-08T09:09:14.127653,
b562dc7e8393df33,https://br.linkedin.com/jobs/view/operador-de-empilhadeira-at-clicklog-transportes-4449944630,OPERADOR DE EMPILHADEIRA,,scraped,2026-08-08T09:09:21.831302,
3ca05cdc84919455,https://br.linkedin.com/jobs/view/motorista-entregador-at-coca-cola-femsa-4446267044,MOTORISTA ENTREGADOR,Coca-Cola FEMSA,failed|wp_post_failed,2026-08-08T09:09:49.006757,
46088dc965c5e7e4,https://br.linkedin.com/jobs/view/t%C3%A9cnico-em-inform%C3%A1tica-gravata%C3%AD-%E2%80%93-rs-gravata%C3%AD-ofertas-de-emprego-at-db-4445881784,Técnico em Informática - Gravataí – RS - Gravataí - Ofertas de Emprego,,scraped,2026-08-08T09:09:51.664544,
4e27e328e3d499f7,https://br.linkedin.com/jobs/view/auxiliar-de-produ%C3%A7%C3%A3o-at-jobbol-4448126301,Auxiliar de Produção,,scraped,2026-08-08T09:10:10.672692,
55263221ab165ab5,https://br.linkedin.com/jobs/view/auxiliar-de-padaria-at-jobbol-4451025326,Auxiliar de Padaria,,scraped,2026-08-08T09:10:18.301495,
76a315ee663b7f85,https://br.linkedin.com/jobs/view/sales-ambassador-bologna-at-cosine-italy-4448817381,SALES AMBASSADOR | BOLOGNA,,scraped,2026-08-08T09:10:25.575780,
36cbacbae4b4c966,https://br.linkedin.com/jobs/view/auxiliar-de-a%C3%A7ougue-at-supermercados-andreazza-4449792853,Auxiliar de açougue,,scraped,2026-08-08T09:10:31.985591,
53caaf128939e090,https://br.linkedin.com/jobs/view/sales-ambassador-ascoli-piceno-at-cosine-italy-4448817379,SALES AMBASSADOR | ASCOLI PICENO,,scraped,2026-08-08T09:11:03.919792,
206e26f61c359cbc,https://br.linkedin.com/jobs/view/gar%C3%A7om-petiskeira-shopping-villagio-caxias-caxias-do-sul-rs-at-petiskeira-restaurantes-4450542395,Garçom Petiskeira Shopping Villagio Caxias - Caxias do Sul - RS,,scraped,2026-08-08T09:11:14.333913,
4493397792832a27,https://br.linkedin.com/jobs/view/promoter-le-spighe-crotone-at-cosine-italy-4448825194,PROMOTER | LE SPIGHE | CROTONE,,scraped,2026-08-08T09:11:36.905017,
ed25a56855e47649,https://br.linkedin.com/jobs/view/auxiliar-de-limpeza-feminino-poa-condom%C3%ADnios-rs-at-stv-seguran%C3%A7a-4450527922,Auxiliar De Limpeza feminino POA Condomínios - RS,,scraped,2026-08-08T09:11:43.209987,
3fa5245c1796fe56,https://br.linkedin.com/jobs/view/operador-de-central-de-concreto-at-jobbol-4448615038,Operador de Central de Concreto,,scraped,2026-08-08T09:11:49.598916,
effa74c718ffec5d,https://br.linkedin.com/jobs/view/auxiliar-de-produ%C3%A7%C3%A3o-at-jobbol-4448491458,Auxiliar de Produção,,scraped,2026-08-08T09:11:57.370447,
009719f5245656c0,https://br.linkedin.com/jobs/view/supervisor-mgm-italia-at-cosine-italy-4449205629,Supervisor | MGM | Italia,,scraped,2026-08-08T09:12:04.933407,
8a0bc88164e97e84,https://br.linkedin.com/jobs/view/auxiliar-de-produ%C3%A7%C3%A3o-at-jobbol-4449037699,Auxiliar de Produção,,scraped,2026-08-08T09:12:35.372821,
2821654b94708155,https://br.linkedin.com/jobs/view/auxiliar-de-apropria%C3%A7%C3%A3o-de-custos-at-jobbol-4447817246,Auxiliar de Apropriação de Custos,,scraped,2026-08-08T09:12:42.895369,
b3b0dccee473abf4,https://br.linkedin.com/jobs/view/sales-ambassador-alessandria-at-cosine-italy-4448810580,SALES AMBASSADOR | ALESSANDRIA,,scraped,2026-08-08T09:12:52.409190,
57b63bb2a2e42bb3,https://br.linkedin.com/jobs/view/assistant-%C3%A9ducatif-et-social-h-f-at-%C3%A9cole-pratique-de-service-social-epss-4450583456,Assistant Éducatif et Social (H/F),,scraped,2026-08-08T09:13:08.899657,
7b786018d19840e6,https://br.linkedin.com/jobs/view/operador-de-prensas-rs-at-d-zainer-4450526807,Operador de Prensas - RS,,scraped,2026-08-08T09:13:27.595799,
0072c7ef9523f9f5,https://br.linkedin.com/jobs/view/auxiliar-de-qualidade-at-tomasi-rh-4449133508,Auxiliar de Qualidade,,scraped,2026-08-08T09:13:35.162336,
94c3caff309be65c,https://br.linkedin.com/jobs/view/sap-abap-engineering-manager-at-epam-systems-4451038184,SAP ABAP Engineering Manager,EPAM Systems,failed|wp_post_failed,2026-08-08T09:13:58.419350,
f685bf32e394e1f5,https://br.linkedin.com/jobs/view/seguran%C3%A7a-de-loja-at-lojas-linna-4448712055,Segurança de Loja,Lojas Linna,failed|wp_post_failed,2026-08-08T09:14:21.101560,
c80251c465bfcdec,https://br.linkedin.com/jobs/view/auxiliar-de-confec%C3%A7%C3%B5es-rs-at-pertencer-desenvolvimento-humano-e-organizacional-4450537507,Auxiliar de Confecções - RS,,scraped,2026-08-08T09:14:23.610256,
b88851e06dc69f74,https://br.linkedin.com/jobs/view/hostess-pcg-at-pobre-juan-4450775672,HOSTESS - PCG,,scraped,2026-08-08T09:14:43.126869,
7a900cdb6ea65ae5,https://br.linkedin.com/jobs/view/auxiliar-de-a%C3%A7ougue-a%C3%A7ougueiro-a-canoas-ofertas-de-emprego-at-unisuper-4445834929,Auxiliar de Açougue / Açougueiro(A) - Canoas - Ofertas de Emprego,UniSuper,failed|wp_post_failed,2026-08-08T09:15:19.604971,
6fec0ade710b49f9,https://br.linkedin.com/jobs/view/excursion-tara-rafting-at-globtour-montenegro-4449065899,Excursion Tara Rafting,,scraped,2026-08-08T09:15:22.226854,
5df142d23ff47bfd,https://br.linkedin.com/jobs/view/vaga-exclusiva-para-pcd-rs-at-giordani-turismo-ltda-4450539312,Vaga exclusiva para PCD - RS,Giordani Turismo Ltda,failed|wp_post_failed,2026-08-08T09:15:46.025669,
74b0eb85e1e6f5e4,https://br.linkedin.com/jobs/view/operador-de-m%C3%A1quinas-turno-rs-at-pertencer-desenvolvimento-humano-e-organizacional-4450546211,Operador de máquinas - Turno - RS,,scraped,2026-08-08T09:15:48.532581,
1d3ddcc8070757f8,https://br.linkedin.com/jobs/view/coordenador-operacional-to-at-selsul-recursos-humanos-4450546179,Coordenador Operacional - TO,,scraped,2026-08-08T09:15:56.654375,
723b9a5341a8a66c,https://br.linkedin.com/jobs/view/instalador-placas-solares-vagas-profissionais-at-ric-komeco-4445838247,Instalador - Placas Solares - Vagas Profissionais,,scraped,2026-08-08T09:16:05.678187,
b58e3d581224db72,https://br.linkedin.com/jobs/view/operador-de-cart%C3%B5es-rs-at-prefeitura-de-santo-andr%C3%A9-4450524826,Operador de Cartões - RS,Prefeitura de Santo André,failed|wp_post_failed,2026-08-08T09:16:36.023259,
ea3817b77f6d529f,https://br.linkedin.com/jobs/view/auxiliar-de-estoque-at-grupo-crisdu-4451052188,Auxiliar de estoque,Grupo Crisdu,failed|wp_post_failed,2026-08-08T09:17:03.028764,
7b50ee14026b4ba6,https://br.linkedin.com/jobs/view/recepcionista-rs-at-wizard-by-pearson-4450537604,Recepcionista - RS,,scraped,2026-08-08T09:17:11.557192,
87f4338ba9e2ca7b,https://br.linkedin.com/jobs/view/auxiliar-de-servicos-gerais-navegantes-poa-at-interlig-rh-4447848576,Auxiliar De Servicos Gerais - Navegantes - Poa,,scraped,2026-08-08T09:17:18.468688,
1259dc9d1013c780,https://br.linkedin.com/jobs/view/brazil-faculty-position-professor-of-analysis-and-applied-mathematics-at-international-academic-center-4451039222,Brazil: Faculty Position: Professor of Analysis and Applied Mathematics,,scraped,2026-08-08T09:17:26.159335,
7d5fc3144fa8469a,https://br.linkedin.com/jobs/view/profissional-de-apoio-porto-alegre-ofertas-de-emprego-at-pequena-casa-da-crian%C3%A7a-4448736689,Profissional de Apoio - Porto Alegre - Ofertas de Emprego,,scraped,2026-08-08T09:17:42.552331,
2c7822425d7cd037,https://br.linkedin.com/jobs/view/coordenador-a-de-comunica%C3%A7%C3%A3o-corporativa-argenta-at-argenta-4450308352,Coordenador (a) de Comunicação Corporativa | ARGENTA,,scraped,2026-08-08T09:17:54.500430,
f8c7eca43f6fe08e,https://br.linkedin.com/jobs/view/telemarketing-ativo-cobran%C3%A7a-%E2%80%93-centro-%E2%80%93-porto-alegre-%3F-porto-alegre-ofertas-de-emprego-at-zanc-assessoria-nacional-de-cobran%C3%A7a-4445831967,Telemarketing Ativo / Cobrança – Centro – Porto Alegre ?... - Porto Alegre - Ofertas de Emprego,ZANC Assessoria Nacional de Cobrança,failed|wp_post_failed,2026-08-08T09:18:25.089650,
c8943dbd548a781e,https://br.linkedin.com/jobs/view/instrutor-a-de-portugu%C3%AAs-rs-at-grau-t%C3%A9cnico-4450541391,Instrutor(a) de Português  - RS,Grau Técnico,failed|wp_post_failed,2026-08-08T09:18:45.328541,
a029e3b215f0019e,https://br.linkedin.com/jobs/view/auxiliar-fiscal-at-fasa-by-darling-ingredients-4446653069,Auxiliar fiscal,,scraped,2026-08-08T09:18:51.964588,
b6cbfe2096a5c67d,https://br.linkedin.com/jobs/view/auxiliar-de-cozinha-asun-pontal-at-asun-supermercados-4449697904,AUXILIAR DE COZINHA - ASUN PONTAL,,scraped,2026-08-08T09:19:00.724154,
7cb9dd82ff9ed8c7,https://br.linkedin.com/jobs/view/instrutor-de-el%C3%A9trica-rs-at-grau-t%C3%A9cnico-4450551301,Instrutor de Elétrica - RS,Grau Técnico,failed|wp_post_failed,2026-08-08T09:19:27.960329,
c740220b90343c49,https://br.linkedin.com/jobs/view/assistente-de-log%C3%ADstica-noturno-at-brix-cargo-4446292110,Assistente de Logística NOTURNO,,scraped,2026-08-08T09:19:30.603528,
68ae5058f71c7dc3,https://br.linkedin.com/jobs/view/gerente-servi%C3%A7os-shopping-at-grupo-zaffari-4448400994,Gerente Serviços Shopping,,scraped,2026-08-08T09:19:38.575767,
ee534875e7299e23,https://br.linkedin.com/jobs/view/operador-de-caixa-at-cooperativa-santa-clara-4449766543,Operador de Caixa,,scraped,2026-08-08T09:19:46.722975,
fd72a4c9a59e50ca,https://br.linkedin.com/jobs/view/atendente-comercial-rs-at-unidasul-distribuidora-aliment%C3%ADcia-s-a-4450522936,Atendente Comercial - RS,,scraped,2026-08-08T09:19:54.361774,
56adbb88f452f4b1,https://br.linkedin.com/jobs/view/coordenador-de-manuten%C3%A7%C3%A3o-at-jobbol-4449439412,Coordenador de Manutenção,,scraped,2026-08-08T09:20:11.947337,
c63bf921a3e96f4d,https://br.linkedin.com/jobs/view/analista-fiscal-at-jobbol-4448112519,Analista Fiscal,,scraped,2026-08-08T09:20:21.528048,
efe8f244a7ffa2f2,https://br.linkedin.com/jobs/view/cozinheiro-at-jobbol-4450770286,Cozinheiro,,scraped,2026-08-08T09:20:32.920596,
b426517eebdb6e83,https://br.linkedin.com/jobs/view/porteiro-poa-condom%C3%ADnios-bairro-jardim-do-salso-rs-at-stv-seguran%C3%A7a-4450550242,Porteiro POA Condomínios - Bairro Jardim Do Salso - RS,,scraped,2026-08-08T09:20:42.246781,
68026688c97ac462,https://br.linkedin.com/jobs/view/armazenista-expedi%C3%A7%C3%A3o-hor%C3%A1rio-h-%C3%A0s-h-rs-at-alimentos-zaeli-4450523961,Armazenista - Expedição - Horário h às h - RS,,scraped,2026-08-08T09:20:48.959361,
e883bdb1d24e8b47,https://br.linkedin.com/jobs/view/alimentador-de-produ%C3%A7%C3%A3o-rs-at-lampert-rh-digital-4450532851,Alimentador de Produção - RS,,scraped,2026-08-08T09:20:55.707035,
3a024f26c0f2010e,https://br.linkedin.com/jobs/view/cozinheiro-at-jobbol-4450772295,Cozinheiro,,scraped,2026-08-08T09:21:10.165850,
5c842604b5d42cd1,https://br.linkedin.com/jobs/view/lojas-renner-auxiliar-de-estoque-destinada-a-pessoas-com-defici%C3%AAncia-coloque-o-nome-da-loja-e-cidade-nesse-formato-at-lojas-renner-s-a-4430800410,|LOJAS RENNER| Auxiliar de Estoque - Destinada a Pessoas com Deficiência - Coloque o Nome da Loja e Cidade Nesse Formato,,scraped,2026-08-08T09:21:27.616188,
8a2c2300a4bc388b,https://br.linkedin.com/jobs/view/almoxarife-rs-at-pertencer-desenvolvimento-humano-e-organizacional-4450543157,Almoxarife - RS,,scraped,2026-08-08T09:21:36.451063,
80361baba40dbe24,https://br.linkedin.com/jobs/view/sales-ambassador-vercelli-at-cosine-italy-4448038615,SALES AMBASSADOR | VERCELLI,,scraped,2026-08-08T09:21:45.841651,
108c308da8fcf505,https://br.linkedin.com/jobs/view/operador-de-acabamento-rs-at-lampert-rh-digital-4450549028,Operador de Acabamento - RS,,scraped,2026-08-08T09:22:00.613303,
1215b2f3b9914a23,https://br.linkedin.com/jobs/view/assistente-de-compras-at-jobbol-4451014631,Assistente de Compras,,scraped,2026-08-08T09:22:07.720642,
2737b7182a0f9fc6,https://br.linkedin.com/jobs/view/auxiliar-de-produ%C3%A7%C3%A3o-evviva-rs-rs-at-grupo-bertolini-4450546155,Auxiliar de Produção EVVIVA - RS - RS,,scraped,2026-08-08T09:22:21.195114,
6c24d02abb843c7b,https://br.linkedin.com/jobs/view/auxiliar-de-servi%C3%A7os-gerais-petiskeira-shopping-praia-de-belas-porto-alegre-rs-at-petiskeira-restaurantes-4450556028,Auxiliar de Serviços Gerais Petiskeira Shopping Praia de Belas Porto Alegre - RS,,scraped,2026-08-08T10:46:46.014869,
baf28f32f01d888f,https://br.linkedin.com/jobs/view/auxiliar-de-expedi%C3%A7%C3%A3o-at-cooperativa-santa-clara-4448248771,Auxiliar de Expedição,,scraped,2026-08-08T10:46:54.152360,
7b3914476c9600fd,https://br.linkedin.com/jobs/view/auxiliar-de-dep%C3%B3sito-at-agrimar-4450351799,Auxiliar de Depósito,,scraped,2026-08-08T10:48:31.459259,
95cc140fce70acfa,https://br.linkedin.com/jobs/view/montador-de-acabamento-at-lampert-rh-digital-4450906060,Montador de Acabamento,,scraped,2026-08-08T10:50:36.258250,
b4153c87f180b866,https://br.linkedin.com/jobs/view/analista-de-recrutamento-e-sele%C3%A7%C3%A3o-rs-at-grupo-carburgo-4450541145,Analista de recrutamento e seleção - RS,,scraped,2026-08-08T10:51:42.326512,
8bf66f2ed55f6da7,https://br.linkedin.com/jobs/view/app-channel-manager-at-kto-group-4450315755,App Channel Manager,,scraped,2026-08-08T10:51:51.245090,
6b4991d35577ebcd,https://br.linkedin.com/jobs/view/gerente-loja-vivo-bom-retiro-do-sul-rs-at-alea-s-a-4449908843,Gerente -  Loja Vivo - Bom Retiro do Sul RS,Alea S.A.,failed|wp_post_failed,2026-08-08T10:52:21.168140,
364a074cdc284888,https://br.linkedin.com/jobs/view/auxiliar-de-produ%C3%A7%C3%A3o-at-janaina-bernardo-recursos-humanos-4449786961,Auxiliar de Produção,Janaina Bernardo | Recursos Humanos,failed|wp_post_failed,2026-08-08T10:52:41.556970,
43d92157301115f5,https://br.linkedin.com/jobs/view/encarregado-de-merchandising-regi%C3%A3o-metropolitana-at-aurora-coop-4450301707,Encarregado de Merchandising (Região Metropolitana),,scraped,2026-08-08T10:52:44.205488,
2c8e0e8ec978f0ec,https://br.linkedin.com/jobs/view/auxiliar-de-limpeza-tempor%C3%A1rio-ferista-port%C3%A3o-rs-at-gba-facilities-4450553167,Auxiliar de limpeza temporário -Ferista - Portão - RS,,scraped,2026-08-08T10:52:51.432272,
fc9ef5c8597c594a,https://br.linkedin.com/jobs/view/especialista-de-produtos-at-egali-interc%C3%A2mbio-4446207686,Especialista de produtos,,scraped,2026-08-08T10:52:59.488187,
41bf656297a74abe,https://br.linkedin.com/jobs/view/analista-de-recrutamento-e-sele%C3%A7%C3%A3o-tempor%C3%A1rio-at-agrofel-4449676993,Analista de Recrutamento e Seleção - TEMPORÁRIO,,scraped,2026-08-08T10:53:06.802783,
43283f70e0e78d82,https://br.linkedin.com/jobs/view/corretor-de-im%C3%B3veis-rs-at-call-4450550346,Corretor de imóveis - RS,Call,failed|wp_post_failed,2026-08-08T10:53:34.544818,
fe9d3dc7be6de18e,https://br.linkedin.com/jobs/view/auxiliar-de-servi%C3%A7os-gerais-para-cobrir-f%C3%A9rias-at-tlsv-servi%C3%A7os-em-telecomunica%C3%A7%C3%B5es-4448630344,Auxiliar de Serviços Gerais - PARA COBRIR FÉRIAS,,scraped,2026-08-08T10:53:37.191898,
bf711d9f4a35c1be,https://br.linkedin.com/jobs/view/operador-de-dobradeira-rs-at-pertencer-desenvolvimento-humano-e-organizacional-4450537546,Operador de Dobradeira - RS,,scraped,2026-08-08T10:54:43.401232,
be04af7a1d3fe794,https://br.linkedin.com/jobs/view/operador-de-prensa-at-lampert-rh-digital-4450906061,Operador de Prensa,,scraped,2026-08-08T10:54:56.434665,
71cd301fbefcf7cd,https://br.linkedin.com/jobs/view/sales-ambassador-macerata-at-cosine-italy-4448818362,SALES AMBASSADOR | MACERATA,,scraped,2026-08-08T10:55:09.262500,
0ee586c9c4521590,https://br.linkedin.com/jobs/view/sales-promoter-telefonia-cc-il-leone-lonato-del-garda-bs-at-cosine-italy-4448083376,SALES PROMOTER TELEFONIA | CC IL LEONE | LONATO DEL GARDA | BS,,scraped,2026-08-08T10:55:17.949393,
bf69f1d6b1f261e0,https://br.linkedin.com/jobs/view/auxiliar-de-log%C3%ADstica-at-jobbol-4448141017,Auxiliar de Logística,,scraped,2026-08-08T10:55:24.308641,
45418dd639227689,https://br.linkedin.com/jobs/view/auxiliar-de-limpeza-rs-at-unisuper-4450540549,Auxiliar de limpeza - RS,UniSuper,failed|wp_post_failed,2026-08-08T13:03:10.716103,
1aa22f45bd07da69,https://br.linkedin.com/jobs/view/agente-di-zona-at-best-of-rent-agenzia-leasys-4451055993,AGENTE DI ZONA,,scraped,2026-08-08T13:03:35.221346,
bffe928a1588691e,https://br.linkedin.com/jobs/view/trocador-de-moldes-distrito-de-alvorada-rs-at-netcarreiras-4447311189,TROCADOR DE MOLDES - DISTRITO DE ALVORADA/RS,,scraped,2026-08-08T13:03:46.017192,
4cd46c6dda618070,https://br.linkedin.com/jobs/view/operador-de-lavanderia-rs-at-rede-drops-mot%C3%A9is-4450543126,Operador de Lavanderia - RS,,scraped,2026-08-08T13:06:23.920755,
8434d2476dc5cdbd,https://br.linkedin.com/jobs/view/ai-driven-devops-engineer-at-freedom24-4448147343,AI-Driven DevOps Engineer,,scraped,2026-08-08T13:06:31.158123,
ec5bb7018d01d3dc,https://br.linkedin.com/jobs/view/apartamento-3-quartos-%C3%A0-venda-107-m%C2%B2-moinhos-de-vento-porto-alegre-at-don-investimentos-imobiliarios-4448585908,"Apartamento, 3 quartos, à venda, 107 m², Moinhos de Vento - Porto Alegre",,scraped,2026-08-08T13:07:45.764302,
c61f9c7f784e9547,https://br.linkedin.com/jobs/view/auxiliar-de-montagem-de-tratores-canoas-rs-at-netcarreiras-4447304666,AUXILIAR DE MONTAGEM DE TRATORES - CANOAS/RS,,scraped,2026-08-08T13:08:09.203710,
0cada1b0cf370f52,https://br.linkedin.com/jobs/view/back-office-gestione-clienti-at-best-of-rent-agenzia-leasys-4451059839,BACK OFFICE / GESTIONE CLIENTI,,scraped,2026-08-08T13:10:05.066129,
b3192823f7c92646,https://br.linkedin.com/jobs/view/apartamento-2-quartos-%C3%A0-venda-103-m%C2%B2-moinhos-de-vento-porto-alegre-at-don-investimentos-imobiliarios-4448901747,"Apartamento, 2 quartos, à venda, 103 m², Moinhos de Vento - Porto Alegre",,scraped,2026-08-08T13:10:15.433076,
919b1b54fc9966d0,https://br.linkedin.com/jobs/view/instrutor-de-transporte-de-cargas-logber-rs-rs-at-grupo-bertolini-4450546304,Instrutor de Transporte de Cargas (Logber RS) - RS,,scraped,2026-08-08T13:11:25.344175,
c6223bea3824bf12,https://br.linkedin.com/jobs/view/grupo-savar-ravas-motorista-at-grupo-savar-4447812714,GRUPO SAVAR RAVAS | Motorista,,scraped,2026-08-08T13:11:32.674701,
76d51a65d4127f28,https://br.linkedin.com/jobs/view/assistant-de-service-social-h-f-at-%C3%A9cole-pratique-de-service-social-epss-4450568988,Assistant de Service Social (H/F),,scraped,2026-08-08T13:11:39.637191,
11e308d04f560792,https://br.linkedin.com/jobs/view/lead-product-manager-%E2%80%93%C2%A0-reporting-services-at-adp-4434541298,Lead Product Manager –  Reporting Services,ADP,failed|wp_post_failed,2026-08-08T13:12:19.536080,
602e0ff47a2b4f4d,https://br.linkedin.com/jobs/view/jovem-aprendiz-at-magalu-4448680209,Jovem Aprendiz,Magalu,failed|wp_post_failed,2026-08-08T13:12:53.387026,
3ea5b2bbf092845a,https://br.linkedin.com/jobs/view/assistente-de-compras-at-farias-alimentos-ltda-4448447485,Assistente de compras,,scraped,2026-08-08T13:12:55.995157,
0fcfa025a8690619,https://br.linkedin.com/jobs/view/analista-de-customer-service-jr-at-piccadilly-company-4448455858,Analista de Customer Service JR,PICCADILLY COMPANY,failed|wp_post_failed,2026-08-08T13:13:32.764501,
838862ced91248ea,https://br.linkedin.com/jobs/view/promotor-vendas-porto-alegre-zona-sul-com-carro-at-the-heineken-company-4442409424,Promotor Vendas - Porto Alegre (Zona Sul) - COM CARRO,The HEINEKEN Company,failed|wp_post_failed,2026-08-08T13:13:51.785389,
da551355f7ce8f39,https://br.linkedin.com/jobs/view/manutentor-a-civil-iii-lajeado-rs-at-mbrf-4450623936,Manutentor(a) Civil III - Lajeado RS,MBRF,failed|wp_post_failed,2026-08-08T13:14:11.434228,
7ac6888e1d11ad4a,https://br.linkedin.com/jobs/view/apartamento-no-madureira-em-caxias-do-sul-rs-at-biasi-leil%C3%B5es-4451085110,Apartamento no Madureira em Caxias do Sul/RS,,scraped,2026-08-08T14:39:05.261445,
4ae2e7aecea4229b,https://br.linkedin.com/jobs/view/retail-specialist-terni-at-cosine-italy-4448813442,Retail Specialist | Terni,,scraped,2026-08-08T14:39:37.634207,
58369dfb4eb4921d,https://br.linkedin.com/jobs/view/estilista-banco-de-talentos-at-arezzo-co-4406882726,Estilista | Banco de Talentos,,scraped,2026-08-08T14:41:50.690002,
4ad2c53048e2547f,https://br.linkedin.com/jobs/view/banco-de-talentos-exclusivo-para-pessoas-pretas-e-pardas-at-arezzo-co-4332001190,Banco de Talentos Exclusivo para Pessoas Pretas e Pardas,,scraped,2026-08-08T14:42:11.484294,
ae8da06e70c8d133,https://br.linkedin.com/jobs/view/lider-de-servi%C3%A7os-gerais-com-experi%C3%AAncia-vaga-afirmativa-35%2B-at-tlsv-servi%C3%A7os-em-telecomunica%C3%A7%C3%B5es-4448634186,Lider de serviços gerais-com experiência(Vaga afirmativa 35+),,scraped,2026-08-08T14:49:20.252849,
dc23c43c6246850e,https://br.linkedin.com/jobs/view/operador-de-centro-de-usinagem-2-o-turno-at-capta-servicos-empresariais-4448701077,Operador de Centro de Usinagem- 2.o turno,Capta Servicos Empresariais,failed|wp_post_failed,2026-08-08T14:50:37.988141,
82506b3c8c2d5e0d,https://br.linkedin.com/jobs/view/videomaker-at-znt-marketing-de-conte%C3%BAdo-4448069134,Videomaker,ZNT | Marketing de Conteúdo,failed|wp_post_failed,2026-08-08T14:51:00.310482,
58816685ad2add54,https://br.linkedin.com/jobs/view/auxiliar-de-dep%C3%B3sito-to-at-alpha-qu%C3%ADmica-4450524841,Auxiliar de Depósito - TO,,scraped,2026-08-08T14:51:03.005568,
db757bcf2599fa68,https://br.linkedin.com/jobs/view/auxiliar-de-cozinha-at-jobbol-4450769335,Auxiliar de Cozinha,,scraped,2026-08-08T14:51:39.064148,
c2e5b48aed6acccf,https://br.linkedin.com/jobs/view/farmac%C3%AAutico-hospitalar-4449240888,Farmacêutico hospitalar,Associação Beneficente Hospitalar São Salvador,failed|wp_post_failed,2026-08-08T16:46:14.859127,
155330174de60305,https://br.linkedin.com/jobs/view/facchino-at-daiki-group-4447348988,Facchino,,scraped,2026-08-08T18:46:12.678306,
9adfb20e63052ce7,https://br.linkedin.com/jobs/view/banco-de-talentos-diversidade-racial-at-eaton-4340652478,Banco de Talentos - Diversidade Racial,Eaton,failed|wp_post_failed,2026-08-08T18:47:17.473218,
b226261843fd0e90,https://br.linkedin.com/jobs/view/nair-90-anos%0Aanivers%C3%A1rios%0Amonte-alegre-do-sul-sp-at-studio-orientec-4450579518,"NAIR - 90 ANOS
ANIVERSÁRIOS
MONTE ALEGRE DO SUL/SP",,scraped,2026-08-08T18:50:16.418134,
1b6dca06a2cc5204,https://br.linkedin.com/jobs/view/supridor-repositor-rs-at-unidasul-distribuidora-aliment%C3%ADcia-s-a-4450539242,Supridor Repositor - RS,,scraped,2026-08-08T18:50:44.762503,
c3133a42d061ba83,https://br.linkedin.com/jobs/view/auxiliar-de-transporte-%E2%80%93-alvorada-%E2%80%93-rs-vagas-profissionais-at-desentupidora-ultratec-4446621173,Auxiliar de Transporte – Alvorada – RS - Vagas Profissionais,,scraped,2026-08-08T18:51:15.152042,
802674729ac4fd91,https://br.linkedin.com/jobs/view/avaliador-de-ve%C3%ADculos-drsul-caxias-do-sul-at-grupo-drsul-concession%C3%A1rias-4449248202,Avaliador de Veículos - DRSUL Caxias do Sul,,scraped,2026-08-08T18:51:24.387231,
5057685343f41074,https://br.linkedin.com/jobs/view/grupo-savar-jeep-ram-geometrista-at-grupo-savar-4451079715,GRUPO SAVAR JEEP/RAM | Geometrista,,scraped,2026-08-08T18:53:42.153253,
55aeeb1a486ffbe9,https://br.linkedin.com/jobs/view/instalador-auxiliar-at-trucks-control-4451084559,Instalador Auxiliar,Trucks Control,failed|wp_post_failed,2026-08-08T18:54:07.613568,
292cdf63e9209148,https://br.linkedin.com/jobs/view/repositor-de-fruteira-at-grupo-passarela-4450919209,Repositor de Fruteira,Grupo Passarela,failed|wp_post_failed,2026-08-08T18:54:45.572788,
61f5ac1cb18b54d6,https://br.linkedin.com/jobs/view/funileiro-at-grupobras-holding-tecnologia-4450918427,Funileiro,,scraped,2026-08-08T18:55:22.212974,
48fa7d7180e4cb23,https://br.linkedin.com/jobs/view/auxiliar-de-padaria-rs-at-unidasul-distribuidora-aliment%C3%ADcia-s-a-4450533545,Auxiliar de Padaria - RS,,scraped,2026-08-08T18:57:30.997106,
3eaed6ca7ea9e945,https://br.linkedin.com/jobs/view/vendedor-at-magalu-4442404496,VENDEDOR,Magalu,failed|wp_post_failed,2026-08-08T18:58:08.466334,
557541814553d085,https://br.linkedin.com/jobs/view/operatore-telefonico-gestione-clienti-at-best-of-rent-agenzia-leasys-4451077210,OPERATORE TELEFONICO / GESTIONE CLIENTI,,scraped,2026-08-08T18:59:35.349502,
a548511bee8a0f34,https://br.linkedin.com/jobs/view/pintor-at-grupobras-holding-tecnologia-4450917497,Pintor,,scraped,2026-08-08T18:59:56.102854,
41857a9346e45820,https://br.linkedin.com/jobs/view/sommelier-at-grupo-passarela-4450924051,Sommelier,Grupo Passarela,failed|wp_post_failed,2026-08-08T20:38:26.395248,
6c035ef282dbe9f8,https://br.linkedin.com/jobs/view/padeiro-at-grupo-passarela-4450924052,Padeiro,Grupo Passarela,failed|wp_post_failed,2026-08-08T20:40:59.425051,
5e81da9de62f7cba,https://br.linkedin.com/jobs/view/fracionador-at-jobbol-4451304229,Fracionador,,scraped,2026-08-08T20:41:14.001113,
87de65cde66effa8,https://br.linkedin.com/jobs/view/operador-de-caixa-at-supermercados-andreazza-4448257125,Operador de Caixa,,scraped,2026-08-08T20:47:53.287858,
0bdc875623b65c39,https://br.linkedin.com/jobs/view/auxiliar-de-turma-at-escola-hub-4449264515,Auxiliar de Turma,,scraped,2026-08-08T20:49:51.628178,
eb4092c3a118c629,https://br.linkedin.com/jobs/view/brand-ambassador-torino-e-territorio-at-cosine-italy-4448827148,Brand Ambassador | Torino e territorio,,scraped,2026-08-08T22:39:38.759153,
5fc92e2a100436cb,https://br.linkedin.com/jobs/view/pessoa-promotor-trade-execucao-lajeado-rio-grande-do-sul-at-the-heineken-company-4432580740,Pessoa Promotor Trade Execucao - Lajeado - Rio Grande do Sul,The HEINEKEN Company,failed|wp_post_failed,2026-08-09T02:05:40.972518,
4551d05765cc9b32,https://br.linkedin.com/jobs/view/pizzaiolo-at-jobbol-4451308731,Pizzaiolo,,scraped,2026-08-09T02:07:25.531502,
89b1123bfd7a684d,https://br.linkedin.com/jobs/view/agente-di-zona-at-best-of-rent-agenzia-leasys-4451303589,AGENTE DI ZONA,,scraped,2026-08-09T02:08:56.618745,
4f148e547b7a9128,https://br.linkedin.com/jobs/view/auxiliar-de-cozinha-at-jobbol-4451314655,Auxiliar de Cozinha,,scraped,2026-08-09T02:13:13.392232,
5ed35b1f19bd1540,https://br.linkedin.com/jobs/view/ajudante-de-produ%C3%A7%C3%A3o-canoas-rs-rs-at-prefeitura-de-santo-andr%C3%A9-4449273768,Ajudante de Produção Canoas RS - RS,Prefeitura de Santo André,failed|wp_post_failed,2026-08-09T05:14:02.941925,
0a7776ad1572cb74,https://br.linkedin.com/jobs/view/operador-de-cart%C3%A3o-rs-at-prefeitura-de-santo-andr%C3%A9-4449273773,OPERADOR DE CARTÃO - RS,Prefeitura de Santo André,failed|wp_post_failed,2026-08-09T05:20:29.432546,
9325387c3fc94727,https://br.linkedin.com/jobs/view/repositor-de-frios-at-grupo-passarela-4450925004,Repositor de Frios,Grupo Passarela,failed|wp_post_failed,2026-08-09T05:21:48.485867,
c1c483cdfc799b8e,https://br.linkedin.com/jobs/view/porteiro-rs-at-grupo-volpato-seguran%C3%A7a-4450532701,Porteiro - RS,,scraped,2026-08-09T05:21:55.068663,
d7b80321b5fb6f43,https://br.linkedin.com/jobs/view/ambev-supervisor-a-de-envase-viam%C3%A3o-at-ambev-4448597220,Ambev | Supervisor (a) de Envase - Viamão,Ambev,failed|wp_post_failed,2026-08-09T05:26:15.347132,
782aaf3289f3ff56,https://br.linkedin.com/jobs/view/auxiliar-de-cozinha-atacad%C3%A3o-at-atacad%C3%A3o-4449917037,Auxiliar de Cozinha - ATACADÃO,,scraped,2026-08-09T05:26:17.946589,
6444bbfcc71c8d8a,https://br.linkedin.com/jobs/view/or%C3%A7amentista-t%C3%A9cnico-at-jobbol-4451325203,Orçamentista Técnico,,scraped,2026-08-09T07:10:30.036686,
14061ff1c7540ad6,https://br.linkedin.com/jobs/view/repositor-de-marcas-at-grupo-passarela-4450924053,Repositor de Marcas,Grupo Passarela,failed|wp_post_failed,2026-08-09T07:14:58.217971,
c1e7fb8688810692,https://br.linkedin.com/jobs/view/bibliotec%C3%A1ria-escolar-oportunidades-exclusivas-at-jose-itamar-dos-santos-penteado-4449297489,Bibliotecária Escolar - Oportunidades Exclusivas,Jose Itamar Dos Santos Penteado,failed|wp_post_failed,2026-08-09T08:52:21.532460,
f2ea01ae2e0e88fd,https://br.linkedin.com/jobs/view/vaga-para-promotor-bento-gon%C3%A7alves-oportunidades-exclusivas-at-severas-merchandising-4446622201,Vaga para Promotor- Bento Gonçalves - Oportunidades Exclusivas,Severas Merchandising,failed|wp_post_failed,2026-08-09T08:53:20.023226,
ce4f6d34c67e7729,https://br.linkedin.com/jobs/view/vaga-para-promotor-a-caxias-do-sul-oportunidades-exclusivas-at-severas-merchandising-4446623197,Vaga para Promotor (A) Caxias do Sul - Oportunidades Exclusivas,Severas Merchandising,failed|wp_post_failed,2026-08-09T08:54:17.943427,
31234180f19119f2,https://br.linkedin.com/jobs/view/polidor-de-a%C3%A7o-inox-gravata%C3%AD-gravata%C3%AD-carreiras-em-destaque-at-db-4448747275,Polidor de Aço Inox - Gravataí. - Gravataí - Carreiras em Destaque,,scraped,2026-08-09T08:54:26.536519,
2e9f7051eb940356,https://br.linkedin.com/jobs/view/retail-specialist-perugia-at-cosine-italy-4448824233,Retail Specialist | Perugia,,scraped,2026-08-09T08:55:20.778345,
d23e92179b699e05,https://br.linkedin.com/jobs/view/retail-specialist-verona-at-cosine-italy-4448042554,Retail Specialist | Verona,,scraped,2026-08-09T08:55:27.163362,
4d02e743eb3e2f52,https://br.linkedin.com/jobs/view/retail-specialist-crotone-at-cosine-italy-4448046560,Retail Specialist | Crotone,,scraped,2026-08-09T08:55:33.488911,
c61458fbff6a755d,https://br.linkedin.com/jobs/view/retail-specialist-ascoli-piceno-at-cosine-italy-4448057455,Retail Specialist | Ascoli Piceno,,scraped,2026-08-09T08:55:51.896767,
031f3bb16b013999,https://br.linkedin.com/jobs/view/retail-specialist-ancona-at-cosine-italy-4448807964,Retail Specialist | Ancona,,scraped,2026-08-09T08:55:58.239622,
103dd2b03df9e346,https://br.linkedin.com/jobs/view/retail-specialist-l-aquila-at-cosine-italy-4448808929,Retail Specialist | L'Aquila,,scraped,2026-08-09T08:56:04.465268,
e89fb717f8e5af24,https://br.linkedin.com/jobs/view/retail-specialist-catanzaro-at-cosine-italy-4448829030,Retail Specialist | Catanzaro,,scraped,2026-08-09T08:56:10.732577,
ad9223d9fcc21e1f,https://br.linkedin.com/jobs/view/retail-specialist-aosta-at-cosine-italy-4448809592,Retail Specialist | Aosta,,scraped,2026-08-09T08:56:25.032285,
ffa66c43d99ea4ba,https://br.linkedin.com/jobs/view/retail-specialist-frosinone-at-cosine-italy-4448816374,Retail Specialist | Frosinone,,scraped,2026-08-09T08:56:31.187998,
9a213245ef8d08a7,https://br.linkedin.com/jobs/view/promotor-igrejinha-oportunidades-exclusivas-at-severas-merchandising-4449294694,Promotor - Igrejinha - Oportunidades Exclusivas,Severas Merchandising,failed|wp_post_failed,2026-08-09T08:57:35.265570,
336d94ed5f2e94a8,https://br.linkedin.com/jobs/view/promotor-gravatai-oportunidades-exclusivas-at-severas-merchandising-4445881738,Promotor - Gravatai - Oportunidades Exclusivas,Severas Merchandising,failed|wp_post_failed,2026-08-09T08:58:29.086936,
71fcdd3d3ebe714c,https://br.linkedin.com/jobs/view/promotor-igrejinha-igrejinha-carreiras-em-destaque-at-severas-merchandising-4449299447,Promotor - Igrejinha - Igrejinha - Carreiras em Destaque,Severas Merchandising,failed|wp_post_failed,2026-08-09T08:59:25.166971,
63cc0fc725243b16,https://br.linkedin.com/jobs/view/auxiliar-de-limpeza-%E2%80%93-alvorada-%E2%80%93-rs-oportunidades-exclusivas-at-jose-itamar-dos-santos-penteado-4449505180,Auxiliar de Limpeza – Alvorada – RS - Oportunidades Exclusivas,Jose Itamar Dos Santos Penteado,failed|wp_post_failed,2026-08-09T08:59:45.299784,
d2bed170b277f0cc,https://br.linkedin.com/jobs/view/auxiliar-de-limpeza-oportunidades-exclusivas-at-jose-itamar-dos-santos-penteado-4449295702,Auxiliar de Limpeza - Oportunidades Exclusivas,Jose Itamar Dos Santos Penteado,failed|wp_post_failed,2026-08-09T09:00:01.553932,
bc850a228210a30c,https://br.linkedin.com/jobs/view/promotor-gravatai-gravata%C3%AD-carreiras-em-destaque-at-severas-merchandising-4445862997,Promotor - Gravatai - Gravataí - Carreiras em Destaque,Severas Merchandising,failed|wp_post_failed,2026-08-09T09:00:58.963965,
d9739971df03fa46,https://br.linkedin.com/jobs/view/caldeireiro-%E2%80%93-gua%C3%ADba-%E2%80%93-rs-gua%C3%ADba-carreiras-em-destaque-at-manuservicers-4449287835,Caldeireiro – Guaíba – RS - Guaíba - Carreiras em Destaque,ManuServiceRS,failed|wp_post_failed,2026-08-09T09:01:16.527514,
2dffa13bf853f8f0,https://br.linkedin.com/jobs/view/degustador-a-porto-alegre-e-grande-porto-alegre-oportunidades-exclusivas-at-severas-merchandising-4446621212,Degustador (A) - Porto Alegre e Grande Porto Alegre - Oportunidades Exclusivas,Severas Merchandising,failed|wp_post_failed,2026-08-09T09:02:20.463542,
861a764897388a9f,https://br.linkedin.com/jobs/view/promotor-a-lajeado-lajeado-carreiras-em-destaque-at-severas-merchandising-4446619288,Promotor(A) - Lajeado - Lajeado - Carreiras em Destaque,Severas Merchandising,failed|wp_post_failed,2026-08-09T09:03:21.038611,
8d94d3c097b872c7,https://br.linkedin.com/jobs/view/promotor-a-farroupilha-farroupilha-carreiras-em-destaque-at-severas-merchandising-4446613333,Promotor(A) Farroupilha - Farroupilha - Carreiras em Destaque,Severas Merchandising,failed|wp_post_failed,2026-08-09T09:04:29.690370,
ca7b5c89a5ce2449,https://br.linkedin.com/jobs/view/marceneiro-oportunidades-exclusivas-at-desenfecsul-limpadora-e-conservadora-de-pr%C3%A9dios-ltda-4449506100,Marceneiro - Oportunidades Exclusivas,Desenfecsul Limpadora e Conservadora de Prédios LTDA.,failed|wp_post_failed,2026-08-09T09:04:58.703732,
e6f634f7725fcf88,https://br.linkedin.com/jobs/view/promotor-novo-hamburgo-novo-hamburgo-carreiras-em-destaque-at-severas-merchandising-4446605966,Promotor - Novo Hamburgo - Novo Hamburgo - Carreiras em Destaque,Severas Merchandising,failed|wp_post_failed,2026-08-09T09:05:55.614122,
313453fba69dbb38,https://br.linkedin.com/jobs/view/lubrificador-industrial-%E2%80%93-cachoeirinha-oportunidades-exclusivas-at-manuservicers-4449505134,Lubrificador Industrial – Cachoeirinha - Oportunidades Exclusivas,ManuServiceRS,failed|wp_post_failed,2026-08-09T09:06:19.457762,
abde74dbe48a4779,https://br.linkedin.com/jobs/view/porteiro-condominio-rs-at-stv-seguran%C3%A7a-4450536213,Porteiro- Condominio - RS,,scraped,2026-08-09T09:06:32.037645,
43d91b47fc35a875,https://br.linkedin.com/jobs/view/promotor-a-com-moto-canoas-canoas-carreiras-em-destaque-at-severas-merchandising-4446612359,Promotor (A) com Moto - Canoas - Canoas - Carreiras em Destaque,Severas Merchandising,failed|wp_post_failed,2026-08-09T09:07:38.499195,
70c40329703d97f0,https://br.linkedin.com/jobs/view/servente-de-obra-rs-at-selsul-recursos-humanos-4450541092,Servente de Obra - RS,,scraped,2026-08-09T09:07:49.148564,
8e83b650f1c52054,https://br.linkedin.com/jobs/view/montador-higienista-%E2%80%93-porto-alegre-%E2%80%93-rs-porto-alegre-carreiras-em-destaque-at-sogipa-4448735601,Montador Higienista – Porto Alegre – RS - Porto Alegre - Carreiras em Destaque,,scraped,2026-08-09T09:08:09.596357,
b267b7583bc61c41,https://br.linkedin.com/jobs/view/agente-de-monitoramento-gravata%C3%AD-carreiras-em-destaque-at-graber-sistemas-de-seguran%C3%A7a-4449288806,Agente de Monitoramento - Gravataí - Carreiras em Destaque,Graber Segurança,failed|wp_post_failed,2026-08-09T09:09:29.954864,
73b395792d20cc57,https://br.linkedin.com/jobs/view/agente-de-monitoramento-oportunidades-exclusivas-at-graber-sistemas-de-seguran%C3%A7a-4449291765,Agente de Monitoramento - Oportunidades Exclusivas,Graber Segurança,failed|wp_post_failed,2026-08-09T09:10:32.081747,
607f09f24c60a92b,https://br.linkedin.com/jobs/view/auxiliar-de-portaria-at-jobbol-4451305893,Auxiliar de Portaria,,scraped,2026-08-09T09:11:04.813916,
1e7f130cbb354bbe,https://br.linkedin.com/jobs/view/almoxarife-at-jobbol-4451090854,Almoxarife,,scraped,2026-08-09T09:11:22.083110,
c2a1f1b39a21e79e,https://br.linkedin.com/jobs/view/oficial-de-manutencao-predial-porto-alegre-carreiras-em-destaque-at-manuservicers-4449290833,Oficial de Manutencao Predial - Porto Alegre - Carreiras em Destaque,ManuServiceRS,failed|wp_post_failed,2026-08-09T09:11:43.995017,
ebc8d519855018d0,https://br.linkedin.com/jobs/view/oficial-de-manutencao-predial-oportunidades-exclusivas-at-manuservicers-4449284968,Oficial de Manutencao Predial - Oportunidades Exclusivas,ManuServiceRS,failed|wp_post_failed,2026-08-09T09:12:14.384815,
1ef3eb1507f5a54f,https://br.linkedin.com/jobs/view/auxiliar-de-transporte-desentupidora-%E2%80%93-alvorada-%E2%80%93-rs-alvorada-carreiras-em-destaque-at-desentupidora-ultratec-4446618299,Auxiliar de Transporte Desentupidora – Alvorada – RS - Alvorada - Carreiras em Destaque,,scraped,2026-08-09T09:12:43.058918,
14ff85da91b7c943,https://br.linkedin.com/jobs/view/oficial-de-manuten%C3%A7%C3%A3o-predial-canoas-carreiras-em-destaque-at-desenfecsul-limpadora-e-conservadora-de-pr%C3%A9dios-ltda-4449299411,Oficial de Manutenção Predial - Canoas - Carreiras em Destaque,Desenfecsul Limpadora e Conservadora de Prédios LTDA.,failed|wp_post_failed,2026-08-09T09:13:25.275216,
8bf15d6125c7d252,https://br.linkedin.com/jobs/view/balconista-manh%C3%A3-at-supermercados-andreazza-4449785976,Balconista manhã,,scraped,2026-08-09T09:13:39.802174,
ed012ed0650c49f9,https://br.linkedin.com/jobs/view/manuten%C3%A7%C3%A3o-predial-%E2%80%93-s%C3%A3o-leopoldo-sapucaia-do-su-sapucaia-do-sul-carreiras-em-destaque-at-manuservicers-4449297565,Manutenção Predial – São Leopoldo / Sapucaia do Su... - Sapucaia do Sul - Carreiras em Destaque,ManuServiceRS,failed|wp_post_failed,2026-08-09T09:14:11.575097,
dde2ada452bc7e7c,https://br.linkedin.com/jobs/view/atendente-externo-%E2%80%93-gravata%C3%AD-%E2%80%93-rs-gravata%C3%AD-carreiras-em-destaque-at-graber-sistemas-de-seguran%C3%A7a-4449295716,Atendente Externo – Gravataí – RS - Gravataí - Carreiras em Destaque,Graber Segurança,failed|wp_post_failed,2026-08-09T09:15:07.163725,
d9c54478e0d84832,https://br.linkedin.com/jobs/view/auxiliar-de-servi%C3%A7os-gerais-oportunidades-exclusivas-at-grupo-prontosul-4446622203,Auxiliar de Serviços Gerais - Oportunidades Exclusivas,,scraped,2026-08-09T09:15:19.781750,
3cbec8c2c4357892,https://br.linkedin.com/jobs/view/oficial-de-manuten%C3%A7%C3%A3o-predial-s%C3%A3o-leopoldo-carreiras-em-destaque-at-desenfecsul-limpadora-e-conservadora-de-pr%C3%A9dios-ltda-4449284950,Oficial de Manutenção Predial - São Leopoldo - Carreiras em Destaque,Desenfecsul Limpadora e Conservadora de Prédios LTDA.,failed|wp_post_failed,2026-08-09T09:15:57.837013,
ae24b465d65cb0f7,https://br.linkedin.com/jobs/view/t%C3%A9cnico-em-inform%C3%A1tica-gravata%C3%AD-%E2%80%93-rs-oportunidades-exclusivas-at-db-4445882686,Técnico em Informática - Gravataí – RS - Oportunidades Exclusivas,,scraped,2026-08-09T09:16:36.449579,
91df859ebba59e7f,https://br.linkedin.com/jobs/view/profissional-aee-porto-alegre-carreiras-em-destaque-at-pequena-casa-da-crian%C3%A7a-4448735669,Profissional Aee - Porto Alegre - Carreiras em Destaque,Pequena Casa da Criança,failed|wp_post_failed,2026-08-09T09:18:34.127837,
37092e8d5d2fb4ee,https://br.linkedin.com/jobs/view/serralheiro-%E2%80%93-gua%C3%ADba-%E2%80%93-rs-gua%C3%ADba-carreiras-em-destaque-at-manuservicers-4449296667,Serralheiro – Guaíba – RS - Guaíba - Carreiras em Destaque,ManuServiceRS,failed|wp_post_failed,2026-08-09T09:19:39.644169,
f7a92dff4c1acee4,https://br.linkedin.com/jobs/view/instalador-de-sistemas-de-seguran%C3%A7a-eletr%C3%B4nica-porto-a-porto-alegre-carreiras-em-destaque-at-graber-sistemas-de-seguran%C3%A7a-4446609443,Instalador de Sistemas de Segurança Eletrônica | Porto A... - Porto Alegre - Carreiras em Destaque,Graber Segurança,failed|wp_post_failed,2026-08-09T09:20:34.890537,
b449ee5d9465fa44,https://br.linkedin.com/jobs/view/atendente-interno-de-alarmes-%E2%80%93-gravata%C3%AD-%E2%80%93-rs-oportunidades-exclusivas-at-graber-sistemas-de-seguran%C3%A7a-4449291781,Atendente Interno de Alarmes – Gravataí – RS - Oportunidades Exclusivas,Graber Segurança,failed|wp_post_failed,2026-08-09T09:22:34.449182,
e7adf32a85986e3f,https://br.linkedin.com/jobs/view/eletricista-predial-%E2%80%93-canoas-%E2%80%93-rs-canoas-carreiras-em-destaque-at-manuservicers-4449298570,Eletricista Predial – Canoas – RS - Canoas - Carreiras em Destaque,ManuServiceRS,failed|wp_post_failed,2026-08-09T09:22:59.206674,
24b15cfd50d9d4eb,https://br.linkedin.com/jobs/view/auxiliar-de-almoxarifado-caxias-do-sul-at-a-t-i-brasil-artigos-t%C3%A9cnicos-industriais-ltda-4449071773,Auxiliar de Almoxarifado - Caxias do Sul,,scraped,2026-08-09T09:23:21.795058,
7c8afebe6bd2fba4,https://br.linkedin.com/jobs/view/ct-prontosul-academia-de-gin%C3%A1stica-ltda-porto-alegre-carreiras-em-destaque-at-grupo-prontosul-4446608452,Ct Prontosul Academia de Ginástica Ltda - Porto Alegre - Carreiras em Destaque,,scraped,2026-08-09T09:23:29.701084,
dd362ff8e2362dcd,https://br.linkedin.com/jobs/view/operador-de-empilhadeira-rs-at-unisuper-4450529955,Operador de empilhadeira - RS,UniSuper,failed|wp_post_failed,2026-08-09T09:24:00.426218,
66862f719ed50f2b,https://br.linkedin.com/jobs/view/ajudante-interno-armazenagem-cachoeirinha-rs-at-the-heineken-company-4449135202,Ajudante Interno Armazenagem - Cachoeirinha - RS,The HEINEKEN Company,failed|wp_post_failed,2026-08-09T09:24:21.778346,
458d086ad210b545,https://br.linkedin.com/jobs/view/assistente-de-compras-at-emercor-4450789580,Assistente de Compras,,scraped,2026-08-09T09:24:24.374266,
70416d2c8a346769,https://br.linkedin.com/jobs/view/assistente-de-vendas-at-grupo-lebes-4448469426,Assistente de Vendas,Grupo Lebes,failed|wp_post_failed,2026-08-09T09:24:47.406159,
44d79c60ab10edad,https://br.linkedin.com/jobs/view/banco-de-talentos-afirmativa-para-pessoas-com-defici%C3%AAncia-rio-grande-do-sul-at-jti-4390747214,Banco de Talentos: Afirmativa para pessoas com Deficiência - Rio Grande do Sul,JTI,failed|wp_post_failed,2026-08-09T09:25:09.825037,
f2fab3f0fcbcf513,https://br.linkedin.com/jobs/view/almoxarife-at-iguatemi-s-a-4450752261,ALMOXARIFE,,scraped,2026-08-09T09:25:12.431529,
266064be30cde1ac,https://br.linkedin.com/jobs/view/consultor-a-de-moda-at-lojas-lebes-4449685207,Consultor(a) de Moda,Lojas Lebes,failed|wp_post_failed,2026-08-09T09:26:14.141613,
467c71fadeca9f7d,https://br.linkedin.com/jobs/view/analista-de-departamento-pessoal-at-bom-princ%C3%ADpio-alimentos-4448554329,Analista de Departamento Pessoal,,scraped,2026-08-09T09:26:16.738358,
43a93c21ed2bcb00,https://br.linkedin.com/jobs/view/auxiliar-operacional-eldorado-do-sul-carreiras-em-destaque-at-desenfecsul-limpadora-e-conservadora-de-pr%C3%A9dios-ltda-4449288822,Auxiliar Operacional - Eldorado do Sul - Carreiras em Destaque,Desenfecsul Limpadora e Conservadora de Prédios LTDA.,failed|wp_post_failed,2026-08-09T09:26:40.752910,
2e1f746ef19ebe91,https://br.linkedin.com/jobs/view/ct-prontosul-academia-de-gin%C3%A1stica-ltda-oportunidades-exclusivas-at-grupo-prontosul-4446608409,Ct Prontosul Academia de Ginástica Ltda - Oportunidades Exclusivas,,scraped,2026-08-09T09:26:43.346553,
04bba8ee2b9fabf5,https://br.linkedin.com/jobs/view/assistente-de-pr%C3%A9-vendas-sdr-rs-at-construrohr-4450543412,Assistente de Pré-Vendas - SDR - RS,,scraped,2026-08-09T09:26:51.420799,
aca3f77f191c0ae8,https://br.linkedin.com/jobs/view/atendente-comercial-rs-at-unidasul-distribuidora-aliment%C3%ADcia-s-a-4450533695,Atendente Comercial - RS,,scraped,2026-08-09T09:26:58.925710,
b82cfa81eb49155f,https://br.linkedin.com/jobs/view/auxiliar-de-carga-e-descarga-porto-alegre-carreiras-em-destaque-at-transportes-rodovia-sul-4447376372,Auxiliar de Carga e Descarga - Porto Alegre - Carreiras em Destaque,Transportes Rodovia Sul,failed|wp_post_failed,2026-08-09T09:28:11.680511,
740f95780d40a511,https://br.linkedin.com/jobs/view/promotor-de-vendas-porto-alegre-rs-at-ag%C3%AAncia-cinco-4450789012,Promotor de Vendas - PORTO ALEGRE RS,,scraped,2026-08-09T09:28:14.320254,
86d783ccbae24a06,https://br.linkedin.com/jobs/view/auxiliar-operacional-oportunidades-exclusivas-at-desenfecsul-limpadora-e-conservadora-de-pr%C3%A9dios-ltda-4449289884,Auxiliar Operacional - Oportunidades Exclusivas,Desenfecsul Limpadora e Conservadora de Prédios LTDA.,failed|wp_post_failed,2026-08-09T09:28:36.989236,
35c4df62de0909ed,https://br.linkedin.com/jobs/view/gerente-de-loja-porto-alegre-rs-at-monju%C3%A1-4448460753,Gerente de Loja - Porto Alegre/RS,,scraped,2026-08-09T09:28:39.574074,
3eb8985de9fb9125,https://br.linkedin.com/jobs/view/assistente-de-departamento-pessoal-at-bom-princ%C3%ADpio-alimentos-4449148215,Assistente de Departamento Pessoal,,scraped,2026-08-09T09:28:46.274830,
adc18bf601172b85,https://br.linkedin.com/jobs/view/auxiliar-de-desenvolvimento-infantil-at-rede-cal%C3%A1bria-4449131519,Auxiliar de Desenvolvimento Infantil,,scraped,2026-08-09T09:28:54.003041,
d5366dc1c322d694,https://br.linkedin.com/jobs/view/eletricista-de-veiculos-i-rs-at-mercurio-4450541087,ELETRICISTA DE VEICULOS I - RS,Mercurio,failed|wp_post_failed,2026-08-09T09:29:17.587573,
b01e768b9268cb5c,https://br.linkedin.com/jobs/view/recepcionista-rs-at-selsul-recursos-humanos-4450528742,Recepcionista - RS,,scraped,2026-08-09T09:30:16.140115,
8e5614b70587169a,https://br.linkedin.com/jobs/view/operador-de-injetora-rs-at-altero-design-4450536136,Operador de injetora - RS,Altero Design,failed|wp_post_failed,2026-08-09T09:30:39.874121,
d71db739ce2d7406,https://br.linkedin.com/jobs/view/montador-de-cilindros-hidr%C3%A1ulicos-at-jobbol-4447861691,Montador de Cilindros Hidráulicos,,scraped,2026-08-09T09:30:42.490560,
677e237988ffffd6,https://br.linkedin.com/jobs/view/auxiliar-de-produ%C3%A7%C3%A3o-borda-evviva-rs-rs-at-grupo-bertolini-4450548324,Auxiliar de Produção Borda EVVIVA - RS - RS,Grupo Bertolini,failed|wp_post_failed,2026-08-09T09:31:42.662917,
fac6c0f5c2746257,https://br.linkedin.com/jobs/view/sales-ambassador-prato-at-cosine-italy-4448439646,SALES AMBASSADOR | PRATO,,scraped,2026-08-09T09:31:45.246625,
b296fd1384218b43,https://br.linkedin.com/jobs/view/operador-de-m%C3%A1quinas-rs-at-pertencer-desenvolvimento-humano-e-organizacional-4450530888,Operador de máquinas - RS,Pertencer Desenvolvimento Humano e Organizacional,failed|wp_post_failed,2026-08-09T09:32:43.756308,
458d80725c605933,https://br.linkedin.com/jobs/view/agenciador-de-im%C3%B3veis-loca%C3%A7%C3%A3o-de-alto-padr%C3%A3o-rs-at-cursor-4450539492,Agenciador De Imóveis - Locação De Alto Padrão - RS,,scraped,2026-08-09T09:32:46.307149,
8e033091e3043f58,https://br.linkedin.com/jobs/view/analista-fiscal-pleno-at-jobbol-4446278525,Analista Fiscal Pleno,,scraped,2026-08-09T09:32:52.669116,
6fb7c5d94a19d783,https://br.linkedin.com/jobs/view/analista-de-compras-rs-at-lampert-rh-digital-4450536596,Analista de Compras - RS,Lampert RH Digital,failed|wp_post_failed,2026-08-09T09:33:51.583084,
0bf990d80a49eda5,https://br.linkedin.com/jobs/view/assistente-de-loca%C3%A7%C3%B5es-rs-at-cursor-4450541226,Assistente De Locações - RS,,scraped,2026-08-09T09:33:54.228711,
9536ae554faec5fc,https://br.linkedin.com/jobs/view/bibliotec%C3%A1ria-escolar-alvorada-carreiras-em-destaque-at-jose-itamar-dos-santos-penteado-4449286859,Bibliotecária Escolar - Alvorada - Carreiras em Destaque,Jose Itamar Dos Santos Penteado,failed|wp_post_failed,2026-08-09T10:42:19.991208,
089a07b6c0e5a433,https://br.linkedin.com/jobs/view/oficial-manutencao-predial-oportunidades-exclusivas-at-manuservicers-4449503179,Oficial Manutencao Predial - Oportunidades Exclusivas,ManuServiceRS,failed|wp_post_failed,2026-08-09T10:42:41.333460,
55f4c9027fa7fd54,https://br.linkedin.com/jobs/view/promotor-de-merchandising-rs-at-din%C3%A2mica-4450524897,Promotor de Merchandising - RS,,scraped,2026-08-09T10:43:07.948615,
e98265181775a350,https://br.linkedin.com/jobs/view/auxiliar-de-limpeza-rs-at-wizard-by-pearson-4450529792,Auxiliar de limpeza - RS,,scraped,2026-08-09T10:43:14.615847,
1a0aa1e97ff76f5e,https://br.linkedin.com/jobs/view/montador-higienista-%E2%80%93-porto-alegre-%E2%80%93-rs-oportunidades-exclusivas-at-sogipa-4448750149,Montador Higienista – Porto Alegre – RS - Oportunidades Exclusivas,,scraped,2026-08-09T10:43:23.064533,
2aedc30284f619ec,https://br.linkedin.com/jobs/view/promotor-a-lajeado-oportunidades-exclusivas-at-severas-merchandising-4446609433,Promotor(A) - Lajeado - Oportunidades Exclusivas,,scraped,2026-08-09T10:44:54.550554,
b1bb028c4da44a38,https://br.linkedin.com/jobs/view/oficial-manutencao-predial-canoas-carreiras-em-destaque-at-manuservicers-4449289909,Oficial Manutencao Predial - Canoas - Carreiras em Destaque,ManuServiceRS,failed|wp_post_failed,2026-08-09T10:45:21.330075,
36f3af66e64042fa,https://br.linkedin.com/jobs/view/auxiliar-de-limpeza-alvorada-carreiras-em-destaque-at-jose-itamar-dos-santos-penteado-4449291758,Auxiliar de Limpeza - Alvorada - Carreiras em Destaque,Jose Itamar Dos Santos Penteado,failed|wp_post_failed,2026-08-09T10:45:40.445724,
a2c155bd8210e65c,https://br.linkedin.com/jobs/view/matrizeiro-at-jobbol-4448112524,Matrizeiro,,scraped,2026-08-09T10:45:43.084259,
4b2a07641a5d2dc5,https://br.linkedin.com/jobs/view/degustador-a-porto-alegre-e-grande-porto-alegre-porto-alegre-carreiras-em-destaque-at-severas-merchandising-4446621218,Degustador (A) - Porto Alegre e Grande Porto Alegre - Porto Alegre - Carreiras em Destaque,,scraped,2026-08-09T10:45:50.705179,
f825faaf62869563,https://br.linkedin.com/jobs/view/promotor-tr%C3%AAs-coroas-tr%C3%AAs-coroas-carreiras-em-destaque-at-severas-merchandising-4449504155,Promotor - Três Coroas - Três Coroas - Carreiras em Destaque,,scraped,2026-08-09T10:45:57.927652,
31b0439bf534928a,https://br.linkedin.com/jobs/view/promotor-porto-alegre-porto-alegre-carreiras-em-destaque-at-severas-merchandising-4446625169,Promotor - Porto Alegre - Porto Alegre - Carreiras em Destaque,,scraped,2026-08-09T10:46:13.086759,
469e0beafffcb95a,https://br.linkedin.com/jobs/view/promotor-garibaldi-cobertura-de-f%C3%A9rias-oportunidades-exclusivas-at-severas-merchandising-4446618276,Promotor Garibaldi - Cobertura de Férias - Oportunidades Exclusivas,,scraped,2026-08-09T10:46:22.164125,
31186c7b069a075c,https://br.linkedin.com/jobs/view/auxiliar-de-servi%C3%A7os-gerais-oportunidades-exclusivas-at-desenfecsul-limpadora-e-conservadora-de-pr%C3%A9dios-ltda-4449294722,Auxiliar de Serviços Gerais - Oportunidades Exclusivas,Desenfecsul Limpadora e Conservadora de Prédios LTDA.,failed|wp_post_failed,2026-08-09T10:46:46.999892,
7eeb2f7db9e8b6fa,https://br.linkedin.com/jobs/view/promotor-novo-hamburgo-oportunidades-exclusivas-at-severas-merchandising-4446619237,Promotor - Novo Hamburgo - Oportunidades Exclusivas,,scraped,2026-08-09T10:47:03.527325,
21fe1fd2950813f9,https://br.linkedin.com/jobs/view/promotor-a-com-moto-canoas-oportunidades-exclusivas-at-severas-merchandising-4446614330,Promotor (A) com Moto - Canoas - Oportunidades Exclusivas,,scraped,2026-08-09T10:47:12.590767,
d4ec7fe857b05f3b,https://br.linkedin.com/jobs/view/marceneiro-porto-alegre-carreiras-em-destaque-at-desenfecsul-limpadora-e-conservadora-de-pr%C3%A9dios-ltda-4449286823,Marceneiro - Porto Alegre - Carreiras em Destaque,Desenfecsul Limpadora e Conservadora de Prédios LTDA.,failed|wp_post_failed,2026-08-09T10:48:06.914285,
e68a4826c28b094c,https://br.linkedin.com/jobs/view/lubrificador-industrial-%E2%80%93-cachoeirinha-cachoeirinha-carreiras-em-destaque-at-manuservicers-4449290813,Lubrificador Industrial – Cachoeirinha - Cachoeirinha - Carreiras em Destaque,ManuServiceRS,failed|wp_post_failed,2026-08-09T10:48:26.199020,
357dd443fa12f469,https://br.linkedin.com/jobs/view/encarregado-de-limpeza-rs-at-danlex-servi%C3%A7os-4450547008,Encarregado de Limpeza - RS,,scraped,2026-08-09T10:48:52.852717,
02aba68fa2b87543,https://br.linkedin.com/jobs/view/auxiliar-de-transporte-%E2%80%93-alvorada-%E2%80%93-rs-alvorada-carreiras-em-destaque-at-desentupidora-ultratec-4446617246,Auxiliar de Transporte – Alvorada – RS - Alvorada - Carreiras em Destaque,,scraped,2026-08-09T10:49:15.787542,
21be8135dfdbdedd,https://br.linkedin.com/jobs/view/auxiliar-de-transporte-%E2%80%93-alvorada-%E2%80%93-rs-oportunidades-exclusivas-at-desentupidora-ultratec-4446621173,Auxiliar de Transporte – Alvorada – RS - Oportunidades Exclusivas,,scraped,2026-08-09T10:49:31.804663,
98e4cea4ba58cda1,https://br.linkedin.com/jobs/view/auxiliar-de-manuten%C3%A7%C3%A3o-porto-alegre-carreiras-em-destaque-at-hospital-israelita-albert-sabin-4449503235,Auxiliar de Manutenção - Porto Alegre - Carreiras em Destaque,Hospital Israelita Albert Sabin,failed|wp_post_failed,2026-08-09T10:53:04.772680,
5135848993c35dc8,https://br.linkedin.com/jobs/view/oficial-de-manuten%C3%A7%C3%A3o-predial-oportunidades-exclusivas-at-desenfecsul-limpadora-e-conservadora-de-pr%C3%A9dios-ltda-4449283999,Oficial de Manutenção Predial - Oportunidades Exclusivas,Desenfecsul Limpadora e Conservadora de Prédios LTDA.,failed|wp_post_failed,2026-08-09T10:53:22.864486,
30ba144d5a68659e,https://br.linkedin.com/jobs/view/t%C3%A9cnico-em-inform%C3%A1tica-gravata%C3%AD-%E2%80%93-rs-gravata%C3%AD-carreiras-em-destaque-at-db-4445881784,Técnico em Informática - Gravataí – RS - Gravataí - Carreiras em Destaque,,scraped,2026-08-09T10:53:57.483468,
781747f752601ea6,https://br.linkedin.com/jobs/view/back-office-gestione-clienti-at-best-of-rent-agenzia-leasys-4451302542,BACK OFFICE / GESTIONE CLIENTI,,scraped,2026-08-09T10:55:40.119907,
9cf9de32d492b9bb,https://br.linkedin.com/jobs/view/vendedor-at-magalu-4433548380,VENDEDOR,Magalu,failed|wp_post_failed,2026-08-09T10:57:11.678509,
fc918b869a969ff0,https://br.linkedin.com/jobs/view/profissional-de-apoio-escolar-porto-alegre-carreiras-em-destaque-at-pequena-casa-da-crian%C3%A7a-4449292858,Profissional de Apoio Escolar - Porto Alegre - Carreiras em Destaque,,scraped,2026-08-09T10:57:22.369563,
e04d48288c26fcbf,https://br.linkedin.com/jobs/view/auxiliar-de-dep%C3%B3sito-noturno-at-fruki-bebidas-4446633490,Auxiliar de Depósito - Noturno,,scraped,2026-08-09T10:57:48.741403,
da08bd6b3ff34a19,https://br.linkedin.com/jobs/view/operador-de-produ%C3%A7%C3%A3o-at-agora-makers-4450005434,Operador de Produção,,scraped,2026-08-09T10:58:02.572553,
6fd97c1b339eda23,https://br.linkedin.com/jobs/view/assistente-de-departamento-pessoal-rs-at-buzin-transportes-4450539373,Assistente de departamento pessoal - RS,,scraped,2026-08-09T10:58:11.096167,
876d88e9b235886d,https://br.linkedin.com/jobs/view/agenciador-de-im%C3%B3veis-loca%C3%A7%C3%A3o-de-alto-padr%C3%A3o-contrato-clt-rs-at-cursor-4450553085,Agenciador De Imóveis - Locação De Alto Padrão - Contrato CLT - RS,,scraped,2026-08-09T10:58:20.112353,
23b0eabb00db92d9,https://br.linkedin.com/jobs/view/operador-de-torno-cnc-at-capta-servicos-empresariais-4446639409,Operador de Torno CNC,Capta Servicos Empresariais,failed|wp_post_failed,2026-08-09T10:58:43.006614,
353937d045ae8318,https://br.linkedin.com/jobs/view/gerente-de-loja-porto-alegre-rs-at-autozone-4449100693,Gerente de loja - Porto Alegre RS,AutoZone,failed|wp_post_failed,2026-08-09T10:59:01.877346,
9eba20756ed3b81e,https://br.linkedin.com/jobs/view/montador-embalador-de-produ%C3%A7%C3%A3o-at-ou-4447307311,Montador Embalador de Produção,,scraped,2026-08-09T10:59:04.412824,
8fd9cd5da298171e,https://br.linkedin.com/jobs/view/f%C3%A9-e-alegria-auxiliar-de-cozinha-at-funda%C3%A7%C3%A3o-f%C3%A9-e-alegria-do-brasil-4448432866,Fé e Alegria - Auxiliar de cozinha,,scraped,2026-08-09T10:59:11.290045,
66651eb0a8994c1c,https://br.linkedin.com/jobs/view/porteiro-ferista-poa-condom%C3%ADnios-cnh-a-ou-ab-rs-at-stv-seguran%C3%A7a-4450542499,Porteiro Ferista POA Condomínios - CNH A ou AB - RS,,scraped,2026-08-09T10:59:19.335488,
4b48d9e48555816c,https://br.linkedin.com/jobs/view/auditor-a-conferente-externo-j%C3%BAnior-caxias-do-sul-rs-at-argenta-4449237779,Auditor(a) Conferente Externo Júnior - Caxias do Sul/RS,,scraped,2026-08-09T10:59:25.580785,
7935685f626005b1,https://br.linkedin.com/jobs/view/auxiliar-de-loja-canoas-at-casa-do-papel-4448633267,Auxiliar de Loja -  Canoas,,scraped,2026-08-09T10:59:33.899637,
70a51fd882db6eb7,https://br.linkedin.com/jobs/view/subgerente-de-restaurante-at-grupo-pereira-4450770861,Subgerente de Restaurante,,scraped,2026-08-09T10:59:41.114540,
245f464f5d86b2ed,https://br.linkedin.com/jobs/view/cozinheiro-at-intercity-hotels-4448898788,Cozinheiro,,scraped,2026-08-09T10:59:49.203710,
aa450d49c188b23e,https://br.linkedin.com/jobs/view/analista-de-e-commerce-at-sr-apicultura-4446684021,ANALISTA DE E-COMMERCE,SR APICULTURA,failed|wp_post_failed,2026-08-09T11:00:15.602610,
18b4a0cc72972950,https://br.linkedin.com/jobs/view/atendente-at-jobbol-4451324296,Atendente,,scraped,2026-08-09T11:00:42.233160,
ea72c05c03a983a8,https://br.linkedin.com/jobs/view/auxiliar-de-cozinha-at-jobbol-4451310705,Auxiliar de Cozinha,,scraped,2026-08-09T11:00:49.523652,
df83dc46f61029da,https://br.linkedin.com/jobs/view/operador-de-m%C3%A1quinas-at-jobbol-4446272548,Operador de Máquinas,,scraped,2026-08-09T11:01:22.638102,
7fa7d7b59c868935,https://br.linkedin.com/jobs/view/operador-de-empilhadeira-at-jobbol-4446271594,Operador de Empilhadeira,,scraped,2026-08-09T11:01:29.907619,
ec7e1479f79c4c5b,https://br.linkedin.com/jobs/view/sales-ambassador-arezzo-at-cosine-italy-4449210344,SALES AMBASSADOR | AREZZO,,scraped,2026-08-09T11:01:37.181524,
0add9adf7e1c34a3,https://br.linkedin.com/jobs/view/sales-promoter-telefonia-cc-il-leone-lonato-del-garda-bs-at-cosine-italy-4448092069,SALES PROMOTER TELEFONIA | CC IL LEONE | LONATO DEL GARDA | BS,,scraped,2026-08-09T11:01:43.459759,
e7526cb2a70f3d95,https://br.linkedin.com/jobs/view/supervisor-de-recursos-humanos-at-jobbol-4448484808,Supervisor de Recursos Humanos,,scraped,2026-08-09T11:01:49.792555,
aa686077df139b03,https://br.linkedin.com/jobs/view/vendedor-at-magalu-4450512544,VENDEDOR,Magalu,failed|wp_post_failed,2026-08-09T11:02:18.883456,
82cdab1878b4dc44,https://br.linkedin.com/jobs/view/movimentador-de-materiais-i-rs-at-pertencer-desenvolvimento-humano-e-organizacional-4450540459,Movimentador de Materiais I - RS,,scraped,2026-08-09T11:02:21.498572,
c811d84554a0fabb,https://br.linkedin.com/jobs/view/sales-ambassador-asti-at-cosine-italy-4448813444,SALES AMBASSADOR | ASTI,,scraped,2026-08-09T11:02:30.692008,
de002356ff77c99b,https://br.linkedin.com/jobs/view/operador-de-caixa-at-jobbol-4451016556,Operador de Caixa,,scraped,2026-08-09T11:02:37.030367,
fec61e769496c121,https://br.linkedin.com/jobs/view/gerente-geral-at-jobbol-4450256855,Gerente Geral,,scraped,2026-08-09T11:02:44.322182,
ed421820c96c1c03,https://br.linkedin.com/jobs/view/apresentador-de-espet%C3%A1culos-rs-at-giordani-turismo-ltda-4450548119,Apresentador de Espetáculos - RS,Giordani Turismo Ltda,failed|wp_post_failed,2026-08-09T13:02:45.127956,
cc33df1afac7b85a,https://br.linkedin.com/jobs/view/promotor-a-farroupilha-oportunidades-exclusivas-at-severas-merchandising-4446614360,Promotor(A) Farroupilha - Oportunidades Exclusivas,,scraped,2026-08-09T13:05:05.806758,
7d545d49a5cd1585,https://br.linkedin.com/jobs/view/auxiliar-de-servi%C3%A7os-gerais-porto-alegre-carreiras-em-destaque-at-pequena-casa-da-crian%C3%A7a-4449286831,Auxiliar de Serviços Gerais - Porto Alegre - Carreiras em Destaque,,scraped,2026-08-09T13:09:35.575147,
88a95b362825571f,https://br.linkedin.com/jobs/view/auxiliar-de-cozinha-petiskeira-shopping-iguatemi-porto-alegre-rs-at-petiskeira-restaurantes-4450533594,Auxiliar de Cozinha Petiskeira shopping Iguatemi Porto Alegre - RS,,scraped,2026-08-09T13:12:18.806050,
fc0cb7bfb6f88326,https://br.linkedin.com/jobs/view/operatore-telefonico-gestione-clienti-at-best-of-rent-agenzia-leasys-4451332866,OPERATORE TELEFONICO / GESTIONE CLIENTI,,scraped,2026-08-09T13:13:43.492069,
71f15755d30ebd23,https://br.linkedin.com/jobs/view/profissional-de-apoio-porto-alegre-carreiras-em-destaque-at-pequena-casa-da-crian%C3%A7a-4448736689,Profissional de Apoio - Porto Alegre - Carreiras em Destaque,,scraped,2026-08-09T13:14:01.631973,
cbb39a2487facd09,https://br.linkedin.com/jobs/view/l%C3%ADder-operacional-de-limpeza-at-candidata-ai-4449962385,Líder Operacional de Limpeza,,scraped,2026-08-09T13:14:27.425961,
291c82a111ca1f49,https://br.linkedin.com/jobs/view/auditor-a-interno-at-grendene-s-a-4446252993,Auditor(a) Interno,,scraped,2026-08-09T13:14:50.084532,
e330ba9cbb461edf,https://br.linkedin.com/jobs/view/operador-de-maquina-injetora-rs-at-d-zainer-4450533466,Operador de Maquina Injetora - RS,,scraped,2026-08-09T13:15:06.076005,
f587df017366634e,https://br.linkedin.com/jobs/view/sales-promoter-telefonia-milanofiori-assago-at-cosine-italy-4448442578,SALES PROMOTER TELEFONIA | MILANOFIORI | ASSAGO,,scraped,2026-08-09T13:15:37.931723,
44d4937c20fff667,https://br.linkedin.com/jobs/view/degustador-promotor-at-severas-merchandising-4451327966,Degustador / Promotor,Severas Merchandising,failed|wp_post_failed,2026-08-09T14:42:33.637617,
919dfc89efdae2a7,https://br.linkedin.com/jobs/view/camareira-at-laghetto-4451342419,Camareira,,scraped,2026-08-09T14:42:48.281895,
2a8f16ef115eeefc,https://br.linkedin.com/jobs/view/agente-de-monitoramento-rs-at-stv-seguran%C3%A7a-4450545381,Agente de Monitoramento - RS,,scraped,2026-08-09T14:43:29.902301,
887f1df4e78cdd25,https://br.linkedin.com/jobs/view/repositor-at-jobbol-4451354203,Repositor,,scraped,2026-08-09T14:44:53.318444,
84b7112d1884b8a9,https://br.linkedin.com/jobs/view/promotor-garibaldi-cobertura-de-f%C3%A9rias-garibaldi-carreiras-em-destaque-at-severas-merchandising-4446608431,Promotor Garibaldi - Cobertura de Férias - Garibaldi - Carreiras em Destaque,Severas Merchandising,failed|wp_post_failed,2026-08-09T14:46:39.643714,
b0452df9bf2b688e,https://br.linkedin.com/jobs/view/auxiliar-de-servi%C3%A7os-gerais-de-padaria-at-jobbol-4451352317,Auxiliar de Serviços Gerais de Padaria,,scraped,2026-08-09T14:48:56.468446,
8aa04826852ba07c,https://br.linkedin.com/jobs/view/a%C3%A7ougueiro-at-jobbol-4451344793,Açougueiro,,scraped,2026-08-09T14:49:11.892528,
a1decfca4803b74d,https://br.linkedin.com/jobs/view/auxiliar-de-hortifruti-at-jobbol-4451339999,Auxiliar de Hortifruti,,scraped,2026-08-09T14:49:19.183001,
2c7c44bb6a2023ca,https://br.linkedin.com/jobs/view/auxiliar-de-hortifruti-at-jobbol-4451352321,Auxiliar de Hortifruti,,scraped,2026-08-09T14:49:34.732449,
f749939b85c40879,https://br.linkedin.com/jobs/view/promotor-com-moto-porto-alegre-oportunidades-exclusivas-at-severas-merchandising-4446626156,Promotor com Moto - Porto Alegre - Oportunidades Exclusivas,Severas Merchandising,failed|wp_post_failed,2026-08-09T14:50:40.608812,
549737193a485f96,https://br.linkedin.com/jobs/view/lojas-renner-fiscal-de-loja-otavio-rocha-porto-alegre-at-lojas-renner-s-a-4441766289,|LOJAS RENNER| Fiscal de Loja - Otavio Rocha/Porto Alegre,,scraped,2026-08-09T14:51:49.305033,
d9745035f64671d1,https://br.linkedin.com/jobs/view/atendente-externo-%E2%80%93-gravata%C3%AD-%E2%80%93-rs-oportunidades-exclusivas-at-graber-sistemas-de-seguran%C3%A7a-4449288783,Atendente Externo – Gravataí – RS - Oportunidades Exclusivas,Graber Segurança,failed|wp_post_failed,2026-08-09T14:53:09.739470,
1ddd1e0622a6c850,https://br.linkedin.com/jobs/view/motorista-porto-alegre-carreiras-em-destaque-at-transportes-rodovia-sul-4447379315,Motorista - Porto Alegre - Carreiras em Destaque,Transportes Rodovia Sul,failed|wp_post_failed,2026-08-09T14:54:39.533496,
9076c34af9871118,https://br.linkedin.com/jobs/view/agente-analista-de-rh-oportunidades-exclusivas-at-manuservicers-4449290749,Agente Analista de RH - Oportunidades Exclusivas,ManuServiceRS,failed|wp_post_failed,2026-08-09T14:56:42.038967,
f1bf6f8f394268ab,https://br.linkedin.com/jobs/view/meio-oficial-manuten%C3%A7%C3%A3o-industrial-oportunidades-exclusivas-at-manuservicers-4449287840,Meio Oficial Manutenção Industrial - Oportunidades Exclusivas,ManuServiceRS,failed|wp_post_failed,2026-08-09T14:57:31.393288,
800e06bf0c542eb3,https://br.linkedin.com/jobs/view/banco-de-talentos-exclusivo-para-mulheres-at-arezzo-co-4331898689,Banco de Talentos Exclusivo para Mulheres,,scraped,2026-08-09T16:44:00.775760,
57aa8b43d2751187,https://br.linkedin.com/jobs/view/auxiliar-de-servi%C3%A7os-gerais-oportunidades-exclusivas-at-desenfecsul-limpadora-e-conservadora-de-pr%C3%A9dios-ltda-4449289880,Auxiliar de Serviços Gerais - Oportunidades Exclusivas,Desenfecsul Limpadora e Conservadora de Prédios LTDA.,failed|wp_post_failed,2026-08-09T16:48:46.326936,
23fda1eeb06663bd,https://br.linkedin.com/jobs/view/back-office-gestione-clienti-at-best-of-rent-agenzia-leasys-4451334847,BACK OFFICE / GESTIONE CLIENTI,,scraped,2026-08-09T16:50:08.967089,
9ebb4cedc9f33da5,https://br.linkedin.com/jobs/view/auxiliar-de-limpeza-servi%C3%A7os-gerais-porto-alegre-carreiras-em-destaque-at-pequena-casa-da-crian%C3%A7a-4449506109,Auxiliar de Limpeza/Serviços Gerais - Porto Alegre - Carreiras em Destaque,Pequena Casa da Criança,failed|wp_post_failed,2026-08-09T16:52:03.884583,
77908d5a774c95ff,https://br.linkedin.com/jobs/view/coordenador-a-de-turno-at-madame-rh-solu%C3%A7%C3%B5es-em-recursos-humanos-4451329868,Coordenador(a) de Turno,,scraped,2026-08-09T16:56:04.665572,
c5d786296e3fa604,https://br.linkedin.com/jobs/view/operador-de-torno-cnc-at-jobbol-4448113438,Operador de Torno CNC,,scraped,2026-08-09T16:57:30.133544,
9939b6f5be0bd684,https://br.linkedin.com/jobs/view/retail-specialist-siracusa-at-cosine-italy-4448057464,Retail Specialist | Siracusa,,scraped,2026-08-09T18:51:22.530205,
24308f3742806c4b,https://br.linkedin.com/jobs/view/retail-specialist-trento-at-cosine-italy-4448041567,Retail Specialist | Trento,,scraped,2026-08-09T18:51:29.072249,
9786ea200a76da3c,https://br.linkedin.com/jobs/view/retail-specialist-perugia-at-cosine-italy-4448045575,Retail Specialist | Perugia,,scraped,2026-08-09T18:51:35.294114,
d7818d9868738d05,https://br.linkedin.com/jobs/view/retail-specialist-crotone-at-cosine-italy-4449507701,Retail Specialist | Crotone,,scraped,2026-08-09T18:51:43.757476,
ad3fd1f54301e00d,https://br.linkedin.com/jobs/view/retail-specialist-brescia-at-cosine-italy-4448045569,Retail Specialist | Brescia,,scraped,2026-08-09T18:51:50.081725,
558b20041f7718ea,https://br.linkedin.com/jobs/view/retail-specialist-trapani-at-cosine-italy-4448051512,Retail Specialist | Trapani,,scraped,2026-08-09T18:51:56.866550,
c49e9f733b6f785b,https://br.linkedin.com/jobs/view/retail-specialist-varese-at-cosine-italy-4449523125,Retail Specialist | Varese,,scraped,2026-08-09T18:52:05.019269,
3c6e811ed52dfde5,https://br.linkedin.com/jobs/view/retail-specialist-ascoli-piceno-at-cosine-italy-4449518423,Retail Specialist | Ascoli Piceno,,scraped,2026-08-09T18:52:13.208087,
22c257dad195c70f,https://br.linkedin.com/jobs/view/retail-specialist-ancona-at-cosine-italy-4448035627,Retail Specialist | Ancona,,scraped,2026-08-09T18:52:19.579007,
41b59690343b7ba4,https://br.linkedin.com/jobs/view/retail-specialist-l-aquila-at-cosine-italy-4448045571,Retail Specialist | L'Aquila,,scraped,2026-08-09T18:52:25.802931,
534d82276b3a6f76,https://br.linkedin.com/jobs/view/retail-specialist-catanzaro-at-cosine-italy-4448040573,Retail Specialist | Catanzaro,,scraped,2026-08-09T18:52:32.009710,
171f196f73c3dd58,https://br.linkedin.com/jobs/view/retail-specialist-viterbo-at-cosine-italy-4448056486,Retail Specialist | Viterbo,,scraped,2026-08-09T18:52:42.193541,
d6e3b882d16fd4e2,https://br.linkedin.com/jobs/view/retail-specialist-agrigento-at-cosine-italy-4448041559,Retail Specialist | Agrigento,,scraped,2026-08-09T18:52:50.474716,
76b3f8676e8b5fe7,https://br.linkedin.com/jobs/view/retail-specialist-frosinone-at-cosine-italy-4448040574,Retail Specialist | Frosinone,,scraped,2026-08-09T18:52:56.618586,
de2f93f7452f0e0d,https://br.linkedin.com/jobs/view/retail-specialist-nuoro-at-cosine-italy-4448043548,Retail Specialist | Nuoro,,scraped,2026-08-09T18:53:03.009436,
1cbe02a51fa4c35c,https://br.linkedin.com/jobs/view/retail-specialist-arezzo-at-cosine-italy-4449525019,Retail Specialist | Arezzo,,scraped,2026-08-09T18:53:11.410138,
c1ef3001d1ae6a57,https://br.linkedin.com/jobs/view/retail-specialist-matera-at-cosine-italy-4449502979,Retail Specialist | Matera,,scraped,2026-08-09T18:53:25.746341,
2958b46d0c588fe9,https://br.linkedin.com/jobs/view/retail-specialist-sondrio-at-cosine-italy-4448055505,Retail Specialist | Sondrio,,scraped,2026-08-09T18:53:32.055938,
5a8a1d945d519cd8,https://br.linkedin.com/jobs/view/brand-ambassador-varese-e-territorio-at-cosine-italy-4448820289,Brand Ambassador | Varese e territorio,,scraped,2026-08-09T18:54:08.470666,
993e02ede6d9c86f,https://br.linkedin.com/jobs/view/brand-ambassador-venezia-e-territorio-at-cosine-italy-4448815414,Brand Ambassador | Venezia e territorio,,scraped,2026-08-09T18:54:20.944481,
f7ade52afe2bd057,https://br.linkedin.com/jobs/view/brand-ambassador-padova-e-territorio-at-cosine-italy-4448820286,Brand Ambassador | Padova e territorio,,scraped,2026-08-09T18:54:27.382957,
32eed5e332bf453a,https://br.linkedin.com/jobs/view/brand-ambassador-verona-e-territorio-at-cosine-italy-4448817357,Brand Ambassador | Verona e territorio,,scraped,2026-08-09T18:54:33.661872,
22e3dda36beedd02,https://br.linkedin.com/jobs/view/auxiliar-de-padaria-at-jobbol-4451344789,Auxiliar de Padaria,,scraped,2026-08-09T18:55:04.036025,
d197e8097b68c0df,https://br.linkedin.com/jobs/view/brand-ambassador-san-benedetto-del-tronto-at-cosine-italy-4448048491,Brand Ambassador | San Benedetto del Tronto,,scraped,2026-08-09T18:55:12.986892,
8508973932ba35ab,https://br.linkedin.com/jobs/view/auxiliar-de-expedi%C3%A7%C3%A3o-petiskeira-zaffari-h%C3%ADpica-rs-at-petiskeira-restaurantes-4450553026,Auxiliar de Expedição Petiskeira Zaffari Hípica - RS,,scraped,2026-08-09T18:55:27.587198,
acfd41c91df49e19,https://br.linkedin.com/jobs/view/brand-ambassador-macerata-e-territorio-at-cosine-italy-4449509634,Brand Ambassador | Macerata e territorio,,scraped,2026-08-09T18:57:01.992084,
215d48b87709657d,https://br.linkedin.com/jobs/view/brand-ambassador-macerata-e-territorio-at-cosine-italy-4449504883,Brand Ambassador | Macerata e territorio,,scraped,2026-08-09T18:57:08.394795,
2393cf4c79eb0d62,https://br.linkedin.com/jobs/view/tratorista-%E2%80%93-porto-alegre-%E2%80%93-rs-porto-alegre-carreiras-em-destaque-at-desenfecsul-limpadora-e-conservadora-de-pr%C3%A9dios-ltda-4446616386,Tratorista – Porto Alegre – RS - Porto Alegre - Carreiras em Destaque,Desenfecsul Limpadora e Conservadora de Prédios LTDA.,failed|wp_post_failed,2026-08-09T18:57:44.847015,
89dfabe609ba4c9f,https://br.linkedin.com/jobs/view/sales-ambassador-reggio-calabria-at-cosine-italy-4448043554,SALES AMBASSADOR | REGGIO CALABRIA,,scraped,2026-08-09T18:58:13.430729,
67c1bfba61d7dbb6,https://br.linkedin.com/jobs/view/operador-de-perec%C3%ADveis-fiambreria-rs-at-unidasul-distribuidora-aliment%C3%ADcia-s-a-4450532641,Operador de Perecíveis Fiambreria - RS,,scraped,2026-08-09T18:58:29.882536,
6e15d098e7e112e0,https://br.linkedin.com/jobs/view/manuten%C3%A7%C3%A3o-predial-%E2%80%93-s%C3%A3o-leopoldo-sapucaia-do-sul-%E2%80%93-rs-oportunidades-exclusivas-at-manuservicers-4449297553,Manutenção Predial – São Leopoldo / Sapucaia do Sul – RS - Oportunidades Exclusivas,ManuServiceRS,failed|wp_post_failed,2026-08-09T18:59:37.458972,
2aaa7b07b8aa9ad5,https://br.linkedin.com/jobs/view/sales-ambassador-barletta-andria-trani-at-cosine-italy-4449516525,SALES AMBASSADOR | BARLETTA-ANDRIA-TRANI,,scraped,2026-08-09T18:59:50.061401,
f0c3c4d3dc8fa029,https://br.linkedin.com/jobs/view/poa-auxiliar-de-servi%C3%A7os-gerais-limpeza-at-dnata-4245279152,POA- Auxiliar de Serviços Gerais (Limpeza),,scraped,2026-08-09T19:00:04.644550,
bdeabe400c25d24e,https://br.linkedin.com/jobs/view/auxiliar-de-servi%C3%A7os-gerais-porto-alegre-carreiras-em-destaque-at-grupo-prontosul-4446607881,Auxiliar de Serviços Gerais - Porto Alegre - Carreiras em Destaque,,scraped,2026-08-09T19:00:13.222971,
b6205270b6c1a036,https://br.linkedin.com/jobs/view/sales-ambassador-salerno-at-cosine-italy-4448040586,SALES AMBASSADOR | SALERNO,,scraped,2026-08-09T19:01:18.492111,
d369f4695c6e9138,https://br.linkedin.com/jobs/view/auxiliar-de-limpeza-servi%C3%A7os-gerais-oportunidades-exclusivas-at-pequena-casa-da-crian%C3%A7a-4449284908,Auxiliar de Limpeza/Serviços Gerais - Oportunidades Exclusivas,,scraped,2026-08-09T19:01:40.928869,
3f16023684abe730,https://br.linkedin.com/jobs/view/sales-ambassador-brindisi-at-cosine-italy-4448037593,SALES AMBASSADOR | BRINDISI,,scraped,2026-08-09T19:01:50.805416,
234b100bc9463355,https://br.linkedin.com/jobs/view/sales-ambassador-massa-carrara-at-cosine-italy-4448441585,SALES AMBASSADOR | MASSA-CARRARA,,scraped,2026-08-09T19:02:05.044212,
fa46a7b82f54e956,https://br.linkedin.com/jobs/view/instalador-de-sistemas-de-seguran%C3%A7a-eletr%C3%B4nica-porto-alegre-rs-oportunidades-exclusivas-at-graber-sistemas-de-seguran%C3%A7a-4446622164,Instalador de Sistemas de Segurança Eletrônica | Porto Alegre - RS - Oportunidades Exclusivas,,scraped,2026-08-09T19:02:19.625318,
e672901a3d926a2d,https://br.linkedin.com/jobs/view/supervisor-napoli-at-cosine-italy-4448089089,Supervisor | Napoli,,scraped,2026-08-09T19:02:33.544148,
9d3105466efbccb9,https://br.linkedin.com/jobs/view/sales-ambassador-alessandria-at-cosine-italy-4448041569,SALES AMBASSADOR | ALESSANDRIA,,scraped,2026-08-09T19:02:53.839883,
9076b77fe72cb509,https://br.linkedin.com/jobs/view/sales-ambassador-salerno-at-cosine-italy-4448057472,SALES AMBASSADOR | SALERNO,,scraped,2026-08-09T19:03:08.053798,
2cd79d06306f2b87,https://br.linkedin.com/jobs/view/sales-promoter-telefonia-unieuro-pederobba-tv-at-cosine-italy-4448084395,SALES PROMOTER TELEFONIA | UNIEURO PEDEROBBA | TV,,scraped,2026-08-09T19:03:22.383103,
1ea13cb47acd9056,https://br.linkedin.com/jobs/view/analista-de-folha-de-pagamento-junior-at-am-foods-4450768834,Analista de Folha de Pagamento - Junior,AM Foods,failed|wp_post_failed,2026-08-09T19:05:41.641753,
c3d5647fc93fb0de,https://br.linkedin.com/jobs/view/motorista-categoria-d-poa-at-foco-aluguel-de-carros-4446695838,Motorista categoria D ( POA),,scraped,2026-08-09T19:05:44.290615,
6428bc3be31d9091,https://br.linkedin.com/jobs/view/sales-ambassador-ancona-at-cosine-italy-4448054503,SALES AMBASSADOR | ANCONA,,scraped,2026-08-09T19:05:53.598199,
8c74cad32e36c1d6,https://br.linkedin.com/jobs/view/sales-ambassador-grosseto-at-cosine-italy-4449509643,SALES AMBASSADOR | GROSSETO,,scraped,2026-08-09T19:06:00.002576,
188dc1d25f4c1c02,https://br.linkedin.com/jobs/view/sales-ambassador-caserta-at-cosine-italy-4448038604,SALES AMBASSADOR | CASERTA,,scraped,2026-08-09T19:06:06.198098,
803b132c71c1541b,https://br.linkedin.com/jobs/view/sales-ambassador-siracusa-at-cosine-italy-4449524094,SALES AMBASSADOR | SIRACUSA,,scraped,2026-08-09T19:06:12.448284,
2f041dace081b02d,https://br.linkedin.com/jobs/view/sales-ambassador-ragusa-at-cosine-italy-4448042559,SALES AMBASSADOR | RAGUSA,,scraped,2026-08-09T19:06:26.709537,
3cc4c9cedef6b9a6,https://br.linkedin.com/jobs/view/sales-ambassador-napoli-at-cosine-italy-4449504887,SALES AMBASSADOR | NAPOLI,,scraped,2026-08-09T19:06:33.056554,
aba5d1128138041e,https://br.linkedin.com/jobs/view/sales-ambassador-fermo-at-cosine-italy-4448055507,SALES AMBASSADOR | FERMO,,scraped,2026-08-09T19:06:45.475030,
4272a6dd9f17a2f0,https://br.linkedin.com/jobs/view/sales-ambassador-savona-at-cosine-italy-4448055512,SALES AMBASSADOR | SAVONA,,scraped,2026-08-09T19:06:53.833357,
86be8afbb24f4f61,https://br.linkedin.com/jobs/view/promoter-telecomunicazioni-trony-rossano-calabro-cosenza-at-cosine-italy-4448042539,PROMOTER TELECOMUNICAZIONI | TRONY ROSSANO CALABRO | COSENZA,,scraped,2026-08-09T19:07:00.240297,
0e9b8c7f607cb627,https://br.linkedin.com/jobs/view/rappresentante-commerciale-sul-territorio-pesaro-e-urbino-at-cosine-italy-4448039637,RAPPRESENTANTE COMMERCIALE SUL TERRITORIO | PESARO E URBINO,,scraped,2026-08-09T19:07:08.628830,
33fe1aaa4f04df1e,https://br.linkedin.com/jobs/view/sales-promoter-telefonia-cc-il-leone-lonato-del-garda-bs-at-cosine-italy-4449513568,SALES PROMOTER TELEFONIA | CC IL LEONE | LONATO DEL GARDA | BS,,scraped,2026-08-09T19:07:15.080450,
061dc986269e6c45,https://br.linkedin.com/jobs/view/analista-de-departamento-pessoal-at-jobbol-4446270702,Analista de Departamento Pessoal,,scraped,2026-08-09T19:07:25.431381,
e2ce48aa8677f3ce,https://br.linkedin.com/jobs/view/sales-ambassador-arezzo-at-cosine-italy-4448443601,SALES AMBASSADOR | AREZZO,,scraped,2026-08-09T19:07:39.259570,
666b1158f9e07243,https://br.linkedin.com/jobs/view/sales-promoter-telefonia-cc-il-leone-lonato-del-garda-bs-at-cosine-italy-4449523131,SALES PROMOTER TELEFONIA | CC IL LEONE | LONATO DEL GARDA | BS,,scraped,2026-08-09T19:07:45.655352,
5e5ecf6da2dab5f9,https://br.linkedin.com/jobs/view/recrutador-at-jobbol-4451344790,Recrutador,,scraped,2026-08-09T20:46:17.795133,
351cc26dbaa13da3,https://br.linkedin.com/jobs/view/laminador-de-fibra-de-vidro-at-jobbol-4451311716,Laminador de Fibra de Vidro,,scraped,2026-08-09T20:46:25.616516,
dcfbcc28f7e379e2,https://br.linkedin.com/jobs/view/auxiliar-de-servi%C3%A7os-gerais-nova-santa-rita-carreiras-em-destaque-at-desenfecsul-limpadora-e-conservadora-de-pr%C3%A9dios-ltda-4449507030,Auxiliar de Serviços Gerais - Nova Santa Rita - Carreiras em Destaque,Desenfecsul Limpadora e Conservadora de Prédios LTDA.,failed|wp_post_failed,2026-08-09T20:46:57.795653,
643c1586981e7f06,https://br.linkedin.com/jobs/view/sales-ambassador-cagliari-at-cosine-italy-4448035639,SALES AMBASSADOR | CAGLIARI,,scraped,2026-08-09T20:47:02.419091,
f6b0d351bbe74144,https://br.linkedin.com/jobs/view/sales-ambassador-lecce-at-cosine-italy-4448050532,SALES AMBASSADOR | LECCE,,scraped,2026-08-09T20:47:13.123318,
41d933cd79f92bb6,https://br.linkedin.com/jobs/view/auxiliar-de-a%C3%A7ougue-at-jobbol-4451350406,Auxiliar de Açougue,,scraped,2026-08-09T20:49:13.551258,
d9b5416a138855e2,https://br.linkedin.com/jobs/view/sales-ambassador-livorno-at-cosine-italy-4448446466,SALES AMBASSADOR | LIVORNO,,scraped,2026-08-09T20:50:37.806402,
7f772e8486997ec1,https://br.linkedin.com/jobs/view/auxiliar-t%C3%A9cnico-bairro-nossa-senhora-de-lourdes-at-inv-recursos-humanos-4448216223,Auxiliar Técnico | Bairro Nossa Senhora de Lourdes,,scraped,2026-08-09T20:52:46.520663,
2823bd372e8a6f38,https://br.linkedin.com/jobs/view/atendente-interno-de-alarmes-%E2%80%93-gravata%C3%AD-%E2%80%93-rs-gravata%C3%AD-carreiras-em-destaque-at-graber-sistemas-de-seguran%C3%A7a-4449286805,Atendente Interno de Alarmes – Gravataí – RS - Gravataí - Carreiras em Destaque,,scraped,2026-08-09T20:52:55.892437,
840969c76917cd38,https://br.linkedin.com/jobs/view/sales-ambassador-bari-at-cosine-italy-4449508673,SALES AMBASSADOR | BARI,,scraped,2026-08-09T20:53:39.652372,
73867e83120ae810,https://br.linkedin.com/jobs/view/sales-ambassador-bari-at-cosine-italy-4449512558,SALES AMBASSADOR | BARI,,scraped,2026-08-09T20:53:48.132564,
f21301ecfdf664e2,https://br.linkedin.com/jobs/view/sales-promoter-telefonia-milanofiori-assago-at-cosine-italy-4449517510,SALES PROMOTER TELEFONIA | MILANOFIORI | ASSAGO,,scraped,2026-08-09T20:53:58.637625,
209815547cf5245e,https://br.linkedin.com/jobs/view/sales-promoter-telefonia-mediaworld-viale-troya-milano-at-cosine-italy-4449523132,SALES PROMOTER TELEFONIA | MEDIAWORLD VIALE TROYA | MILANO,,scraped,2026-08-09T20:54:09.120549,
a7e538d05d9c575a,https://br.linkedin.com/jobs/view/sales-ambassador-macerata-at-cosine-italy-4448042556,SALES AMBASSADOR | MACERATA,,scraped,2026-08-09T20:54:17.518665,
6e21b964fdd7b55e,https://br.linkedin.com/jobs/view/brand-ambassador-padova-e-territorio-at-cosine-italy-4448811486,Brand Ambassador | Padova e territorio,,scraped,2026-08-09T22:41:20.133559,
07f17b0634ccab64,https://br.linkedin.com/jobs/view/promoter-telefonia-unieuro-reggio-emilia-at-cosine-italy-4448037570,PROMOTER TELEFONIA | UNIEURO REGGIO EMILIA,,scraped,2026-08-09T22:45:06.818112,
fd244080e875a47f,https://br.linkedin.com/jobs/view/sales-ambassador-lecce-at-cosine-italy-4448045585,SALES AMBASSADOR | LECCE,,scraped,2026-08-09T22:47:11.720339,
52982c815c4c90e2,https://br.linkedin.com/jobs/view/agente-analista-de-rh-canoas-carreiras-em-destaque-at-manuservicers-4449502287,Agente Analista de RH - Canoas - Carreiras em Destaque,ManuServiceRS,failed|wp_post_failed,2026-08-09T22:47:51.615738,
fe475c84a11d0a68,https://br.linkedin.com/jobs/view/serralheiro-%E2%80%93-gua%C3%ADba-%E2%80%93-rs-oportunidades-exclusivas-at-manuservicers-4449289899,Serralheiro – Guaíba – RS - Oportunidades Exclusivas,ManuServiceRS,failed|wp_post_failed,2026-08-09T22:48:29.422388,
cc7c19ffce6d1a31,https://br.linkedin.com/jobs/view/auxiliar-de-manuten%C3%A7%C3%A3o-nova-roma-do-sul-rs-at-gba-facilities-4450525913,Auxiliar de Manutenção - NOVA ROMA DO SUL - RS,,scraped,2026-08-10T02:09:20.031753,
d65af53d4b1531d6,https://br.linkedin.com/jobs/view/retail-specialist-bologna-at-cosine-italy-4448048500,Retail Specialist | Bologna,,scraped,2026-08-10T02:10:25.611929,
a8d8bb3506a39b62,https://br.linkedin.com/jobs/view/brand-ambassador-vicenza-e-territorio-at-cosine-italy-4448047505,Brand Ambassador | Vicenza e territorio,,scraped,2026-08-10T02:12:08.074327,
df1b053496f8efee,https://br.linkedin.com/jobs/view/hr-amministrazione-personale-at-opocrin-group-4451359511,HR Amministrazione Personale,,scraped,2026-08-10T02:12:52.661073,
14f9646e51a76adb,https://br.linkedin.com/jobs/view/back-office-gestione-clienti-at-best-of-rent-agenzia-leasys-4451370716,BACK OFFICE / GESTIONE CLIENTI,,scraped,2026-08-10T02:16:30.315531,
63a0e463126e4c57,https://br.linkedin.com/jobs/view/meio-oficial-manuten%C3%A7%C3%A3o-industrial-porto-alegre-carreiras-em-destaque-at-manuservicers-4449289852,Meio Oficial Manutenção Industrial - Porto Alegre - Carreiras em Destaque,ManuServiceRS,failed|wp_post_failed,2026-08-10T02:19:35.182751,
a998246820d9fca9,https://br.linkedin.com/jobs/view/sales-ambassador-milano-at-cosine-italy-4448055509,SALES AMBASSADOR | MILANO,,scraped,2026-08-10T02:21:39.753172,
e29c6c4c5c767472,https://br.linkedin.com/jobs/view/sales-ambassador-siena-at-cosine-italy-4448442567,SALES AMBASSADOR | SIENA,,scraped,2026-08-10T02:22:06.119353,
dd419e351e518249,https://br.linkedin.com/jobs/view/sap-logistics-scm-engineering-manager-at-epam-systems-4451105194,SAP Logistics (SCM) Engineering Manager,EPAM Systems,failed|wp_post_failed,2026-08-10T05:50:08.868528,
3395b07d599e72da,https://br.linkedin.com/jobs/view/vaga-para-promotor-bento-gon%C3%A7alves-vaga-atualizada-at-severas-merchandising-4446622201,Vaga para Promotor- Bento Gonçalves - Vaga Atualizada,,scraped,2026-08-10T07:52:25.441342,
7537f7590e043bbf,https://br.linkedin.com/jobs/view/bibliotec%C3%A1ria-escolar-vaga-atualizada-at-jose-itamar-dos-santos-penteado-4449297489,Bibliotecária Escolar - Vaga Atualizada,Jose Itamar Dos Santos Penteado,failed|wp_post_failed,2026-08-10T07:52:54.343381,
2e3aecfc3c516bea,https://br.linkedin.com/jobs/view/bibliotec%C3%A1ria-escolar-alvorada-inscri%C3%A7%C3%B5es-abertas-at-jose-itamar-dos-santos-penteado-4449286859,Bibliotecária Escolar - Alvorada - Inscrições Abertas,Jose Itamar Dos Santos Penteado,failed|wp_post_failed,2026-08-10T07:53:13.339455,
d3dd371e69be0a42,https://br.linkedin.com/jobs/view/promotor-igrejinha-vaga-atualizada-at-severas-merchandising-4449294694,Promotor - Igrejinha - Vaga Atualizada,,scraped,2026-08-10T07:54:44.043547,
7dc213613a00217a,https://br.linkedin.com/jobs/view/promotor-igrejinha-igrejinha-inscri%C3%A7%C3%B5es-abertas-at-severas-merchandising-4449299447,Promotor - Igrejinha - Igrejinha - Inscrições Abertas,,scraped,2026-08-10T07:54:53.337147,
b09d8a940a685707,https://br.linkedin.com/jobs/view/vaga-para-promotor-a-caxias-do-sul-vaga-atualizada-at-severas-merchandising-4446623197,Vaga para Promotor (A) Caxias do Sul - Vaga Atualizada,,scraped,2026-08-10T07:55:00.582694,
0bd5fb421d83b270,https://br.linkedin.com/jobs/view/vaga-para-promotor-bento-gon%C3%A7alves-bento-gon%C3%A7alves-inscri%C3%A7%C3%B5es-abertas-at-severas-merchandising-4446611414,Vaga para Promotor- Bento Gonçalves - Bento Gonçalves - Inscrições Abertas,,scraped,2026-08-10T07:55:07.898425,
fe66d029ca179eb4,https://br.linkedin.com/jobs/view/promotor-tr%C3%AAs-coroas-tr%C3%AAs-coroas-inscri%C3%A7%C3%B5es-abertas-at-severas-merchandising-4449504155,Promotor - Três Coroas - Três Coroas - Inscrições Abertas,,scraped,2026-08-10T07:55:21.113709,
614064c4664c508d,https://br.linkedin.com/jobs/view/oficial-manutencao-predial-vaga-atualizada-at-manuservicers-4449503179,Oficial Manutencao Predial - Vaga Atualizada,ManuServiceRS,failed|wp_post_failed,2026-08-10T07:55:45.539274,
0a18ae587ea2da15,https://br.linkedin.com/jobs/view/auxiliar-de-limpeza-%E2%80%93-alvorada-%E2%80%93-rs-vaga-atualizada-at-jose-itamar-dos-santos-penteado-4449505180,Auxiliar de Limpeza – Alvorada – RS - Vaga Atualizada,Jose Itamar Dos Santos Penteado,failed|wp_post_failed,2026-08-10T07:56:03.597097,
0813c8a549f76daa,https://br.linkedin.com/jobs/view/promotor-a-lajeado-vaga-atualizada-at-severas-merchandising-4446609433,Promotor(A) - Lajeado - Vaga Atualizada,,scraped,2026-08-10T07:56:06.281780,
44e2ffb642e9ebc7,https://br.linkedin.com/jobs/view/caldeireiro-%E2%80%93-gua%C3%ADba-%E2%80%93-rs-gua%C3%ADba-inscri%C3%A7%C3%B5es-abertas-at-manuservicers-4449287835,Caldeireiro – Guaíba – RS - Guaíba - Inscrições Abertas,ManuServiceRS,failed|wp_post_failed,2026-08-10T07:56:32.923279,
3b0840789537a0d0,https://br.linkedin.com/jobs/view/degustador-a-porto-alegre-e-grande-porto-alegre-porto-alegre-inscri%C3%A7%C3%B5es-abertas-at-severas-merchandising-4446621218,Degustador (A) - Porto Alegre e Grande Porto Alegre - Porto Alegre - Inscrições Abertas,,scraped,2026-08-10T07:56:35.756919,
ca7c32504b5ef886,https://br.linkedin.com/jobs/view/auxiliar-de-limpeza-alvorada-inscri%C3%A7%C3%B5es-abertas-at-jose-itamar-dos-santos-penteado-4449291758,Auxiliar de Limpeza - Alvorada - Inscrições Abertas,Jose Itamar Dos Santos Penteado,failed|wp_post_failed,2026-08-10T07:56:59.624480,
0a679a3e8758316b,https://br.linkedin.com/jobs/view/promotor-garibaldi-cobertura-de-f%C3%A9rias-vaga-atualizada-at-severas-merchandising-4446618276,Promotor Garibaldi - Cobertura de Férias - Vaga Atualizada,,scraped,2026-08-10T07:57:02.247262,
a92d7394d5c4de8b,https://br.linkedin.com/jobs/view/promotor-a-farroupilha-vaga-atualizada-at-severas-merchandising-4446614360,Promotor(A) Farroupilha - Vaga Atualizada,,scraped,2026-08-10T07:57:15.442631,
8306df2d9246d252,https://br.linkedin.com/jobs/view/promotor-porto-alegre-vaga-atualizada-at-severas-merchandising-4446608466,Promotor - Porto Alegre - Vaga Atualizada,,scraped,2026-08-10T07:57:28.892518,
7c2a6fa84ce81d10,https://br.linkedin.com/jobs/view/promotor-a-com-moto-canoas-canoas-inscri%C3%A7%C3%B5es-abertas-at-severas-merchandising-4446612359,Promotor (A) com Moto - Canoas - Canoas - Inscrições Abertas,,scraped,2026-08-10T07:57:48.121082,
891a94e00dbe1e4e,https://br.linkedin.com/jobs/view/promotor-a-farroupilha-farroupilha-inscri%C3%A7%C3%B5es-abertas-at-severas-merchandising-4446613333,Promotor(A) Farroupilha - Farroupilha - Inscrições Abertas,,scraped,2026-08-10T07:57:59.623293,
3e3c88137a10843b,https://br.linkedin.com/jobs/view/promotor-garibaldi-cobertura-de-f%C3%A9rias-garibaldi-inscri%C3%A7%C3%B5es-abertas-at-severas-merchandising-4446608431,Promotor Garibaldi - Cobertura de Férias - Garibaldi - Inscrições Abertas,,scraped,2026-08-10T07:58:08.730574,
5987fe2ec2b1a496,https://br.linkedin.com/jobs/view/lubrificador-industrial-%E2%80%93-cachoeirinha-vaga-atualizada-at-manuservicers-4449505134,Lubrificador Industrial – Cachoeirinha - Vaga Atualizada,ManuServiceRS,failed|wp_post_failed,2026-08-10T07:58:33.517960,
34cf2cc16038b19d,https://br.linkedin.com/jobs/view/lubrificador-industrial-%E2%80%93-cachoeirinha-cachoeirinha-inscri%C3%A7%C3%B5es-abertas-at-manuservicers-4449290813,Lubrificador Industrial – Cachoeirinha - Cachoeirinha - Inscrições Abertas,ManuServiceRS,failed|wp_post_failed,2026-08-10T07:58:57.610952,
73546e71162bb652,https://br.linkedin.com/jobs/view/auxiliar-de-servi%C3%A7os-gerais-lajeado-inscri%C3%A7%C3%B5es-abertas-at-desenfecsul-limpadora-e-conservadora-de-pr%C3%A9dios-ltda-4449501317,Auxiliar de Serviços Gerais - Lajeado - Inscrições Abertas,Desenfecsul Limpadora e Conservadora de Prédios LTDA.,failed|wp_post_failed,2026-08-10T07:59:33.130331,
0d6c67ca88ba8723,https://br.linkedin.com/jobs/view/sushiman-%E2%80%93-com-experi%C3%AAncia-%E2%80%93-porto-alegre-%E2%80%93-rs-procura-se-profissional-at-buscarvagas-empregos-brasil-4449547236,Sushiman – com Experiência – Porto Alegre – RS - Procura-Se Profissional,,scraped,2026-08-10T07:59:51.945530,
fb8ad2496d920836,https://br.linkedin.com/jobs/view/profissional-aee-porto-alegre-inscri%C3%A7%C3%B5es-abertas-at-pequena-casa-da-crian%C3%A7a-4448735669,Profissional Aee - Porto Alegre - Inscrições Abertas,,scraped,2026-08-10T08:00:57.841386,
da4b2711a0f621f0,https://br.linkedin.com/jobs/view/oficial-de-manutencao-predial-porto-alegre-inscri%C3%A7%C3%B5es-abertas-at-manuservicers-4449290833,Oficial de Manutencao Predial - Porto Alegre - Inscrições Abertas,ManuServiceRS,failed|wp_post_failed,2026-08-10T08:01:38.754738,
4ba9fff765e996e0,https://br.linkedin.com/jobs/view/auxiliar-de-servi%C3%A7os-gerais-nova-santa-rita-inscri%C3%A7%C3%B5es-abertas-at-desenfecsul-limpadora-e-conservadora-de-pr%C3%A9dios-ltda-4449507030,Auxiliar de Serviços Gerais - Nova Santa Rita - Inscrições Abertas,Desenfecsul Limpadora e Conservadora de Prédios LTDA.,failed|wp_post_failed,2026-08-10T08:02:33.449902,
f5020709ba906770,https://br.linkedin.com/jobs/view/auxiliar-de-transporte-desentupidora-%E2%80%93-alvorada-%E2%80%93-rs-alvorada-inscri%C3%A7%C3%B5es-abertas-at-desentupidora-ultratec-4446618299,Auxiliar de Transporte Desentupidora – Alvorada – RS - Alvorada - Inscrições Abertas,,scraped,2026-08-10T08:02:40.198383,
c02bc640bc777d01,https://br.linkedin.com/jobs/view/oficial-de-manuten%C3%A7%C3%A3o-predial-canoas-inscri%C3%A7%C3%B5es-abertas-at-desenfecsul-limpadora-e-conservadora-de-pr%C3%A9dios-ltda-4449299411,Oficial de Manutenção Predial - Canoas - Inscrições Abertas,Desenfecsul Limpadora e Conservadora de Prédios LTDA.,failed|wp_post_failed,2026-08-10T08:03:16.532913,
d4fc504d5555e550,https://br.linkedin.com/jobs/view/oficial-de-manutencao-predial-vaga-atualizada-at-manuservicers-4449284968,Oficial de Manutencao Predial - Vaga Atualizada,ManuServiceRS,failed|wp_post_failed,2026-08-10T08:03:34.601443,
229d458139eea2c2,https://br.linkedin.com/jobs/view/operador-de-m%C3%A1quinas-%E2%80%93-canoas-%E2%80%93-rs-at-buscarvagas-empregos-brasil-4449542536,Operador de Máquinas – Canoas – RS,,scraped,2026-08-10T08:03:49.257885,
0312351d1bdaf1e2,https://br.linkedin.com/jobs/view/auxiliar-de-servi%C3%A7os-gerais-porto-alegre-inscri%C3%A7%C3%B5es-abertas-at-pequena-casa-da-crian%C3%A7a-4449286831,Auxiliar de Serviços Gerais - Porto Alegre - Inscrições Abertas,,scraped,2026-08-10T08:04:09.624007,
79f4efc6de1cf026,https://br.linkedin.com/jobs/view/serralheiro-%E2%80%93-gua%C3%ADba-%E2%80%93-rs-vaga-atualizada-at-manuservicers-4449289899,Serralheiro – Guaíba – RS - Vaga Atualizada,ManuServiceRS,failed|wp_post_failed,2026-08-10T08:06:41.084036,
9e5ea94a81158d52,https://br.linkedin.com/jobs/view/auxiliar-de-limpeza-servi%C3%A7os-gerais-vaga-atualizada-at-pequena-casa-da-crian%C3%A7a-4449284908,Auxiliar de Limpeza/Serviços Gerais - Vaga Atualizada,,scraped,2026-08-10T08:06:43.731911,
527405a9a9286d41,https://br.linkedin.com/jobs/view/instalador-de-sistemas-de-seguran%C3%A7a-eletr%C3%B4nica-porto-alegre-rs-vaga-atualizada-at-graber-sistemas-de-seguran%C3%A7a-4446622164,Instalador de Sistemas de Segurança Eletrônica | Porto Alegre - RS - Vaga Atualizada,,scraped,2026-08-10T08:07:02.746472,
77563066020409c7,https://br.linkedin.com/jobs/view/oficial-de-manuten%C3%A7%C3%A3o-predial-vaga-atualizada-at-desenfecsul-limpadora-e-conservadora-de-pr%C3%A9dios-ltda-4449283999,Oficial de Manutenção Predial - Vaga Atualizada,Desenfecsul Limpadora e Conservadora de Prédios LTDA.,failed|wp_post_failed,2026-08-10T08:07:54.758958,
5aba115002ee2cf4,https://br.linkedin.com/jobs/view/eletricista-predial-%E2%80%93-canoas-%E2%80%93-rs-canoas-inscri%C3%A7%C3%B5es-abertas-at-manuservicers-4449298570,Eletricista Predial – Canoas – RS - Canoas - Inscrições Abertas,ManuServiceRS,failed|wp_post_failed,2026-08-10T08:09:03.608196,
f21b188878178488,https://br.linkedin.com/jobs/view/profissional-de-apoio-porto-alegre-inscri%C3%A7%C3%B5es-abertas-at-pequena-casa-da-crian%C3%A7a-4448736689,Profissional de Apoio - Porto Alegre - Inscrições Abertas,,scraped,2026-08-10T08:09:28.376293,
1ebe6a70797f27d4,https://br.linkedin.com/jobs/view/auxiliar-operacional-eldorado-do-sul-inscri%C3%A7%C3%B5es-abertas-at-desenfecsul-limpadora-e-conservadora-de-pr%C3%A9dios-ltda-4449288822,Auxiliar Operacional - Eldorado do Sul - Inscrições Abertas,Desenfecsul Limpadora e Conservadora de Prédios LTDA.,failed|wp_post_failed,2026-08-10T08:10:12.204363,
bb1f1cd7612333ed,https://br.linkedin.com/jobs/view/auxiliar-de-carga-e-descarga-porto-alegre-inscri%C3%A7%C3%B5es-abertas-at-transportes-rodovia-sul-4447376372,Auxiliar de Carga e Descarga - Porto Alegre - Inscrições Abertas,,scraped,2026-08-10T08:10:29.042164,
3de0651fe02ce8d7,https://br.linkedin.com/jobs/view/atendente-interno-de-alarmes-%E2%80%93-gravata%C3%AD-%E2%80%93-rs-gravata%C3%AD-inscri%C3%A7%C3%B5es-abertas-at-graber-sistemas-de-seguran%C3%A7a-4449286805,Atendente Interno de Alarmes – Gravataí – RS - Gravataí - Inscrições Abertas,,scraped,2026-08-10T08:11:05.784630,
4e536a4cc748d987,https://br.linkedin.com/jobs/view/sales-ambassador-catania-at-cosine-italy-4448057469,SALES AMBASSADOR | CATANIA,,scraped,2026-08-10T08:11:31.380302,
6195d60ad97fcae7,https://br.linkedin.com/jobs/view/retail-specialist-reggio-calabria-at-cosine-italy-4449507702,Retail Specialist | Reggio Calabria,,scraped,2026-08-10T09:30:17.947567,
b2a7a168b53a50b8,https://br.linkedin.com/jobs/view/caldeireiro-%E2%80%93-gua%C3%ADba-%E2%80%93-rs-vaga-atualizada-at-manuservicers-4449502235,Caldeireiro – Guaíba – RS - Vaga Atualizada,ManuServiceRS,failed|wp_post_failed,2026-08-10T09:30:58.916507,
7f0ca44f9c179b95,https://br.linkedin.com/jobs/view/polidor-de-a%C3%A7o-inox-gravata%C3%AD-vaga-atualizada-at-db-4448746252,Polidor de Aço Inox - Gravataí. - Vaga Atualizada,,scraped,2026-08-10T09:31:05.645607,
e9ea846272e41b67,https://br.linkedin.com/jobs/view/retail-specialist-taranto-at-cosine-italy-4448041568,Retail Specialist | Taranto,,scraped,2026-08-10T09:31:46.797315,
4f236cf7205cbe08,https://br.linkedin.com/jobs/view/retail-specialist-venezia-at-cosine-italy-4449518425,Retail Specialist | Venezia,,scraped,2026-08-10T09:31:53.312093,
62d60396d7147569,https://br.linkedin.com/jobs/view/retail-specialist-lecce-at-cosine-italy-4448044594,Retail Specialist | Lecce,,scraped,2026-08-10T09:32:01.935743,
1e1ff1c10327e0ef,https://br.linkedin.com/jobs/view/retail-specialist-la-spezia-at-cosine-italy-4448048502,Retail Specialist | La Spezia,,scraped,2026-08-10T09:32:34.529152,
423573539c1c38bc,https://br.linkedin.com/jobs/view/retail-specialist-isernia-at-cosine-italy-4448043546,Retail Specialist | Isernia,,scraped,2026-08-10T09:32:40.923389,
41b61f9a0bd438f0,https://br.linkedin.com/jobs/view/retail-specialist-potenza-at-cosine-italy-4448045577,Retail Specialist | Potenza,,scraped,2026-08-10T09:32:47.418681,
8ba8ba579bc2ba9f,https://br.linkedin.com/jobs/view/retail-specialist-cuneo-at-cosine-italy-4449506762,Retail Specialist | Cuneo,,scraped,2026-08-10T09:32:54.112456,
a14eb47feb34e064,https://br.linkedin.com/jobs/view/retail-specialist-rimini-at-cosine-italy-4449512556,Retail Specialist | Rimini,,scraped,2026-08-10T09:33:06.695933,
3260f4b4c00b646d,https://br.linkedin.com/jobs/view/retail-specialist-latina-at-cosine-italy-4448049564,Retail Specialist | Latina,,scraped,2026-08-10T09:33:21.394774,
b88f182431def700,https://br.linkedin.com/jobs/view/porteiro-rs-at-gba-facilities-4450543027,Porteiro - RS,,scraped,2026-08-10T09:33:33.952923,
d97e08423fe64968,https://br.linkedin.com/jobs/view/retail-specialist-ferrara-at-cosine-italy-4449502978,Retail Specialist | Ferrara,,scraped,2026-08-10T09:33:42.525460,
70837d859c39e372,https://br.linkedin.com/jobs/view/auxiliar-de-limpeza-vaga-atualizada-at-jose-itamar-dos-santos-penteado-4449295702,Auxiliar de Limpeza - Vaga Atualizada,Jose Itamar Dos Santos Penteado,failed|wp_post_failed,2026-08-10T09:34:09.071596,
70a697f72bcbfeba,https://br.linkedin.com/jobs/view/repositor-at-jobbol-4451350408,Repositor,,scraped,2026-08-10T09:34:19.733250,
e180fa348bf4311a,https://br.linkedin.com/jobs/view/promotor-a-lajeado-lajeado-inscri%C3%A7%C3%B5es-abertas-at-severas-merchandising-4446619288,Promotor(A) - Lajeado - Lajeado - Inscrições Abertas,,scraped,2026-08-10T09:34:29.652055,
c329cb35823be9c2,https://br.linkedin.com/jobs/view/marceneiro-porto-alegre-inscri%C3%A7%C3%B5es-abertas-at-desenfecsul-limpadora-e-conservadora-de-pr%C3%A9dios-ltda-4449286823,Marceneiro - Porto Alegre - Inscrições Abertas,Desenfecsul Limpadora e Conservadora de Prédios LTDA.,failed|wp_post_failed,2026-08-10T09:34:59.313179,
280f9be4aac4a1d5,https://br.linkedin.com/jobs/view/promotor-novo-hamburgo-novo-hamburgo-inscri%C3%A7%C3%B5es-abertas-at-severas-merchandising-4446605966,Promotor - Novo Hamburgo - Novo Hamburgo - Inscrições Abertas,,scraped,2026-08-10T09:35:10.002106,
13e89f80638b05b9,https://br.linkedin.com/jobs/view/marceneiro-vaga-atualizada-at-desenfecsul-limpadora-e-conservadora-de-pr%C3%A9dios-ltda-4449506100,Marceneiro - Vaga Atualizada,Desenfecsul Limpadora e Conservadora de Prédios LTDA.,failed|wp_post_failed,2026-08-10T09:35:49.784228,
215a202304a04e6e,https://br.linkedin.com/jobs/view/promotor-a-com-moto-canoas-vaga-atualizada-at-severas-merchandising-4446614330,Promotor (A) com Moto - Canoas - Vaga Atualizada,,scraped,2026-08-10T09:35:52.537357,
da7db7e11a9e7868,https://br.linkedin.com/jobs/view/auxiliar-de-padaria-at-supermercados-andreazza-4448595344,Auxiliar de Padaria,,scraped,2026-08-10T09:36:23.888402,
3f92e40a9aebeac0,https://br.linkedin.com/jobs/view/agente-de-monitoramento-gravata%C3%AD-inscri%C3%A7%C3%B5es-abertas-at-graber-sistemas-de-seguran%C3%A7a-4449288806,Agente de Monitoramento - Gravataí - Inscrições Abertas,,scraped,2026-08-10T09:37:09.500532,
152a02e90e79911b,https://br.linkedin.com/jobs/view/promotor-com-moto-porto-alegre-porto-alegre-inscri%C3%A7%C3%B5es-abertas-at-severas-merchandising-4446606974,Promotor com Moto - Porto Alegre - Porto Alegre - Inscrições Abertas,,scraped,2026-08-10T09:37:17.945756,
c047c75b114bf8a8,https://br.linkedin.com/jobs/view/auxiliar-de-transporte-%E2%80%93-alvorada-%E2%80%93-rs-vaga-atualizada-at-desentupidora-ultratec-4446621173,Auxiliar de Transporte – Alvorada – RS - Vaga Atualizada,,scraped,2026-08-10T09:37:25.445600,
a91b60e77d5f7a3f,https://br.linkedin.com/jobs/view/barista-vice-cordinatore-trice-bar-sirio-vi-at-sirio-s-p-a-4450980455,BARISTA VICE CORDINATORE/TRICE - Bar Sirio (VI),,scraped,2026-08-10T09:37:51.492836,
0d4a9f2605164a45,https://br.linkedin.com/jobs/view/sap-cloud-platform-developer-at-epam-systems-4451110174,SAP Cloud Platform Developer,EPAM Systems,failed|wp_post_failed,2026-08-10T09:38:31.656246,
5c35d0f52fb2f85d,https://br.linkedin.com/jobs/view/supervisor-at-cosine-italy-4448078997,Supervisor,,scraped,2026-08-10T09:38:52.437034,
a9bc3945abbe8fd0,https://br.linkedin.com/jobs/view/meio-oficial-manuten%C3%A7%C3%A3o-industrial-vaga-atualizada-at-manuservicers-4449287840,Meio Oficial Manutenção Industrial - Vaga Atualizada,ManuServiceRS,failed|wp_post_failed,2026-08-10T09:44:26.403803,
811e5fcec1f4218f,https://br.linkedin.com/jobs/view/back-office-commerciale-export-at-system-group-pe-pp-pvc-pipes-4451395826,Back Office Commerciale Export,,scraped,2026-08-10T09:44:31.385027,
d19c5204e86641e0,https://br.linkedin.com/jobs/view/controller-jur%C3%ADdico-a-at-controller-4444129507,CONTROLLER JURÍDICO(A),Controller,failed|wp_post_failed,2026-08-10T09:46:13.288096,
efc285d9cba26814,https://br.linkedin.com/jobs/view/pr%C3%A9-venda-%E2%80%93-porto-alegre-%E2%80%93-rs-vaga-atualizada-at-ric-komeco-4446622187,Pré Venda – Porto Alegre – RS - Vaga Atualizada,,scraped,2026-08-10T09:46:15.962984,
20ea3ea01e1d66c6,https://br.linkedin.com/jobs/view/produ%C3%A7%C3%A3o-pcd-pessoas-portadoras-de-defici%C3%AAncia-at-inbetta-4446255935,Produção - PCD (Pessoas Portadoras de Deficiência),,scraped,2026-08-10T09:46:28.135872,
72dcdf3674540241,https://br.linkedin.com/jobs/view/sales-ambassador-asti-at-cosine-italy-4448047522,SALES AMBASSADOR | ASTI,,scraped,2026-08-10T09:47:37.394195,
7b40bb1bca0ea37a,https://br.linkedin.com/jobs/view/auxiliar-de-servi%C3%A7os-gerais-vaga-atualizada-at-desenfecsul-limpadora-e-conservadora-de-pr%C3%A9dios-ltda-4449294722,Auxiliar de Serviços Gerais - Vaga Atualizada,Desenfecsul Limpadora e Conservadora de Prédios LTDA.,failed|wp_post_failed,2026-08-10T11:18:17.995649,
8451b2611f54a17d,https://br.linkedin.com/jobs/view/promotor-com-moto-porto-alegre-vaga-atualizada-at-severas-merchandising-4446626156,Promotor com Moto - Porto Alegre - Vaga Atualizada,,scraped,2026-08-10T11:20:02.740084,
0295df80b28f367a,https://br.linkedin.com/jobs/view/manuten%C3%A7%C3%A3o-predial-%E2%80%93-s%C3%A3o-leopoldo-sapucaia-do-sul-%E2%80%93-rs-vaga-atualizada-at-manuservicers-4449297553,Manutenção Predial – São Leopoldo / Sapucaia do Sul – RS - Vaga Atualizada,ManuServiceRS,failed|wp_post_failed,2026-08-10T11:24:02.915245,
e70f32652c943897,https://br.linkedin.com/jobs/view/auxiliar-de-manuten%C3%A7%C3%A3o-porto-alegre-inscri%C3%A7%C3%B5es-abertas-at-hospital-israelita-albert-sabin-4449503235,Auxiliar de Manutenção - Porto Alegre - Inscrições Abertas,Hospital Israelita Albert Sabin,failed|wp_post_failed,2026-08-10T11:24:43.822452,
a72a06fa2e2c4ee1,https://br.linkedin.com/jobs/view/professor-de-educa%C3%A7%C3%A3o-f%C3%ADsica-%E2%80%93-alvorada-%E2%80%93-rs-alvorada-inscri%C3%A7%C3%B5es-abertas-at-jose-itamar-dos-santos-penteado-4449501322,Professor de Educação Física – Alvorada – RS - Alvorada - Inscrições Abertas,Jose Itamar Dos Santos Penteado,failed|wp_post_failed,2026-08-10T11:29:14.368278,
e2e4041e2ed60a25,https://br.linkedin.com/jobs/view/auxiliar-de-entregas-at-coca-cola-femsa-4446270011,AUXILIAR DE ENTREGAS,,scraped,2026-08-10T11:29:18.994902,
4f59cd9561acb0c3,https://br.linkedin.com/jobs/view/sales-ambassador-caltanissetta-at-cosine-italy-4448036605,SALES AMBASSADOR | CALTANISSETTA,,scraped,2026-08-10T11:29:57.892386,
3e98a181dad38b4a,https://br.linkedin.com/jobs/view/sales-ambassador-novara-at-cosine-italy-4449523129,SALES AMBASSADOR | NOVARA,,scraped,2026-08-10T11:30:20.505337,
7fe4b8b78b613ba7,https://br.linkedin.com/jobs/view/assistente-de-exporta%C3%A7%C3%A3o-at-jobbol-4451306851,Assistente de Exportação,,scraped,2026-08-10T11:31:46.851233,
8007f6f32fd8d187,https://br.linkedin.com/jobs/view/oficial-de-manuten%C3%A7%C3%A3o-predial-s%C3%A3o-leopoldo-inscri%C3%A7%C3%B5es-abertas-at-desenfecsul-limpadora-e-conservadora-de-pr%C3%A9dios-ltda-4449284950,Oficial de Manutenção Predial - São Leopoldo - Inscrições Abertas,Desenfecsul Limpadora e Conservadora de Prédios LTDA.,failed|wp_post_failed,2026-08-10T13:29:55.123970,
a6bb7324a8bf621c,https://br.linkedin.com/jobs/view/back-office-gestione-clienti-at-best-of-rent-agenzia-leasys-4451515963,BACK OFFICE / GESTIONE CLIENTI,,scraped,2026-08-10T13:30:09.829432,
b81d9df9ccfe34ff,https://br.linkedin.com/jobs/view/product-owner-pl-presencial-at-uhuu-4394823109,Product Owner PL (Presencial),,scraped,2026-08-10T13:30:31.758511,
01500f2a48409bbd,https://br.linkedin.com/jobs/view/meio-oficial-manuten%C3%A7%C3%A3o-industrial-porto-alegre-inscri%C3%A7%C3%B5es-abertas-at-manuservicers-4449289852,Meio Oficial Manutenção Industrial - Porto Alegre - Inscrições Abertas,ManuServiceRS,failed|wp_post_failed,2026-08-10T13:32:48.966018,
d06a3eb43bb8300a,https://br.linkedin.com/jobs/view/ct-prontosul-academia-de-gin%C3%A1stica-ltda-porto-alegre-inscri%C3%A7%C3%B5es-abertas-at-grupo-prontosul-4446608452,Ct Prontosul Academia de Ginástica Ltda - Porto Alegre - Inscrições Abertas,,scraped,2026-08-10T13:34:07.591734,
c4813209bb4e0a7f,https://br.linkedin.com/jobs/view/auxiliar-de-opera%C3%A7%C3%B5es-at-sogipa-4449584210,Auxiliar de Operações,,scraped,2026-08-10T15:06:46.865759,
72e2b4ea80a13d05,https://br.linkedin.com/jobs/view/ajudante-geral-at-sogipa-4449575575,Ajudante Geral,,scraped,2026-08-10T15:09:32.610465,
8bcad5b68769294f,https://br.linkedin.com/jobs/view/a%C3%A7ougueiro-at-jobbol-4451338997,Açougueiro,,scraped,2026-08-10T15:11:49.757831,
cbd160f466518844,https://br.linkedin.com/jobs/view/supervisor-at-cosine-italy-4448083383,Supervisor,,scraped,2026-08-10T15:12:13.063163,
de79bc4d2279da96,https://br.linkedin.com/jobs/view/oficial-de-manuten%C3%A7%C3%A3o-predial-vaga-atualizada-at-desenfecsul-limpadora-e-conservadora-de-pr%C3%A9dios-ltda-4449298548,Oficial de Manutenção Predial - Vaga Atualizada,Desenfecsul Limpadora e Conservadora de Prédios LTDA.,failed|wp_post_failed,2026-08-10T15:13:57.684755,
f28f0724462785ee,https://br.linkedin.com/jobs/view/auxiliar-de-servi%C3%A7os-gerais-vaga-atualizada-at-pequena-casa-da-crian%C3%A7a-4449503213,Auxiliar de Serviços Gerais - Vaga Atualizada,,scraped,2026-08-10T15:15:58.441843,
738aa78ef6acd5af,https://br.linkedin.com/jobs/view/instalador-de-sistemas-de-seguran%C3%A7a-eletr%C3%B4nica-porto-al-porto-alegre-inscri%C3%A7%C3%B5es-abertas-at-graber-sistemas-de-seguran%C3%A7a-4446609443,Instalador de Sistemas de Segurança Eletrônica | Porto Al... - Porto Alegre - Inscrições Abertas,,scraped,2026-08-10T15:18:14.169542,
93e1babb4ca45385,https://br.linkedin.com/jobs/view/atendente-interno-de-alarmes-%E2%80%93-gravata%C3%AD-%E2%80%93-rs-vaga-atualizada-at-graber-sistemas-de-seguran%C3%A7a-4449291781,Atendente Interno de Alarmes – Gravataí – RS - Vaga Atualizada,,scraped,2026-08-10T15:18:56.375502,
3fda003166ff7c8c,https://br.linkedin.com/jobs/view/recepcionista-at-jobbol-4451553079,Recepcionista,,scraped,2026-08-10T15:22:01.795753,
136a962a32eeacbb,https://br.linkedin.com/jobs/view/monitor-at-rek-parking-4451408386,monitor,,scraped,2026-08-10T17:00:08.679050,
ab4c9883573124f1,https://br.linkedin.com/jobs/view/junior-non-key-expert-for-training-needs-assessment-at-eubam-libya-4451377322,Junior Non-Key Expert for Training Needs Assessment,,scraped,2026-08-10T17:01:36.185771,
462bbbfb70a77f94,https://br.linkedin.com/jobs/view/camareira-at-intercity-hotels-4451551723,Camareira,,scraped,2026-08-10T17:01:53.981494,
7fc8a3f86f12b7c0,https://br.linkedin.com/jobs/view/polidor-de-a%C3%A7o-inox-gravata%C3%AD-gravata%C3%AD-inscri%C3%A7%C3%B5es-abertas-at-db-4448747275,Polidor de Aço Inox - Gravataí. - Gravataí - Inscrições Abertas,,scraped,2026-08-10T17:02:07.099007,
9d6e85df5675b4af,https://br.linkedin.com/jobs/view/retail-specialist-trieste-at-cosine-italy-4448057465,Retail Specialist | Trieste,,scraped,2026-08-10T17:02:53.937336,
967ab87f52b2cb28,https://br.linkedin.com/jobs/view/auxiliar-de-limpeza-servi%C3%A7os-gerais-porto-alegre-inscri%C3%A7%C3%B5es-abertas-at-pequena-casa-da-crian%C3%A7a-4449506109,Auxiliar de Limpeza/Serviços Gerais - Porto Alegre - Inscrições Abertas,,scraped,2026-08-10T17:08:38.582341,
4e5f8d5c2abb6a5a,https://br.linkedin.com/jobs/view/assistente-de-loja-shopping-villagio-caxias-at-centauro-4451558466,Assistente de Loja - Shopping Villagio Caxias,CENTAURO,failed|wp_post_failed,2026-08-10T17:12:45.667123,
89fdff3af96980ec,https://br.linkedin.com/jobs/view/agente-analista-de-rh-vaga-atualizada-at-manuservicers-4449290749,Agente Analista de RH - Vaga Atualizada,ManuServiceRS,failed|wp_post_failed,2026-08-10T17:14:35.920786,
7bdb1f5f4e3d3752,https://br.linkedin.com/jobs/view/profissional-de-apoio-escolar-porto-alegre-inscri%C3%A7%C3%B5es-abertas-at-pequena-casa-da-crian%C3%A7a-4449292858,Profissional de Apoio Escolar - Porto Alegre - Inscrições Abertas,,scraped,2026-08-10T17:15:38.632719,
35a9dcb37b9656fd,https://br.linkedin.com/jobs/view/operatore-telefonico-gestione-clienti-at-best-of-rent-agenzia-leasys-4451534090,OPERATORE TELEFONICO / GESTIONE CLIENTI,,scraped,2026-08-10T17:17:03.686838,
e7a76e4316cbd05b,https://br.linkedin.com/jobs/view/auxiliar-de-seguranca-privada-at-grupo-cindapa-4451560993,AUXILIAR DE SEGURANCA PRIVADA,,scraped,2026-08-10T17:18:16.917629,
8e92733c3e27865d,https://br.linkedin.com/jobs/view/videomaker-at-water-marketing-4451405442,Videomaker,,scraped,2026-08-10T17:18:55.931569,
ddad235f8fc36017,https://br.linkedin.com/jobs/view/area-manager-at-arimondo-srl-4449576593,AREA MANAGER,,scraped,2026-08-10T17:19:04.742156,
4d454bd019b5aaca,https://br.linkedin.com/jobs/view/sales-ambassador-vercelli-at-cosine-italy-4449511557,SALES AMBASSADOR | VERCELLI,,scraped,2026-08-10T17:19:50.547185,
109028f7e27a7ce7,https://br.linkedin.com/jobs/view/operador-a-gera%C3%A7%C3%A3o-frio-ii-lajeado-rs-at-mbrf-4451548464,Operador (a) Geração Frio II - Lajeado RS,MBRF,failed|wp_post_failed,2026-08-10T17:21:27.858097,
4a649edb84929672,https://br.linkedin.com/jobs/view/sales-ambassador-enna-at-cosine-italy-4448053491,SALES AMBASSADOR | ENNA,,scraped,2026-08-10T17:21:46.597279,
b0bbdc23afa0e452,https://br.linkedin.com/jobs/view/%C3%A1reas-operacionais-at-prog%C3%A1s-braesi-4451418564,Áreas Operacionais,Progás &amp; Braesi,failed|wp_post_failed,2026-08-10T19:06:02.087354,
d189f7e2ad375e0c,https://br.linkedin.com/jobs/view/%C3%A1reas-administrativas-at-prog%C3%A1s-braesi-4451413659,Áreas Administrativas,Progás &amp; Braesi,failed|wp_post_failed,2026-08-10T19:06:22.025851,
0a6cb6a8c62f965c,https://br.linkedin.com/jobs/view/jardineiro-%E2%80%93-zona-sul-%E2%80%93-porto-alegre-%E2%80%93-rs-porto-alegre-inscri%C3%A7%C3%B5es-abertas-at-desenfecsul-limpadora-e-conservadora-de-pr%C3%A9dios-ltda-4446629011,Jardineiro – Zona Sul – Porto Alegre – RS - Porto Alegre - Inscrições Abertas,Desenfecsul Limpadora e Conservadora de Prédios LTDA.,failed|wp_post_failed,2026-08-10T19:06:48.029543,
4d6c06e824e57389,https://br.linkedin.com/jobs/view/monitor-at-territorialize-4451400746,MONITOR,,scraped,2026-08-10T19:06:50.692084,
ebe749202a2729f1,https://br.linkedin.com/jobs/view/lavador-de-ve%C3%ADculos-rs-at-pertencer-desenvolvimento-humano-e-organizacional-4450528931,Lavador de veículos - RS,,scraped,2026-08-10T19:07:15.241123,
77c8eae2e2556453,https://br.linkedin.com/jobs/view/encarregado-de-controle-at-grupo-passarela-4450922113,Encarregado de Controle,Grupo Passarela,failed|wp_post_failed,2026-08-10T19:07:42.629153,
b0f6c56356bfd002,https://br.linkedin.com/jobs/view/maitre-at-castelo-saint-andrews-4449808471,Maitre,,scraped,2026-08-10T19:08:05.374542,
5e2b836ccae7f097,https://br.linkedin.com/jobs/view/auxiliar-operacional-at-sogipa-4451585175,Auxiliar Operacional,,scraped,2026-08-10T19:08:22.231326,
218e40bd0b40414e,https://br.linkedin.com/jobs/view/retail-specialist-bolzano-at-cosine-italy-4448046556,Retail Specialist | Bolzano,,scraped,2026-08-10T19:08:35.608672,
573c4fb3f49403ce,https://br.linkedin.com/jobs/view/retail-specialist-palermo-at-cosine-italy-4448045574,Retail Specialist | Palermo,,scraped,2026-08-10T19:08:58.493668,
eb2cca4cdf083052,https://br.linkedin.com/jobs/view/retail-specialist-grosseto-at-cosine-italy-4448051508,Retail Specialist | Grosseto,,scraped,2026-08-10T19:09:05.018782,
3cc875d22e07063e,https://br.linkedin.com/jobs/view/alimentador-de-linha-de-produ%C3%A7%C3%A3o-at-saro-equipamentos-site-oficial-4451406684,Alimentador de Linha de Produção,SARO Equipamentos - Site Oficial,failed|wp_post_failed,2026-08-10T19:11:29.516080,
34e99d1166249803,https://br.linkedin.com/jobs/view/motorista-at-territorialize-4451416539,MOTORISTA,,scraped,2026-08-10T19:11:52.189135,
ba9190860c416574,https://br.linkedin.com/jobs/view/sales-ambassador-reggio-calabria-at-cosine-italy-4449820166,SALES AMBASSADOR | REGGIO CALABRIA,,scraped,2026-08-10T19:13:18.741993,
d0b52142980449f3,https://br.linkedin.com/jobs/view/sales-ambassador-cagliari-at-cosine-italy-4449811172,SALES AMBASSADOR | CAGLIARI,,scraped,2026-08-10T19:13:45.345380,
8f110b991d5b2d22,https://br.linkedin.com/jobs/view/sales-ambassador-lecce-at-cosine-italy-4449812173,SALES AMBASSADOR | LECCE,,scraped,2026-08-10T19:13:59.824684,
efee48a82338272a,https://br.linkedin.com/jobs/view/arquivista-at-doctech-gest%C3%A3o-de-documentos-4449807253,Arquivista,DocTech Gestão de Documentos,failed|wp_post_failed,2026-08-10T19:14:52.833300,
3b7ed8faf7ea1275,https://br.linkedin.com/jobs/view/auxiliar-de-a%C3%A7ougue-at-supermercados-andreazza-4450986637,Auxiliar de açougue,,scraped,2026-08-10T19:15:01.449890,
db7e5f389cc30369,https://br.linkedin.com/jobs/view/caixa-at-caixa-4451520350,Caixa,,scraped,2026-08-10T19:15:48.811452,
41bc1ce8b6625ab9,https://br.linkedin.com/jobs/view/sales-ambassador-verona-at-cosine-italy-4449806200,SALES AMBASSADOR | VERONA,,scraped,2026-08-10T19:20:13.590948,
7c18e08a455cdf61,https://br.linkedin.com/jobs/view/estoquista-at-grupo-passarela-4451416540,Estoquista,Grupo Passarela,failed|wp_post_failed,2026-08-10T19:20:48.334804,
ea5ccfefb910f5f9,https://br.linkedin.com/jobs/view/sales-ambassador-venezia-at-cosine-italy-4449822154,SALES AMBASSADOR | VENEZIA,,scraped,2026-08-10T19:21:04.897624,
a58a60cd8cf6333b,https://br.linkedin.com/jobs/view/auxiliar-de-contas-a-receber-at-grupo-passarela-4451412632,Auxiliar de Contas a Receber,Grupo Passarela,failed|wp_post_failed,2026-08-10T19:21:48.616757,
1476cc432d2b35cd,https://br.linkedin.com/jobs/view/repositor-mercearia-at-grupo-passarela-4451416547,Repositor Mercearia,Grupo Passarela,failed|wp_post_failed,2026-08-10T19:22:16.848239,
3c0ffa6a5578f71a,https://br.linkedin.com/jobs/view/sales-ambassador-roma-at-cosine-italy-4449822152,SALES AMBASSADOR | ROMA,,scraped,2026-08-10T19:22:39.364831,
35716ce38f813265,https://br.linkedin.com/jobs/view/conferente-at-grupo-passarela-4451401732,Conferente,Grupo Passarela,failed|wp_post_failed,2026-08-10T19:23:45.184272,
4f9a03a7644c727e,https://br.linkedin.com/jobs/view/operador-a-gera%C3%A7%C3%A3o-frio-iii-lajeado-rs-at-mbrf-4451559001,Operador (a) Geração Frio III - Lajeado RS,MBRF,failed|wp_post_failed,2026-08-10T19:24:25.729097,
29a42138e8765df9,https://br.linkedin.com/jobs/view/auxiliar-de-a%C3%A7ougue-at-grupo-passarela-4451408656,Auxiliar de Açougue,Grupo Passarela,failed|wp_post_failed,2026-08-10T19:25:08.976695,
e285ffe6d6c92688,https://br.linkedin.com/jobs/view/product-owner-especialista-shopify-s%C3%AAnior-at-larroude-inc-4449813052,Product Owner / Especialista Shopify (Sênior),Larroude Inc.,failed|wp_post_failed,2026-08-10T19:25:33.182324,
f6c39164ccdcc2aa,https://br.linkedin.com/jobs/view/sales-ambassador-siracusa-at-cosine-italy-4448823288,SALES AMBASSADOR | SIRACUSA,,scraped,2026-08-10T19:25:35.734892,
5ddb7efd91d351f3,https://br.linkedin.com/jobs/view/sales-ambassador-palermo-at-cosine-italy-4448810589,SALES AMBASSADOR | PALERMO,,scraped,2026-08-10T19:25:56.240310,
3b4a4a79797d2215,https://br.linkedin.com/jobs/view/sales-promoter-telefonia-cc-il-destriero-vittuone-milano-at-cosine-italy-4449807195,SALES PROMOTER TELEFONIA | CC IL DESTRIERO | VITTUONE | MILANO,,scraped,2026-08-10T19:26:22.789508,
c03463d7ce47a0e7,https://br.linkedin.com/jobs/view/sales-ambassador-vercelli-at-cosine-italy-4448825220,SALES AMBASSADOR | VERCELLI,,scraped,2026-08-10T19:26:29.150097,
e5a0b0e3b65b11d7,https://br.linkedin.com/jobs/view/sales-ambassador-bari-at-cosine-italy-4449813142,SALES AMBASSADOR | BARI,,scraped,2026-08-10T19:26:45.763361,
e0828665059c97ea,https://br.linkedin.com/jobs/view/rappresentante-commerciale-sul-territorio-venezia-at-cosine-italy-4449804185,RAPPRESENTANTE COMMERCIALE SUL TERRITORIO | VENEZIA,,scraped,2026-08-10T19:26:58.348605,
7a46b5d2199624ef,https://br.linkedin.com/jobs/view/sales-ambassador-imperia-at-cosine-italy-4448822277,SALES AMBASSADOR | IMPERIA,,scraped,2026-08-10T19:27:08.790850,
721bff8ce87dd028,https://br.linkedin.com/jobs/view/sales-promoter-telefonia-cc-il-leone-lonato-del-garda-bs-at-cosine-italy-4448973723,SALES PROMOTER TELEFONIA | CC IL LEONE | LONATO DEL GARDA | BS,,scraped,2026-08-10T19:27:21.319670,
6c35fca545791c26,https://br.linkedin.com/jobs/view/circularista-at-jobbol-4451868581,Circularista,,scraped,2026-08-10T20:51:12.254352,
b30675d6b0fde2d4,https://br.linkedin.com/jobs/view/supridor-at-jobbol-4451875584,Supridor,,scraped,2026-08-10T20:53:17.728820,
f688e620c2b07404,https://br.linkedin.com/jobs/view/lavador-de-pe%C3%A7as-at-jobbol-4451873594,Lavador de Peças,,scraped,2026-08-10T20:53:26.984662,
514fa08e4c210785,https://br.linkedin.com/jobs/view/supridor-at-jobbol-4451870590,Supridor,,scraped,2026-08-10T20:53:35.787813,
b49516bff5af73f2,https://br.linkedin.com/jobs/view/lojas-renner-fiscal-de-loja-park-shopping-canoas-canoas-rs-at-lojas-renner-s-a-4451429637,|LOJAS RENNER| Fiscal de Loja - Park Shopping Canoas / Canoas-rs,,scraped,2026-08-10T20:54:41.023865,
a967412d864327bf,https://br.linkedin.com/jobs/view/supridor-at-jobbol-4451345839,Supridor,,scraped,2026-08-10T20:54:53.529279,
b253c15c4a874812,https://br.linkedin.com/jobs/view/encarregado-de-trocas-at-grupo-passarela-4451416551,Encarregado de Trocas,Grupo Passarela,failed|wp_post_failed,2026-08-10T20:55:29.863445,
a6e2d0cf1673136b,https://br.linkedin.com/jobs/view/vigilante-at-pontif%C3%ADcia-universidade-cat%C3%B3lica-do-rio-grande-do-sul-4448486035,Vigilante,PUCRS - Pontifícia Universidade Católica do Rio Grande do Sul,failed|wp_post_failed,2026-08-10T20:55:47.675742,
809758b7f18e3bea,https://br.linkedin.com/jobs/view/auxiliar-de-limpeza-feminina-porto-alegre-at-g4s-4451438478,AUXILIAR DE LIMPEZA (FEMININA)- PORTO ALEGRE,G4S,failed|wp_post_failed,2026-08-10T20:56:34.871197,
4f0a5b2ce9b68ef1,https://br.linkedin.com/jobs/view/wissensmanagement-manager-at-qonto-poc-patch-4451188886,Wissensmanagement-Manager,Qonto Poc Patch,failed|wp_post_failed,2026-08-10T20:57:40.853396,
46cbb9f6e9b257d4,https://br.linkedin.com/jobs/view/sales-assistant-flagship-store-milano-at-cosine-italy-4448830016,SALES ASSISTANT | FLAGSHIP STORE MILANO,,scraped,2026-08-10T20:58:41.411467,
c4bed8bbc7fbb059,https://br.linkedin.com/jobs/view/movimentador-de-materiais-at-jobbol-4451878483,Movimentador de Materiais,,scraped,2026-08-10T20:58:58.217350,
120024561598183c,https://br.linkedin.com/jobs/view/auxiliar-de-servi%C3%A7os-gerais-at-sogipa-4451577338,Auxiliar de Serviços Gerais,,scraped,2026-08-10T20:59:23.121731,
1defe2024407033e,https://br.linkedin.com/jobs/view/entregador-t%C3%A9cnico-at-grupo-carburgo-4449594293,Entregador Técnico,,scraped,2026-08-10T20:59:30.522579,
7149929b160ac5f2,https://br.linkedin.com/jobs/view/sales-ambassador-padova-at-cosine-italy-4449801209,SALES AMBASSADOR | PADOVA,,scraped,2026-08-10T20:59:44.768965,
a0d243d6712befa7,https://br.linkedin.com/jobs/view/motorista-porto-alegre-inscri%C3%A7%C3%B5es-abertas-at-transportes-rodovia-sul-4447379315,Motorista - Porto Alegre - Inscrições Abertas,,scraped,2026-08-10T21:00:29.174332,
764b48b17915b0b5,https://br.linkedin.com/jobs/view/manutencionista-at-vin%C3%ADcola-jolimont-4451421650,Manutencionista,,scraped,2026-08-10T21:01:38.099154,
b99f8a96cedf565e,https://br.linkedin.com/jobs/view/sales-ambassador-pesaro-e-urbino-at-cosine-italy-4448828080,SALES AMBASSADOR | PESARO E URBINO,,scraped,2026-08-10T21:02:12.664881,
701aa112e5f2129e,https://br.linkedin.com/jobs/view/sales-ambassador-verona-at-cosine-italy-4448820327,SALES AMBASSADOR | VERONA,,scraped,2026-08-10T21:02:21.142161,
67bb66e7a45fd024,https://br.linkedin.com/jobs/view/serralheiro-%E2%80%93-gua%C3%ADba-%E2%80%93-rs-gua%C3%ADba-inscri%C3%A7%C3%B5es-abertas-at-manuservicers-4449296667,Serralheiro – Guaíba – RS - Guaíba - Inscrições Abertas,ManuServiceRS,failed|wp_post_failed,2026-08-10T21:02:58.999844,
d845a0e4794170bd,https://br.linkedin.com/jobs/view/atendente-at-jobbol-4451872610,Atendente,,scraped,2026-08-10T21:04:03.610108,
38b0c577c010b3db,https://br.linkedin.com/jobs/view/auxiliar-de-produ%C3%A7%C3%A3o-at-jobbol-4451866621,Auxiliar de Produção,,scraped,2026-08-10T21:04:14.909875,
9acafb057409120e,https://br.linkedin.com/jobs/view/auxiliar-de-produ%C3%A7%C3%A3o-at-saro-equipamentos-site-oficial-4451418555,Auxiliar de Produção,SARO Equipamentos - Site Oficial,failed|wp_post_failed,2026-08-10T21:06:22.723963,
aaa97e0e4c9b6bef,https://br.linkedin.com/jobs/view/auxiliar-de-conferente-at-jobbol-4451878506,Auxiliar de Conferente,,scraped,2026-08-10T21:06:47.360667,
282132f6857a4efa,https://br.linkedin.com/jobs/view/sales-promoter-telefonia-galleria-bari-blu-triggiano-bari-at-cosine-italy-4448823290,SALES PROMOTER TELEFONIA GALLERIA | BARI BLU | TRIGGIANO | BARI,,scraped,2026-08-10T21:07:31.657511,
1726d881e09615ca,https://br.linkedin.com/jobs/view/operador-de-caixa-at-jobbol-4451866666,Operador de Caixa,,scraped,2026-08-10T21:07:54.190150,
a847a250dc30629d,https://br.linkedin.com/jobs/view/supervisor-napoli-at-cosine-italy-4448962810,Supervisor | Napoli,,scraped,2026-08-10T22:54:03.112310,
98da880f1258a2fc,https://br.linkedin.com/jobs/view/coordenador-de-recrutamento-e-sele%C3%A7%C3%A3o-at-dhl-supply-chain-4451435721,Coordenador de Recrutamento e Seleção,DHL Supply Chain,failed|wp_post_failed,2026-08-10T22:56:39.545369,
01a8bf47967fce66,https://br.linkedin.com/jobs/view/atendente-petz-foz-do-igua%C3%A7u-at-petz-4451864323,Atendente - Petz Foz do Iguaçu,,scraped,2026-08-10T22:56:52.213352,
e3e86e58b44642e4,https://br.linkedin.com/jobs/view/auxiliar-de-manuten%C3%A7%C3%A3o-at-tomasi-rh-4451199780,Auxiliar de manutenção,,scraped,2026-08-11T02:06:41.126548,
67ad53b926980142,https://br.linkedin.com/jobs/view/auxiliar-de-limpeza-at-jobbol-4452150692,Auxiliar de Limpeza,Jobbol,failed|wp_post_failed,2026-08-11T02:08:05.242995,
7d72364a7d161a37,https://br.linkedin.com/jobs/view/empacotador-manh%C3%A3-at-supermercados-andreazza-4452059522,Empacotador/ manhã,,scraped,2026-08-11T02:08:07.900856,
5cca233585a1b25d,https://br.linkedin.com/jobs/view/pizzaiolo-at-jobbol-4452160069,Pizzaiolo,,scraped,2026-08-11T02:08:16.895431,
1d9084013206d02d,https://br.linkedin.com/jobs/view/estoquista-shopping-villagio-at-superlegal-brinquedos-4452067972,Estoquista ( Shopping Villagio),Superlegal Brinquedos,failed|wp_post_failed,2026-08-11T02:09:26.134938,
b71a75c9bf1f166b,https://br.linkedin.com/jobs/view/promotor-a-de-merchandising-at-tradex-4452081353,Promotor (a) de Merchandising,,scraped,2026-08-11T02:09:45.068191,
1dcc21a9f3c79885,https://br.linkedin.com/jobs/view/pessoa-promotora-de-vendas-brusque-sc-at-grupo-brinox-4449840189,Pessoa Promotora de Vendas - Brusque SC,,scraped,2026-08-11T02:10:17.502921,
79d2677c11c068a1,https://br.linkedin.com/jobs/view/lojas-renner-fiscal-de-loja-coloque-o-nome-da-loja-e-cidade-at-lojas-renner-s-a-4451102026,|LOJAS RENNER| Fiscal de Loja - Coloque o Nome da Loja e Cidade,,scraped,2026-08-11T02:10:27.517992,
2f368c8bd3f64d5f,https://br.linkedin.com/jobs/view/auxiliar-de-cozinha-at-intercity-hotels-4452041030,Auxiliar de Cozinha,,scraped,2026-08-11T02:10:54.391786,
d90389878d04fbc4,https://br.linkedin.com/jobs/view/auxiliar-de-moagem-at-jobbol-4452140916,Auxiliar de Moagem,,scraped,2026-08-11T02:11:23.823409,
821805279b4e9a5c,https://br.linkedin.com/jobs/view/abastecedor-de-produ%C3%A7%C3%A3o-at-jobbol-4451868600,Abastecedor de Produção,Jobbol,failed|wp_post_failed,2026-08-11T02:12:52.152854,
8ab2a30bfa83d129,https://br.linkedin.com/jobs/view/auxiliar-de-cozinha-at-jobbol-4451876596,Auxiliar de Cozinha,,scraped,2026-08-11T02:13:10.762161,
e9b2a660d5f19b8d,https://br.linkedin.com/jobs/view/montador-at-alx-recursos-humanos-4451400741,Montador,,scraped,2026-08-11T02:14:01.396133,
765c614eed203be4,https://br.linkedin.com/jobs/view/back-office-gestione-clienti-at-best-of-rent-agenzia-leasys-4451473951,BACK OFFICE / GESTIONE CLIENTI,,scraped,2026-08-11T02:14:20.582045,
85998439074e35ca,https://br.linkedin.com/jobs/view/auxiliar-de-loja-at-cooperativa-santa-clara-4451412622,Auxiliar de Loja,Cooperativa Santa Clara,failed|wp_post_failed,2026-08-11T02:16:59.405385,
eb9a161d6df771ec,https://br.linkedin.com/jobs/view/consultor-de-expans%C3%A3o-de-neg%C3%B3cios-at-consigaz-4452111664,Consultor de Expansão de Negócios,,scraped,2026-08-11T02:17:24.364614,
a57c485f908de0b4,https://br.linkedin.com/jobs/view/auxiliar-de-produ%C3%A7%C3%A3o-at-jobbol-4452152628,Auxiliar de Produção,,scraped,2026-08-11T02:17:45.018465,
24ecfc8c98dfe2c5,https://br.linkedin.com/jobs/view/operador-de-caixa-at-supermercados-andreazza-4451415582,Operador de Caixa,,scraped,2026-08-11T02:18:26.297007,
12eef71c5fffd2bb,https://br.linkedin.com/jobs/view/promoter-telecomunicazioni-centro-conero-ancona-at-cosine-italy-4448820295,PROMOTER TELECOMUNICAZIONI | CENTRO CONERO | ANCONA,,scraped,2026-08-11T02:18:42.973185,
ba85aaca2de09a8e,https://br.linkedin.com/jobs/view/auxiliar-de-expedi%C3%A7%C3%A3o-at-jobbol-4452153399,Auxiliar de Expedição,,scraped,2026-08-11T02:19:07.894107,
42c9e74eb00fec1c,https://br.linkedin.com/jobs/view/auxiliar-de-produ%C3%A7%C3%A3o-at-jobbol-4452136944,Auxiliar de Produção,Jobbol,failed|wp_post_failed,2026-08-11T02:20:11.391615,
06e2e484046f1dec,https://br.linkedin.com/jobs/view/sales-ambassador-torino-at-cosine-italy-4448815451,SALES AMBASSADOR | TORINO,,scraped,2026-08-11T02:20:24.267852,
367b86b0070bbe3b,https://br.linkedin.com/jobs/view/sales-ambassador-taranto-at-cosine-italy-4448816385,SALES AMBASSADOR | TARANTO,,scraped,2026-08-11T02:20:33.248707,
beaa21a2e7266110,https://br.linkedin.com/jobs/view/analista-de-pcp-at-jobbol-4451882446,Analista de PCP,,scraped,2026-08-11T02:20:41.744297,
d212f04d9386a9b0,https://br.linkedin.com/jobs/view/barista-at-doce-doc%C3%AA-caf%C3%A9-4452059473,Barista,,scraped,2026-08-11T02:20:59.086241,
31b1613238f08147,https://br.linkedin.com/jobs/view/estoquista-at-wolkan-equipamentos-para-compacta%C3%A7%C3%A3o-de-solo-e-tecnologia-em-concreto-4449569576,Estoquista,,scraped,2026-08-11T02:21:10.909688,
c585fcee8db4e006,https://br.linkedin.com/jobs/view/ferramenteiro-at-intral-s-a-4451400751,Ferramenteiro,Intral Iluminação,failed|wp_post_failed,2026-08-11T02:21:56.879766,
40fed3da996bc374,https://br.linkedin.com/jobs/view/promotor-i-caxias-do-sul-rs-at-brit%C3%A2nia-eletrodom%C3%A9sticos-4452104744,Promotor I - Caxias do Sul RS,,scraped,2026-08-11T02:22:21.676121,
fb3c0a83a0d61401,https://br.linkedin.com/jobs/view/analista-fiscal-em-ind%C3%BAstria-r%24-5-000-00-at-cic-empregos-4452062420,"Analista Fiscal em Indústria - R$ 5.000,00",,scraped,2026-08-11T02:23:06.881327,
9e4ce666f0634c03,https://br.linkedin.com/jobs/view/operador-de-dobra-convencional-at-jobbol-4452148846,Operador de Dobra Convencional,,scraped,2026-08-11T02:23:33.749162,
b6d190e6d8902e10,https://br.linkedin.com/jobs/view/sales-promoter-telefonia-cc-il-leone-lonato-del-garda-bs-at-cosine-italy-4448975669,SALES PROMOTER TELEFONIA | CC IL LEONE | LONATO DEL GARDA | BS,,scraped,2026-08-11T02:24:13.776309,
3f0f36644f6bf612,https://br.linkedin.com/jobs/view/instalador-auxiliar-externo-at-trucks-control-4451084559,Instalador Auxiliar Externo,Trucks Control,failed|wp_post_failed,2026-08-11T05:24:05.992444,
dd9c098e3d9ba83f,https://br.linkedin.com/jobs/view/repositor-de-mercadorias-guaiba-rs-at-grupo-mazzini-administracao-e-empreitas-4452194117,Repositor de Mercadorias -  Guaiba - RS,,scraped,2026-08-11T05:24:16.796298,
7db6da60bf2eb7d0,https://br.linkedin.com/jobs/view/coordinator-mgm-italia-at-cosine-italy-4449507700,Coordinator | MGM | Italia,,scraped,2026-08-11T05:25:18.084698,
c5afe2debb40c64d,https://br.linkedin.com/jobs/view/auxiliar-de-produ%C3%A7%C3%A3o-at-jobbol-4452141913,Auxiliar de Produção,,scraped,2026-08-11T05:25:57.284482,
a3b4af285b655a6f,https://br.linkedin.com/jobs/view/sales-promoter-telefonia-mediaworld-tavagnacco-udine-at-cosine-italy-4448968750,SALES PROMOTER TELEFONIA | MEDIAWORLD TAVAGNACCO | UDINE,,scraped,2026-08-11T05:26:05.093305,
3a8697d174d1e337,https://br.linkedin.com/jobs/view/sales-ambassador-verbano-cusio-ossola-at-cosine-italy-4448808946,SALES AMBASSADOR | VERBANO-CUSIO-OSSOLA,,scraped,2026-08-11T05:26:21.708940,
194f6a446987ef1a,https://br.linkedin.com/jobs/view/promoter-cc-vibo-center-vibo-valentia-at-cosine-italy-4448051501,PROMOTER | CC VIBO CENTER | VIBO VALENTIA,,scraped,2026-08-11T05:27:31.996605,
88189670a4ae54cc,https://br.linkedin.com/jobs/view/sales-ambassador-la-spezia-at-cosine-italy-4448812485,SALES AMBASSADOR | LA SPEZIA,,scraped,2026-08-11T05:27:42.753815,
77c3eb42621fc304,https://br.linkedin.com/jobs/view/sales-ambassador-trapani-at-cosine-italy-4448826246,SALES AMBASSADOR | TRAPANI,,scraped,2026-08-11T05:27:49.571252,
571c9ee62595d1ab,https://br.linkedin.com/jobs/view/promotor-i-bento-gon%C3%A7alves-rs-at-brit%C3%A2nia-eletrodom%C3%A9sticos-4452107195,Promotor I - Bento Gonçalves/RS,,scraped,2026-08-11T05:28:48.370733,
72b1292f92706f5c,https://br.linkedin.com/jobs/view/auxiliar-de-montagem-at-d-zainer-4452071323,Auxiliar de Montagem,,scraped,2026-08-11T05:29:23.448798,
ab32f6c3a2ee6e2b,https://br.linkedin.com/jobs/view/canoas-auxiliar-de-log%C3%ADstica%0Acanoas-rs%0Afull-time-employee-at-posfrio-refrigeracao-4452084977,"Canoas - Auxiliar de Logística
Canoas - RS
Full-time employee",Posfrio Refrigeracao,failed|wp_post_failed,2026-08-11T05:30:28.030674,
02a37af2a40a993a,https://br.linkedin.com/jobs/view/team-leader-horeca-eventi-napoli-at-cosine-italy-4448965750,Team Leader | Horeca - Eventi | Napoli,,scraped,2026-08-11T05:31:26.690680,
56216c8241c5a166,https://br.linkedin.com/jobs/view/sales-ambassador-firenze-at-cosine-italy-4449599200,SALES AMBASSADOR | FIRENZE,,scraped,2026-08-11T05:31:41.411083,
ff6af184eb1629f8,https://br.linkedin.com/jobs/view/sales-promoter-telefonia-mediaworld-viale-troya-milano-at-cosine-italy-4448979574,SALES PROMOTER TELEFONIA | MEDIAWORLD VIALE TROYA | MILANO,,scraped,2026-08-11T05:31:47.830740,
aebb916f5c6ae7e3,https://br.linkedin.com/jobs/view/montador-hidr%C3%A1ulico-at-jobbol-4452161024,Montador Hidráulico,,scraped,2026-08-11T05:32:04.219686,
e19e90726e81ff22,https://br.linkedin.com/jobs/view/retail-specialist-ferrara-at-cosine-italy-4448049563,Retail Specialist | Ferrara,,scraped,2026-08-11T07:20:13.522049,
6b76696139d38289,https://br.linkedin.com/jobs/view/retail-specialist-forl%C3%AC-cesena-at-cosine-italy-4448037584,Retail Specialist | Forlì Cesena,,scraped,2026-08-11T07:21:23.872078,
5671ae877fb60ecb,https://br.linkedin.com/jobs/view/auxiliar-de-limpeza-%E2%80%93-alvorada-%E2%80%93-rs-alvorada-inscri%C3%A7%C3%B5es-abertas-at-jose-itamar-dos-santos-penteado-4449506092,Auxiliar de Limpeza – Alvorada – RS - Alvorada - Inscrições Abertas,Jose Itamar Dos Santos Penteado,failed|wp_post_failed,2026-08-11T07:21:52.725134,
1af2dd0ecbe18220,https://br.linkedin.com/jobs/view/oficial-manutencao-predial-canoas-inscri%C3%A7%C3%B5es-abertas-at-manuservicers-4449289909,Oficial Manutencao Predial - Canoas - Inscrições Abertas,ManuServiceRS,failed|wp_post_failed,2026-08-11T07:22:12.605361,
b1e681f3f028bbe1,https://br.linkedin.com/jobs/view/vaga-para-promotor-a-caxias-do-sul-caxias-do-sul-inscri%C3%A7%C3%B5es-abertas-at-severas-merchandising-4446630008,Vaga para Promotor (A) Caxias do Sul - Caxias do Sul - Inscrições Abertas,Severas Merchandising,failed|wp_post_failed,2026-08-11T07:24:15.381995,
9a8c145527316432,https://br.linkedin.com/jobs/view/retail-specialist-genova-at-cosine-italy-4448044596,Retail Specialist | Genova,,scraped,2026-08-11T07:24:17.901043,
5df99565f51851ce,https://br.linkedin.com/jobs/view/promotor-tr%C3%AAs-coroas-vaga-atualizada-at-severas-merchandising-4449299383,Promotor - Três Coroas - Vaga Atualizada,Severas Merchandising,failed|wp_post_failed,2026-08-11T07:26:30.707482,
bd17e955fa7672fe,https://br.linkedin.com/jobs/view/promotor-porto-alegre-porto-alegre-inscri%C3%A7%C3%B5es-abertas-at-severas-merchandising-4446625169,Promotor - Porto Alegre - Porto Alegre - Inscrições Abertas,Severas Merchandising,failed|wp_post_failed,2026-08-11T07:28:32.600230,
a96250328eb1f300,https://br.linkedin.com/jobs/view/pizzaiolo-at-jobbol-4451325215,Pizzaiolo,Jobbol,failed|wp_post_failed,2026-08-11T07:29:14.577830,
dccaa566064fbcd8,https://br.linkedin.com/jobs/view/degustador-a-porto-alegre-e-grande-porto-alegre-vaga-atualizada-at-severas-merchandising-4446621212,Degustador (A) - Porto Alegre e Grande Porto Alegre - Vaga Atualizada,Severas Merchandising,failed|wp_post_failed,2026-08-11T07:31:20.579403,
d5cb1da0ff948cd2,https://br.linkedin.com/jobs/view/promotor-novo-hamburgo-vaga-atualizada-at-severas-merchandising-4446619237,Promotor - Novo Hamburgo - Vaga Atualizada,Severas Merchandising,failed|wp_post_failed,2026-08-11T07:32:21.471372,
1c6c333d9ca9df27,https://br.linkedin.com/jobs/view/tratorista-%E2%80%93-porto-alegre-%E2%80%93-rs-porto-alegre-inscri%C3%A7%C3%B5es-abertas-at-desenfecsul-limpadora-e-conservadora-de-pr%C3%A9dios-ltda-4446616386,Tratorista – Porto Alegre – RS - Porto Alegre - Inscrições Abertas,Desenfecsul Limpadora e Conservadora de Prédios LTDA.,failed|wp_post_failed,2026-08-11T07:33:13.503787,
26fe4758fe563131,https://br.linkedin.com/jobs/view/tratorista-%E2%80%93-porto-alegre-%E2%80%93-rs-vaga-atualizada-at-desenfecsul-limpadora-e-conservadora-de-pr%C3%A9dios-ltda-4446606990,Tratorista – Porto Alegre – RS - Vaga Atualizada,Desenfecsul Limpadora e Conservadora de Prédios LTDA.,failed|wp_post_failed,2026-08-11T07:33:48.631702,
34561973b4795426,https://br.linkedin.com/jobs/view/montador-higienista-%E2%80%93-porto-alegre-%E2%80%93-rs-porto-alegre-inscri%C3%A7%C3%B5es-abertas-at-sogipa-4448735601,Montador Higienista – Porto Alegre – RS - Porto Alegre - Inscrições Abertas,,scraped,2026-08-11T07:33:53.269971,
a32e6d042b284898,https://br.linkedin.com/jobs/view/expedidor-de-confec%C3%A7%C3%A3o-i-at-pettenati-s-a-ind%C3%BAstria-t%C3%AAxtil-4452069285,Expedidor de Confecção I,Pettenati S.A. Indústria Têxtil,failed|wp_post_failed,2026-08-11T07:34:22.071515,
3fbd41be7fcd8501,https://br.linkedin.com/jobs/view/servi%C3%A7os-gerais-p%C3%A1tio-at-solutions-rh-4452126358,Serviços Gerais Pátio,Solutions RH,failed|wp_post_failed,2026-08-11T07:35:08.778774,
d4761d6b1eb90b1e,https://br.linkedin.com/jobs/view/almoxarife-at-bento-empregos-4451495038,Almoxarife,,scraped,2026-08-11T07:35:11.469868,
e84ca75fc1cfc95b,https://br.linkedin.com/jobs/view/auxiliar-de-transporte-%E2%80%93-alvorada-%E2%80%93-rs-alvorada-inscri%C3%A7%C3%B5es-abertas-at-desentupidora-ultratec-4446617246,Auxiliar de Transporte – Alvorada – RS - Alvorada - Inscrições Abertas,,scraped,2026-08-11T07:35:37.122393,
a782a63cac0a5974,https://br.linkedin.com/jobs/view/banco-de-talentos-para-pessoas-lgbtqiapn%2B-at-arezzo-co-4332004112,Banco de Talentos para Pessoas LGBTQIAPN+,,scraped,2026-08-11T07:35:47.224908,
aca72797b13d1405,https://br.linkedin.com/jobs/view/auxiliar-de-servicos-gerais-at-marista-brasil-4451450538,AUXILIAR DE SERVICOS GERAIS,Marista Brasil,failed|wp_post_failed,2026-08-11T07:36:15.333628,
ce6a123892ad2aac,https://br.linkedin.com/jobs/view/facilities-at-dgt-tecnologias-e-solu%C3%A7%C3%B5es-4451558929,FACILITIES,,scraped,2026-08-11T07:36:21.976501,
7e96b4687d2948ca,https://br.linkedin.com/jobs/view/repositor-de-mercadorias-esteio-rs-at-grupo-mazzini-administracao-e-empreitas-4452069885,Repositor de Mercadorias -  Esteio - RS,,scraped,2026-08-11T07:36:37.472349,
78ff0e36cdf5fac6,https://br.linkedin.com/jobs/view/t%C3%A9cnico-a-manuten%C3%A7%C3%A3o-lajeado-rs-at-mbrf-4451543753,Técnico (a) Manutenção - Lajeado RS,MBRF,failed|wp_post_failed,2026-08-11T07:38:09.352697,
140c55adef9bd778,https://br.linkedin.com/jobs/view/estoquista-at-me-linda-cosm%C3%A9ticos-4452064967,Estoquista,,scraped,2026-08-11T07:38:20.282494,
e53cde60f207a116,https://br.linkedin.com/jobs/view/agente-de-monitoramento-vaga-atualizada-at-graber-sistemas-de-seguran%C3%A7a-4449291765,Agente de Monitoramento - Vaga Atualizada,Graber Segurança,failed|wp_post_failed,2026-08-11T07:39:23.906754,
4b51b673cf4e606e,https://br.linkedin.com/jobs/view/matrizeiro-at-silpa-pe%C3%A7as-e-equipamentos-ltda-4451400759,Matrizeiro,,scraped,2026-08-11T07:39:28.549931,
674d9f28c8ac2581,https://br.linkedin.com/jobs/view/cxs-auxiliar-de-expedi%C3%A7%C3%A3o-at-transportes-panex-4452072261,Cxs - Auxiliar de Expedição,Transportes Panex,failed|wp_post_failed,2026-08-11T07:40:18.661562,
9ba05c6f6dc810b5,https://br.linkedin.com/jobs/view/vendedor-at-magalu-4405471766,VENDEDOR,Magalu,failed|wp_post_failed,2026-08-11T07:40:52.158667,
b91e95be17f0528a,https://br.linkedin.com/jobs/view/auxiliar-de-pizzaiolo-at-jobbol-4451864773,Auxiliar de Pizzaiolo,,scraped,2026-08-11T07:41:12.784173,
f3cdce6965890473,https://br.linkedin.com/jobs/view/auxiliar-de-servi%C3%A7os-gerais-at-jobbol-4451334489,Auxiliar de Serviços Gerais,,scraped,2026-08-11T07:41:20.542617,
92c51b29011bec17,https://br.linkedin.com/jobs/view/auxiliar-de-servi%C3%A7os-gerais-vaga-atualizada-at-desenfecsul-limpadora-e-conservadora-de-pr%C3%A9dios-ltda-4449289880,Auxiliar de Serviços Gerais - Vaga Atualizada,Desenfecsul Limpadora e Conservadora de Prédios LTDA.,failed|wp_post_failed,2026-08-11T07:44:03.516773,
b4104ac8f001863f,https://br.linkedin.com/jobs/view/auxiliar-de-transporte-desentupidora-%E2%80%93-alvorada-%E2%80%93-rs-vaga-atualizada-at-desentupidora-ultratec-4446616332,Auxiliar de Transporte Desentupidora – Alvorada – RS - Vaga Atualizada,,scraped,2026-08-11T07:44:10.257576,
c563c3fedefcc4e0,https://br.linkedin.com/jobs/view/sales-ambassador-bologna-at-cosine-italy-4449813144,SALES AMBASSADOR | BOLOGNA,,scraped,2026-08-11T07:45:08.194539,
44b741e1c20519fe,https://br.linkedin.com/jobs/view/repositor-de-mercadorias-bento-gon%C3%A7alves-rs-at-grupo-mazzini-administracao-e-empreitas-4452114520,Repositor de Mercadorias - Bento Gonçalves  - RS,,scraped,2026-08-11T07:45:15.106342,
0be867f49ce18e64,https://br.linkedin.com/jobs/view/repositor-hortifruti-at-grupo-passarela-4451413626,Repositor Hortifruti,Grupo Passarela,failed|wp_post_failed,2026-08-11T07:45:49.877556,
6c3b931b29c448a6,https://br.linkedin.com/jobs/view/sales-ambassador-torino-at-cosine-italy-4449810230,SALES AMBASSADOR | TORINO,,scraped,2026-08-11T07:45:56.593047,
be5b5266853b5514,https://br.linkedin.com/jobs/view/agente-analista-de-rh-canoas-inscri%C3%A7%C3%B5es-abertas-at-manuservicers-4449502287,Agente Analista de RH - Canoas - Inscrições Abertas,ManuServiceRS,failed|wp_post_failed,2026-08-11T07:47:25.759462,
8dc88a4b372c761d,https://br.linkedin.com/jobs/view/atendente-externo-%E2%80%93-gravata%C3%AD-%E2%80%93-rs-gravata%C3%AD-inscri%C3%A7%C3%B5es-abertas-at-graber-sistemas-de-seguran%C3%A7a-4449295716,Atendente Externo – Gravataí – RS - Gravataí - Inscrições Abertas,Graber Segurança,failed|wp_post_failed,2026-08-11T07:49:27.618792,
160aedadd0af9bb9,https://br.linkedin.com/jobs/view/auxiliar-de-estoque-at-cns-sapatos-4452070911,Auxiliar de Estoque,,scraped,2026-08-11T07:50:16.227350,
0d8588a3ddb5dda3,https://br.linkedin.com/jobs/view/coordenador-de-frente-de-caixa-at-grupo-passarela-4451198893,Coordenador de Frente de Caixa,Grupo Passarela,failed|wp_post_failed,2026-08-11T07:53:24.329486,
140ebc7564fd64fb,https://br.linkedin.com/jobs/view/recepcionista-at-sogipa-4451583226,Recepcionista,,scraped,2026-08-11T07:53:38.927062,
a286f3ce21d104e9,https://br.linkedin.com/jobs/view/auxiliar-de-eletricista-at-docile-alimentos-ltda-4450346911,Auxiliar de Eletricista,,scraped,2026-08-11T07:54:00.356775,
171b8b0c999ab35e,https://br.linkedin.com/jobs/view/analista-pleno-de-treinamento-de-equipamentos-mercado-envios-at-mercado-livre-brasil-4449218774,Analista Pleno de Treinamento de Equipamentos - Mercado Envios,,scraped,2026-08-11T07:55:11.117000,
717db85fcccd2f89,https://br.linkedin.com/jobs/view/l%C3%ADder-de-meio-ambiente-at-companhia-minuano-de-alimentos-4446693870,LÍDER DE MEIO AMBIENTE,,scraped,2026-08-11T07:55:17.632083,
719b1db1981521ae,https://br.linkedin.com/jobs/view/auxiliar-de-seguran%C3%A7a-eletr%C3%B4nica-central-de-monitoramento-at-grendene-s-a-4449273436,Auxiliar de Segurança Eletrônica | Central de Monitoramento,,scraped,2026-08-11T07:57:35.429350,
b7fc7283b1cc3809,https://br.linkedin.com/jobs/view/operador-painel-montenegro-rs-at-agrogen-desenvolvimento-gen%C3%A9tico-s-a-4449305976,Operador Painel - Montenegro/RS,,scraped,2026-08-11T07:58:47.554499,
58937fec638fdf14,https://br.linkedin.com/jobs/view/mecanico-leve-i-rs-at-mercurio-4450531713,MECANICO LEVE I - RS,Mercurio,failed|wp_post_failed,2026-08-11T08:00:19.011811,
29a60a16a407193a,https://br.linkedin.com/jobs/view/kdm-at-docile-alimentos-ltda-4450361122,KDM,,scraped,2026-08-11T08:00:21.662179,
4d684a4260f56b76,https://br.linkedin.com/jobs/view/farmac%C3%AAutico-a-pp-bento-gon%C3%A7alves-marechal-at-clamed-cia-latino-americana-de-medicamentos-4448474774,Farmacêutico(a) - PP BENTO GONÇALVES MARECHAL,,scraped,2026-08-11T08:02:37.461678,
24cb824fabfad8b0,https://br.linkedin.com/jobs/view/engenheiro-or%C3%A7amentista-at-lojas-renner-s-a-4450727793,Engenheiro Orçamentista,,scraped,2026-08-11T08:03:49.125556,
a334f8c7bd9e6fbf,https://br.linkedin.com/jobs/view/pr%C3%A9-venda-%E2%80%93-porto-alegre-%E2%80%93-rs-porto-alegre-inscri%C3%A7%C3%B5es-abertas-at-ric-komeco-4446608463,Pré Venda – Porto Alegre – RS - Porto Alegre - Empregos em Destaque,,scraped,2026-08-11T08:03:58.375343,
c65034d8b2cce25d,https://br.linkedin.com/jobs/view/operador-de-m%C3%A1quina-de-envase-at-jobbol-4452153391,Operador de Máquina de Envase,,scraped,2026-08-11T08:05:45.344000,
e60f9b5770112c59,https://br.linkedin.com/jobs/view/auxiliar-de-manuten%C3%A7%C3%A3o-at-jobbol-4452163012,Auxiliar de Manutenção,,scraped,2026-08-11T08:06:58.810421,
ced5753fc4192d56,https://br.linkedin.com/jobs/view/inspetor-da-qualidade-rs-at-pertencer-desenvolvimento-humano-e-organizacional-4450537579,Inspetor da Qualidade - RS,Pertencer Desenvolvimento Humano e Organizacional,failed|wp_post_failed,2026-08-11T08:09:09.125381,
1c20b9db91e4844c,https://br.linkedin.com/jobs/view/desenhista-or%C3%A7amentista-bsa-rs-rs-at-grupo-bertolini-4450549069,Desenhista Orçamentista BSA - RS - RS,Grupo Bertolini,failed|wp_post_failed,2026-08-11T08:10:05.901386,
3872ce88135ecce9,https://br.linkedin.com/jobs/view/operador-de-m%C3%A1quina-i-estamparia-rs-at-pertencer-desenvolvimento-humano-e-organizacional-4450546315,Operador de Máquina I Estamparia - RS,Pertencer Desenvolvimento Humano e Organizacional,failed|wp_post_failed,2026-08-11T08:12:07.242255,
df17d0bc2caa2c8c,https://br.linkedin.com/jobs/view/auxiliar-de-produ%C3%A7%C3%A3o-rs-at-cursor-4450540371,Auxiliar de produção - RS,,scraped,2026-08-11T08:12:09.963957,
3fb343d573ef996e,https://br.linkedin.com/jobs/view/rappresentante-commerciale-sul-territorio-brindisi-at-cosine-italy-4448040567,RAPPRESENTANTE COMMERCIALE SUL TERRITORIO | BRINDISI,,scraped,2026-08-11T08:12:16.085412,
301cb2a17fe75905,https://br.linkedin.com/jobs/view/eletricista-predial-%E2%80%93-canoas-%E2%80%93-rs-vaga-atualizada-at-manuservicers-4449292813,Eletricista Predial – Canoas – RS - Profissionais Solicitados,ManuServiceRS,failed|wp_post_failed,2026-08-11T08:12:36.745445,
dab69e78a6b7b984,https://br.linkedin.com/jobs/view/inspetor-de-qualidade-turno-rs-at-pertencer-desenvolvimento-humano-e-organizacional-4450550080,Inspetor de Qualidade turno - RS,Pertencer Desenvolvimento Humano e Organizacional,failed|wp_post_failed,2026-08-11T08:14:36.573974,
16513258085416ba,https://br.linkedin.com/jobs/view/assistente-de-pcp-at-jobbol-4451874583,Assistente de PCP,,scraped,2026-08-11T08:14:39.197185,
56a88a47b16337b2,https://br.linkedin.com/jobs/view/auxiliar-de-manuten%C3%A7%C3%A3o-de-ar-condicionado-at-jobbol-4451884389,Auxiliar de Manutenção de Ar-Condicionado,,scraped,2026-08-11T08:15:52.578068,
981e5e5722439258,https://br.linkedin.com/jobs/view/terapeuta-ocupacional-at-tomasi-rh-4449797708,Terapeuta Ocupacional,,scraped,2026-08-11T08:17:03.552958,
89a8a5357a131178,https://br.linkedin.com/jobs/view/monitor-at-rek-parking-4451406393,monitor,,scraped,2026-08-11T09:05:37.014007,
5ea40d86608e18ab,https://br.linkedin.com/jobs/view/repositor-ii-at-supermercados-andreazza-4451408639,Repositor II,,scraped,2026-08-11T09:05:58.821035,
df87ca2a01fe2555,https://br.linkedin.com/jobs/view/bibliotec%C3%A1ria-escolar-alvorada-empregos-em-destaque-at-jose-itamar-dos-santos-penteado-4449286859,Bibliotecária Escolar - Alvorada - Empregos em Destaque,Jose Itamar Dos Santos Penteado,failed|wp_post_failed,2026-08-11T09:06:25.729479,
993fff1cfbc8bfd8,https://br.linkedin.com/jobs/view/oficial-manutencao-predial-canoas-empregos-em-destaque-at-manuservicers-4449289909,Oficial Manutencao Predial - Canoas - Empregos em Destaque,ManuServiceRS,failed|wp_post_failed,2026-08-11T09:06:42.706155,
e3a8ee53bdc64768,https://br.linkedin.com/jobs/view/polidor-de-a%C3%A7o-inox-gravata%C3%AD-profissionais-solicitados-at-db-4452421164,Polidor de Aço Inox - Gravataí. - Profissionais Solicitados,,scraped,2026-08-11T09:06:47.411582,
9ddf70861b1bef9a,https://br.linkedin.com/jobs/view/marceneiro-porto-alegre-empregos-em-destaque-at-desenfecsul-limpadora-e-conservadora-de-pr%C3%A9dios-ltda-4449286823,Marceneiro - Porto Alegre - Empregos em Destaque,Desenfecsul Limpadora e Conservadora de Prédios LTDA.,failed|wp_post_failed,2026-08-11T09:08:39.925323,
d71fd0080c09cc34,https://br.linkedin.com/jobs/view/agente-di-zona-at-best-of-rent-agenzia-leasys-4451466939,AGENTE DI ZONA,,scraped,2026-08-11T09:09:04.582907,
da810efbdddab623,https://br.linkedin.com/jobs/view/%C3%A1reas-comerciais-at-prog%C3%A1s-braesi-4451415590,Áreas Comerciais,Progás &amp; Braesi,failed|wp_post_failed,2026-08-11T09:10:36.905439,
41371353cd096cfe,https://br.linkedin.com/jobs/view/retail-specialist-bergamo-at-cosine-italy-4448055502,Retail Specialist | Bergamo,,scraped,2026-08-11T09:10:39.539616,
e5597162e97c5650,https://br.linkedin.com/jobs/view/montador-de-forma-at-jobbol-4452159115,Montador de Forma,,scraped,2026-08-11T09:11:49.865154,
1634b3167f4df62b,https://br.linkedin.com/jobs/view/retail-specialist-teramo-at-cosine-italy-4448049567,Retail Specialist | Teramo,,scraped,2026-08-11T09:11:59.289698,
5e55b4bfd5661769,https://br.linkedin.com/jobs/view/retail-specialist-imperia-at-cosine-italy-4448042548,Retail Specialist | Imperia,,scraped,2026-08-11T09:13:09.480072,
96fccb17faf7a471,https://br.linkedin.com/jobs/view/auxiliar-de-limpeza-alvorada-empregos-em-destaque-at-jose-itamar-dos-santos-penteado-4449291758,Auxiliar de Limpeza - Alvorada - Empregos em Destaque,Jose Itamar Dos Santos Penteado,failed|wp_post_failed,2026-08-11T09:15:09.888951,
488f80f659541aef,https://br.linkedin.com/jobs/view/oficial-manutencao-predial-profissionais-solicitados-at-manuservicers-4449503179,Oficial Manutencao Predial - Profissionais Solicitados,ManuServiceRS,failed|wp_post_failed,2026-08-11T09:15:26.230962,
97582d05554570f0,https://br.linkedin.com/jobs/view/caldeireiro-%E2%80%93-gua%C3%ADba-%E2%80%93-rs-profissionais-solicitados-at-manuservicers-4449502235,Caldeireiro – Guaíba – RS - Profissionais Solicitados,ManuServiceRS,failed|wp_post_failed,2026-08-11T09:15:44.206030,
957709bb14b58df6,https://br.linkedin.com/jobs/view/empacotador-at-supermercados-andreazza-4452067317,Empacotador,,scraped,2026-08-11T09:16:10.792708,
80d60e68896c0cbf,https://br.linkedin.com/jobs/view/lubrificador-industrial-%E2%80%93-cachoeirinha-cachoeirinha-empregos-em-destaque-at-manuservicers-4449290813,Lubrificador Industrial – Cachoeirinha - Cachoeirinha - Empregos em Destaque,ManuServiceRS,failed|wp_post_failed,2026-08-11T09:16:37.599593,
42d30b2881025221,https://br.linkedin.com/jobs/view/lubrificador-industrial-%E2%80%93-cachoeirinha-profissionais-solicitados-at-manuservicers-4449505134,Lubrificador Industrial – Cachoeirinha - Profissionais Solicitados,ManuServiceRS,failed|wp_post_failed,2026-08-11T09:17:17.111620,
4caadd6eaf30bae5,https://br.linkedin.com/jobs/view/montador-at-saro-equipamentos-site-oficial-4451406679,Montador,SARO Equipamentos - Site Oficial,failed|wp_post_failed,2026-08-11T09:17:56.362863,
947037def43a4bd5,https://br.linkedin.com/jobs/view/auxiliar-de-servi%C3%A7os-gerais-profissionais-solicitados-at-desenfecsul-limpadora-e-conservadora-de-pr%C3%A9dios-ltda-4449289880,Auxiliar de Serviços Gerais - Profissionais Solicitados,Desenfecsul Limpadora e Conservadora de Prédios LTDA.,failed|wp_post_failed,2026-08-11T09:18:21.694122,
d87bd0fd5274e215,https://br.linkedin.com/jobs/view/agente-de-monitoramento-profissionais-solicitados-at-graber-sistemas-de-seguran%C3%A7a-4449291765,Agente de Monitoramento - Profissionais Solicitados,,scraped,2026-08-11T09:19:22.334743,
d181f7593302bb1f,https://br.linkedin.com/jobs/view/operador-monitoramento-eletr%C3%B4nico-38569-at-g4s-4452160379,OPERADOR MONITORAMENTO ELETRÔNICO - 38569,G4S,failed|wp_post_failed,2026-08-11T09:23:11.405166,
83300e35e3dc1a7e,https://br.linkedin.com/jobs/view/auxiliar-de-servi%C3%A7os-gerais-porto-alegre-empregos-em-destaque-at-pequena-casa-da-crian%C3%A7a-4449286831,Auxiliar de Serviços Gerais - Porto Alegre - Empregos em Destaque,,scraped,2026-08-11T09:23:14.086376,
e587a7d332d15813,https://br.linkedin.com/jobs/view/oficial-de-manuten%C3%A7%C3%A3o-predial-canoas-empregos-em-destaque-at-desenfecsul-limpadora-e-conservadora-de-pr%C3%A9dios-ltda-4449299411,Oficial de Manutenção Predial - Canoas - Empregos em Destaque,Desenfecsul Limpadora e Conservadora de Prédios LTDA.,failed|wp_post_failed,2026-08-11T09:24:17.439449,
8e83121c388f6bb5,https://br.linkedin.com/jobs/view/almoxarife-at-jobbol-4451539704,Almoxarife,,scraped,2026-08-11T09:25:00.187593,
89ce6fe38ba33001,https://br.linkedin.com/jobs/view/oficial-de-manuten%C3%A7%C3%A3o-predial-profissionais-solicitados-at-desenfecsul-limpadora-e-conservadora-de-pr%C3%A9dios-ltda-4449298548,Oficial de Manutenção Predial - Profissionais Solicitados,Desenfecsul Limpadora e Conservadora de Prédios LTDA.,failed|wp_post_failed,2026-08-11T09:26:30.304873,
567619102b81e12b,https://br.linkedin.com/jobs/view/agente-analista-de-rh-canoas-empregos-em-destaque-at-manuservicers-4449502287,Agente Analista de RH - Canoas - Empregos em Destaque,ManuServiceRS,failed|wp_post_failed,2026-08-11T09:27:29.129656,
52100f2a2f1e7ed9,https://br.linkedin.com/jobs/view/gar%C3%A7om-%E2%80%93-turno-tarde-%E2%80%93-porto-alegre-%E2%80%93-rs-nova-vaga-dispon%C3%ADvel-at-buscarvagas-empregos-brasil-4452419204,Garçom – Turno Tarde – Porto Alegre – RS - Nova Vaga Disponível,,scraped,2026-08-11T09:27:33.723792,
5932237dfad2a288,https://br.linkedin.com/jobs/view/agente-analista-de-rh-profissionais-solicitados-at-manuservicers-4449290749,Agente Analista de RH - Profissionais Solicitados,ManuServiceRS,failed|wp_post_failed,2026-08-11T09:29:43.369567,
964c0b8a1777055a,https://br.linkedin.com/jobs/view/vendedor-at-hey-peppers%21-4452079366,Vendedor,,scraped,2026-08-11T09:30:06.292258,
5a938a6411e5bd4e,https://br.linkedin.com/jobs/view/serralheiro-%E2%80%93-gua%C3%ADba-%E2%80%93-rs-profissionais-solicitados-at-manuservicers-4449289899,Serralheiro – Guaíba – RS - Profissionais Solicitados,ManuServiceRS,failed|wp_post_failed,2026-08-11T09:31:26.189582,
40c43bca79791ce4,https://br.linkedin.com/jobs/view/sales-ambassador-milano-est-at-cosine-italy-4449807190,SALES AMBASSADOR | MILANO EST,,scraped,2026-08-11T09:31:52.744658,
1a11f70a81dcfe1d,https://br.linkedin.com/jobs/view/sales-ambassador-at-cosine-italy-4448046563,SALES AMBASSADOR,,scraped,2026-08-11T09:32:11.726427,
28c589432ad959d4,https://br.linkedin.com/jobs/view/atendente-interno-de-alarmes-%E2%80%93-gravata%C3%AD-%E2%80%93-rs-profissionais-solicitados-at-graber-sistemas-de-seguran%C3%A7a-4449291781,Atendente Interno de Alarmes – Gravataí – RS - Profissionais Solicitados,,scraped,2026-08-11T09:32:22.318461,
e1b31b3ea31c38a0,https://br.linkedin.com/jobs/view/profissional-de-apoio-porto-alegre-empregos-em-destaque-at-pequena-casa-da-crian%C3%A7a-4448736689,Profissional de Apoio - Porto Alegre - Empregos em Destaque,,scraped,2026-08-11T09:32:57.684967,
cd62256035d9bfca,https://br.linkedin.com/jobs/view/atendente-interno-de-alarmes-%E2%80%93-gravata%C3%AD-%E2%80%93-rs-gravata%C3%AD-empregos-em-destaque-at-graber-sistemas-de-seguran%C3%A7a-4449286805,Atendente Interno de Alarmes – Gravataí – RS - Gravataí - Empregos em Destaque,,scraped,2026-08-11T09:34:55.636052,
60b66895d57e507d,https://br.linkedin.com/jobs/view/auxiliar-de-expedi%C3%A7%C3%A3o-at-player-consultoria-4452122499,Auxiliar de Expedição,Player Consultoria,failed|wp_post_failed,2026-08-11T09:36:22.651316,
17bf01f999cb1c8e,https://br.linkedin.com/jobs/view/auxiliar-de-carga-e-descarga-porto-alegre-empregos-em-destaque-at-transportes-rodovia-sul-4447376372,Auxiliar de Carga e Descarga - Porto Alegre - Empregos em Destaque,,scraped,2026-08-11T09:36:27.396012,
d5624175fb8d2e05,https://br.linkedin.com/jobs/view/farmac%C3%AAutico-a-bento-gon%C3%A7alves-rs-at-rede-de-farm%C3%A1cias-s%C3%A3o-jo%C3%A3o-4448422010,Farmacêutico(a) - Bento Gonçalves/RS,,scraped,2026-08-11T09:38:05.492649,
a800236286e1025c,https://br.linkedin.com/jobs/view/analista-de-pcp-pleno-at-janaina-bernardo-recursos-humanos-4449761559,Analista de PCP PLENO,Janaina Bernardo | Recursos Humanos,failed|wp_post_failed,2026-08-11T09:40:40.152440,
37316db86fbbff65,https://br.linkedin.com/jobs/view/professor-de-educa%C3%A7%C3%A3o-f%C3%ADsica-%E2%80%93-alvorada-%E2%80%93-rs-alvorada-empregos-em-destaque-at-jose-itamar-dos-santos-penteado-4449501322,Professor de Educação Física – Alvorada – RS - Alvorada - Empregos em Destaque,Jose Itamar Dos Santos Penteado,failed|wp_post_failed,2026-08-11T09:40:56.565025,
25139a3acf4f7b51,https://br.linkedin.com/jobs/view/atendente-comercial-canoas-empregos-em-destaque-at-unisuper-4452406480,Atendente Comercial - Canoas - Empregos em Destaque,UniSuper,failed|wp_post_failed,2026-08-11T09:41:20.845455,
1fc75294caf6b85d,https://br.linkedin.com/jobs/view/operador-de-empilhadeira-rs-at-grupo-imec-4450529759,Operador de empilhadeira - RS,,scraped,2026-08-11T09:41:31.538598,
ee2473f4b367fbd0,https://br.linkedin.com/jobs/view/operador-de-ponte-rolante-at-grupo-a%C3%A7otubo-4448046361,Operador de Ponte Rolante,,scraped,2026-08-11T09:42:42.280393,
5b5c9ec152762125,https://br.linkedin.com/jobs/view/auxiliar-de-qualidade-turno-2-at-unifertil-4448481296,Auxiliar de Qualidade (Turno 2),,scraped,2026-08-11T09:43:52.499348,
f4699de0f78e19d6,https://br.linkedin.com/jobs/view/assistente-de-programa%C3%A7%C3%A3o-log%C3%ADstica-rs-at-giordani-turismo-ltda-4450532882,Assistente de Programação Logística - RS,Giordani Turismo Ltda,failed|wp_post_failed,2026-08-11T09:45:18.191770,
a737250da298a27f,https://br.linkedin.com/jobs/view/auxiliar-de-dep%C3%B3sito-entregas-at-superlegal-brinquedos-4452183299,Auxiliar de Depósito/Entregas,Superlegal Brinquedos,failed|wp_post_failed,2026-08-11T09:45:39.818515,
0833db425ebc58db,https://br.linkedin.com/jobs/view/inspetor-de-qualidade-at-mm-office-4449817658,INSPETOR DE QUALIDADE,,scraped,2026-08-11T09:45:42.531728,
8e0ff2ed9e06e05d,https://br.linkedin.com/jobs/view/auxiliar-de-dep%C3%B3sito-at-grupo-lebes-4449912804,Auxiliar de Depósito,Grupo Lebes,failed|wp_post_failed,2026-08-11T09:47:08.890681,
190b1cfb5039edb2,https://br.linkedin.com/jobs/view/operador-de-produ%C3%A7%C3%A3o-tarde-e-noite-at-inbetta-4449826259,OPERADOR DE PRODUÇÃO TARDE E NOITE,,scraped,2026-08-11T09:47:11.630927,
be5b755c52c5857d,https://br.linkedin.com/jobs/view/educador-f%C3%ADsico-at-territorialize-4451403708,EDUCADOR FÍSICO,,scraped,2026-08-11T09:48:22.767538,
8531c3abaf6fd1dc,https://br.linkedin.com/jobs/view/auxiliar-operacional-profissionais-solicitados-at-desenfecsul-limpadora-e-conservadora-de-pr%C3%A9dios-ltda-4449289884,Auxiliar Operacional - Profissionais Solicitados,Desenfecsul Limpadora e Conservadora de Prédios LTDA.,failed|wp_post_failed,2026-08-11T09:49:49.486229,
f94f37c21a22158e,https://br.linkedin.com/jobs/view/motorista-de-carreta-logber-rs-rs-at-grupo-bertolini-4450544283,Motorista de Carreta LOGBER - RS - RS,,scraped,2026-08-11T09:50:18.208584,
75e4eb8995df9b1c,https://br.linkedin.com/jobs/view/sales-ambassador-milano-nord-at-cosine-italy-4449812171,SALES AMBASSADOR MILANO NORD,,scraped,2026-08-11T09:50:25.580656,
bc4b1f3fccc11150,https://br.linkedin.com/jobs/view/auxiliar-de-produ%C3%A7%C3%A3o-bertolini-tubos-rs-rs-at-grupo-bertolini-4450532705,Auxiliar de Produção Bertolini Tubos - RS - RS,,scraped,2026-08-11T09:51:37.827838,
93bd66adbf435693,https://br.linkedin.com/jobs/view/operador-de-supermercado-at-jobbol-4451353303,Operador de Supermercado,,scraped,2026-08-11T09:51:45.286666,
9c4ebb9786e79d0d,https://br.linkedin.com/jobs/view/operador-de-caixa-at-jobbol-4449965177,Operador de Caixa,,scraped,2026-08-11T09:51:53.818758,
1464eb5585b4f9a9,https://br.linkedin.com/jobs/view/auxiliar-de-produ%C3%A7%C3%A3o-portastampos-evviva-rs-rs-at-grupo-bertolini-4450553126,Auxiliar de Produção PortasTampos EVVIVA - RS - RS,,scraped,2026-08-11T09:52:01.043477,
2bffbbbe02f64ce9,https://br.linkedin.com/jobs/view/rappresentante-commerciale-sul-territorio-ancona-at-cosine-italy-4448041553,RAPPRESENTANTE COMMERCIALE SUL TERRITORIO | ANCONA,,scraped,2026-08-11T09:52:08.377884,
12e0927ce1852462,https://br.linkedin.com/jobs/view/operador-log%C3%ADstico-at-jobbol-4451868578,Operador Logístico,,scraped,2026-08-11T09:53:18.574530,
1c632a16930b8b14,https://br.linkedin.com/jobs/view/promoter-telecomunicazioni-cc-la-cartiera-pompei-na-at-cosine-italy-4448058170,PROMOTER TELECOMUNICAZIONI | CC LA CARTIERA | POMPEI | NA,,scraped,2026-08-11T09:54:29.773018,
f4b55b6449bb0960,https://br.linkedin.com/jobs/view/torneiro-mec%C3%A2nico-at-jobbol-4448882395,Torneiro Mecânico,,scraped,2026-08-11T09:54:36.175659,
287632c90c319cc3,https://br.linkedin.com/jobs/view/sales-ambassador-genova-at-cosine-italy-4449820164,SALES AMBASSADOR | GENOVA,,scraped,2026-08-11T09:54:43.719208,
8fbe526b13c931d0,https://br.linkedin.com/jobs/view/supervisor-senior-rs-at-mercurio-4450543004,SUPERVISOR SENIOR - RS,Mercurio,failed|wp_post_failed,2026-08-11T09:55:06.115867,
0091424414b71b87,https://br.linkedin.com/jobs/view/cozinheiro-auxiliar-de-cozinha-caxias-do-sul-rs-at-pertencer-desenvolvimento-humano-e-organizacional-4450538633,Cozinheiro Auxiliar de Cozinha - Caxias do Sul - RS,,scraped,2026-08-11T09:55:08.730724,
52db49639a2f0593,https://br.linkedin.com/jobs/view/auxiliar-de-produ%C3%A7%C3%A3o-embalagem-evviva-rs-rs-at-grupo-bertolini-4450538403,Auxiliar de Produção Embalagem EVVIVA - RS - RS,,scraped,2026-08-11T09:55:18.108845,
f1d2b39a0b55bdd4,https://br.linkedin.com/jobs/view/promoter-telefonia-turno-pomeridiano-euronics-montalto-cosenza-at-cosine-italy-4448057448,PROMOTER TELEFONIA | TURNO POMERIDIANO Euronics MONTALTO | COSENZA,,scraped,2026-08-11T09:55:25.499568,
363006da051c7415,https://br.linkedin.com/jobs/view/atendente-de-balc%C3%A3o-petiskeira-shopping-praia-de-belas-rs-at-petiskeira-restaurantes-4450544091,Atendente de Balcão Petiskeira Shopping Praia de Belas - RS,,scraped,2026-08-11T09:56:35.569742,
1e1d029bb2769891,https://br.linkedin.com/jobs/view/supervisor-a-de-tend%C3%AAncia-e-comportamento-de-consumo-at-grendene-s-a-4451658498,Supervisor(a) de Tendência e Comportamento de Consumo,,scraped,2026-08-11T11:01:13.013378,
4e25ae23d0b40861,https://br.linkedin.com/jobs/view/profissional-aee-porto-alegre-empregos-em-destaque-at-pequena-casa-da-crian%C3%A7a-4448735669,Profissional Aee - Porto Alegre - Empregos em Destaque,,scraped,2026-08-11T11:01:29.487491,
62d885ec0e068192,https://br.linkedin.com/jobs/view/oficial-de-manutencao-predial-profissionais-solicitados-at-manuservicers-4449284968,Oficial de Manutencao Predial - Profissionais Solicitados,ManuServiceRS,failed|wp_post_failed,2026-08-11T11:03:34.943094,
4d1eeedc902f267d,https://br.linkedin.com/jobs/view/dev-oracle-ebs-especialista-segmento-varejista-at-db-4449238414,Dev Oracle EBS Especialista - Segmento Varejista,,scraped,2026-08-11T11:08:09.958029,
c5019cd221313ea4,https://br.linkedin.com/jobs/view/auxiliar-de-produ%C3%A7%C3%A3o-turno-1-at-cartrom-embalagens-4451671439,Auxiliar de Produção- Turno 1,,scraped,2026-08-11T11:08:24.641374,
7b3b4e40a79b96c5,https://br.linkedin.com/jobs/view/farmac%C3%AAutico-a-porto-alegre-at-rd-sa%C3%BAde-4447079827,Farmacêutico(a) - Porto Alegre,RD Saúde,failed|wp_post_failed,2026-08-11T11:10:49.812018,
2aca627834efa2e7,https://br.linkedin.com/jobs/view/recepcionista-masculino-poa-condom%C3%ADnios-bairro-petr%C3%B3polis-rs-at-stv-seguran%C3%A7a-4450534204,Recepcionista masculino POA Condomínios - Bairro Petrópolis - RS,,scraped,2026-08-11T11:10:52.377791,
f5cd91b1f3f058af,https://br.linkedin.com/jobs/view/vendedor-rs-at-selsul-recursos-humanos-4450552018,Vendedor - RS,,scraped,2026-08-11T11:12:02.469238,
caa84708b2d337ec,https://br.linkedin.com/jobs/view/assessor-de-recupera%C3%A7%C3%A3o-de-cr%C3%A9dito-i-unicred-integra%C3%A7%C3%A3o-caxias-do-sul-rs-at-unicred-n%C3%BAcleo-gera%C3%A7%C3%A3o-4448476781,Assessor de Recuperação de Crédito I Unicred Integração - Caxias do Sul/RS,,scraped,2026-08-11T11:13:27.152390,
eb5ac12463031613,https://br.linkedin.com/jobs/view/auxiliar-log%C3%ADstico-i-at-dhl-supply-chain-4447595121,AUXILIAR LOGÍSTICO I,DHL Supply Chain,failed|wp_post_failed,2026-08-11T11:15:30.961191,
46aab5fe48e152e2,https://br.linkedin.com/jobs/view/mediador-presencial-de-ci%C3%AAncias-cont%C3%A1beis-at-anhanguera-educacional-4446690079,Mediador Presencial de Ciências Contábeis,Anhanguera Educacional,failed|wp_post_failed,2026-08-11T11:16:53.739126,
9f7d1cb7252393e3,https://br.linkedin.com/jobs/view/vendedor-at-magalu-4120958639,VENDEDOR,Magalu,failed|wp_post_failed,2026-08-11T11:18:54.033464,
c0bf9d6915b16211,https://br.linkedin.com/jobs/view/sales-ambassador-prato-at-cosine-italy-4449819139,SALES AMBASSADOR | PRATO,,scraped,2026-08-11T11:18:56.901309,
df09b674cbf311e2,https://br.linkedin.com/jobs/view/auxiliar-de-produ%C3%A7%C3%A3o-acabamento-marcenaria-at-cic-empregos-4448597314,Auxiliar de Produção - Acabamento Marcenaria,,scraped,2026-08-11T11:19:19.721299,
450bfc5be3da94ee,https://br.linkedin.com/jobs/view/auxiliar-de-servi%C3%A7os-gerais-profissionais-solicitados-at-desenfecsul-limpadora-e-conservadora-de-pr%C3%A9dios-ltda-4449294722,Auxiliar de Serviços Gerais - Profissionais Solicitados,Desenfecsul Limpadora e Conservadora de Prédios LTDA.,failed|wp_post_failed,2026-08-11T13:18:31.764232,
9172a63e30d4c3fb,https://br.linkedin.com/jobs/view/comprador-at-fasa-by-darling-ingredients-4449849310,Comprador,,scraped,2026-08-11T13:18:52.363092,
37e9d8b968a792b4,https://br.linkedin.com/jobs/view/agente-di-zona-at-best-of-rent-agenzia-leasys-4452448724,AGENTE DI ZONA,,scraped,2026-08-11T13:20:59.177335,
9309eb3da5c33903,https://br.linkedin.com/jobs/view/agente-de-monitoramento-gravata%C3%AD-empregos-em-destaque-at-graber-sistemas-de-seguran%C3%A7a-4449288806,Agente de Monitoramento - Gravataí - Empregos em Destaque,,scraped,2026-08-11T13:21:26.299172,
6db78d7c8611586c,https://br.linkedin.com/jobs/view/sales-ambassador-milano-sud-at-cosine-italy-4449813147,SALES AMBASSADOR | MILANO SUD,,scraped,2026-08-11T13:27:42.100574,
3cf354817b484a57,https://br.linkedin.com/jobs/view/sales-promoter-telefonia-cc-le-rondinelle-brescia-at-cosine-italy-4448973724,SALES PROMOTER TELEFONIA | CC LE RONDINELLE | BRESCIA,,scraped,2026-08-11T13:27:48.720432,
b3806c20bd9263d7,https://br.linkedin.com/jobs/view/sales-promoter-telefonia-cc-il-destriero-vittuone-milano-at-cosine-italy-4448965731,SALES PROMOTER TELEFONIA | CC IL DESTRIERO | VITTUONE | MILANO,,scraped,2026-08-11T13:28:58.695462,
249fe2d4b91500ba,https://br.linkedin.com/jobs/view/profissional-de-apoio-escolar-porto-alegre-empregos-em-destaque-at-pequena-casa-da-crian%C3%A7a-4449292858,Profissional de Apoio Escolar - Porto Alegre - Empregos em Destaque,,scraped,2026-08-11T13:30:16.898792,
c31664c893667268,https://br.linkedin.com/jobs/view/operatore-telefonico-gestione-clienti-at-best-of-rent-agenzia-leasys-4452451278,OPERATORE TELEFONICO / GESTIONE CLIENTI,,scraped,2026-08-11T13:30:48.878599,
ba7641af1a6ecd82,https://br.linkedin.com/jobs/view/eletricista-predial-%E2%80%93-canoas-%E2%80%93-rs-canoas-empregos-em-destaque-at-manuservicers-4449298570,Eletricista Predial – Canoas – RS - Canoas - Empregos em Destaque,ManuServiceRS,failed|wp_post_failed,2026-08-11T13:31:19.595524,
33fc6bb0d43e3fab,https://br.linkedin.com/jobs/view/auxiliar-operacional-eldorado-do-sul-empregos-em-destaque-at-desenfecsul-limpadora-e-conservadora-de-pr%C3%A9dios-ltda-4449288822,Auxiliar Operacional - Eldorado do Sul - Empregos em Destaque,Desenfecsul Limpadora e Conservadora de Prédios LTDA.,failed|wp_post_failed,2026-08-11T13:32:17.967390,
c6d27ffd5f766f66,https://br.linkedin.com/jobs/view/auxiliar-de-almoxarifado-2%C2%B0-turno-at-neugebauer-alimentos-s-a-4449589539,Auxiliar de Almoxarifado - 2° Turno,Neugebauer Alimentos S/A,failed|wp_post_failed,2026-08-11T13:33:10.834105,
ec2a27ee2702a93c,https://br.linkedin.com/jobs/view/analista-cotador-j%C3%BAnior-at-pansera-corretora-de-seguros-4446684126,Analista Cotador Júnior,,scraped,2026-08-11T13:33:47.485259,
8f6c383c91f399e8,https://br.linkedin.com/jobs/view/analista-de-departamento-pessoal-at-intercity-hotels-4449927258,Analista de Departamento Pessoal,,scraped,2026-08-11T13:33:58.020607,
104ce5059fdf506f,https://br.linkedin.com/jobs/view/vagas-operacionais-de-loja-rs-at-grupo-imec-4450526881,Vagas Operacionais de Loja - RS,,scraped,2026-08-11T13:34:04.967636,
bf74bdd584b48e00,https://br.linkedin.com/jobs/view/repositor-ii-at-supermercados-andreazza-4451412633,Repositor II,,scraped,2026-08-11T15:05:18.894568,
92756ef9f668b6db,https://br.linkedin.com/jobs/view/bibliotec%C3%A1ria-escolar-profissionais-solicitados-at-jose-itamar-dos-santos-penteado-4449297489,Bibliotecária Escolar - Profissionais Solicitados,Jose Itamar Dos Santos Penteado,failed|wp_post_failed,2026-08-11T15:05:49.583789,
fea0790d5598adad,https://br.linkedin.com/jobs/view/motorista-at-jobbol-4452459704,Motorista,,scraped,2026-08-11T15:08:26.568306,
cb73ce9c1f52f94a,https://br.linkedin.com/jobs/view/lojas-renner-fiscal-de-loja-bourbon-novo-hamburgo-at-lojas-renner-s-a-4451692326,|LOJAS RENNER| Fiscal de Loja - Bourbon Novo Hamburgo,,scraped,2026-08-11T15:10:07.661161,
59d52e32dee2e9fe,https://br.linkedin.com/jobs/view/fot%C3%B3grafo-at-arezzo-co-4425475917,Fotógrafo,,scraped,2026-08-11T15:10:32.465006,
cc66d2dcedaff3e4,https://br.linkedin.com/jobs/view/recrutamento-de-vaga-4452433706,Recrutamento de vaga,DLIMA MÓVEIS SOB MEDIDA,failed|wp_post_failed,2026-08-11T15:10:55.735402,
dcd05242ecfdb935,https://br.linkedin.com/jobs/view/auxiliar-de-manuten%C3%A7%C3%A3o-porto-alegre-empregos-em-destaque-at-hospital-israelita-albert-sabin-4449503235,Auxiliar de Manutenção - Porto Alegre - Empregos em Destaque,Hospital Israelita Albert Sabin,failed|wp_post_failed,2026-08-11T15:13:40.159928,
19ee106736ad5673,https://br.linkedin.com/jobs/view/auxiliar-de-produ%C3%A7%C3%A3o-at-jobbol-4452156083,Auxiliar de Produção,,scraped,2026-08-11T15:14:38.837024,
706bb2fed1dd7bbb,https://br.linkedin.com/jobs/view/analista-de-pcp-at-jobbol-4452468550,Analista de PCP,,scraped,2026-08-11T15:16:08.708565,
0bdfdfab54246292,https://br.linkedin.com/jobs/view/manager-product-development-commercialization-ftw-at-adidas-4449855272,Manager Product Development & Commercialization FTW,,scraped,2026-08-11T15:18:02.382133,
05c93f27971e7e6e,https://br.linkedin.com/jobs/view/analista-fiscal-at-jobbol-4452459701,Analista Fiscal,,scraped,2026-08-11T15:19:11.869770,
236f1c981c7c7a5b,https://br.linkedin.com/jobs/view/promotor-igrejinha-profissionais-solicitados-at-severas-merchandising-4449294694,Promotor - Igrejinha - Profissionais Solicitados,,scraped,2026-08-11T17:04:12.701886,
262d196b9e003717,https://br.linkedin.com/jobs/view/monitor-at-pan-american-the-international-school-of-porto-alegre-4446406978,Monitor,,scraped,2026-08-11T17:04:40.547396,
2ebf4e06859b91ea,https://br.linkedin.com/jobs/view/promotor-tr%C3%AAs-coroas-profissionais-solicitados-at-severas-merchandising-4449299383,Promotor - Três Coroas - Profissionais Solicitados,,scraped,2026-08-11T17:06:25.815730,
b253842d980606c9,https://br.linkedin.com/jobs/view/auxiliar-de-padaria-at-supermercados-andreazza-4451917283,Auxiliar de Padaria,,scraped,2026-08-11T17:06:59.271207,
bc40059de85be132,https://br.linkedin.com/jobs/view/fiscal-de-caixa-i-at-supermercados-andreazza-4451921248,Fiscal de Caixa I,,scraped,2026-08-11T17:07:38.317972,
2935afb4da181f47,https://br.linkedin.com/jobs/view/oficial-de-manutencao-predial-porto-alegre-empregos-em-destaque-at-manuservicers-4449290833,Oficial de Manutencao Predial - Porto Alegre - Empregos em Destaque,ManuServiceRS,failed|wp_post_failed,2026-08-11T17:08:07.957437,
0ae617788c297fbf,https://br.linkedin.com/jobs/view/montador-higienista-%E2%80%93-porto-alegre-%E2%80%93-rs-porto-alegre-empregos-em-destaque-at-sogipa-4452407423,Montador Higienista – Porto Alegre – RS - Porto Alegre - Empregos em Destaque,,scraped,2026-08-11T17:08:10.628358,
1d48bcc7c84badb9,https://br.linkedin.com/jobs/view/expedidor-i-at-irm%C3%A3os-amalcaburio-ltda-4451904934,Expedidor I,Irmãos Amalcaburio Ltda.,failed|wp_post_failed,2026-08-11T17:08:32.099575,
3265ffe6c51c5028,https://br.linkedin.com/jobs/view/auxiliar-de-servi%C3%A7os-gerais-at-marista-brasil-4451924168,Auxiliar de Serviços Gerais,Marista Brasil,failed|wp_post_failed,2026-08-11T17:09:38.421589,
775ad4be8a4ce7ed,https://br.linkedin.com/jobs/view/back-office-gestione-clienti-at-best-of-rent-agenzia-leasys-4452461025,BACK OFFICE / GESTIONE CLIENTI,,scraped,2026-08-11T17:10:03.244346,
43a0624e51c9d435,https://br.linkedin.com/jobs/view/supervis%C3%A3o-acad%C3%AAmica-servi%C3%A7o-social-at-est%C3%A1cio-4449856108,Supervisão Acadêmica - Serviço Social,Estácio,failed|wp_post_failed,2026-08-11T17:10:30.640288,
a44ef040e9adea4c,https://br.linkedin.com/jobs/view/agente-comercial-at-corsan-4449874263,Agente Comercial,,scraped,2026-08-11T17:10:43.462158,
0895a72796ab341d,https://br.linkedin.com/jobs/view/auxiliar-de-dep%C3%B3sito-at-supermercados-andreazza-4451924169,Auxiliar de Depósito,,scraped,2026-08-11T17:11:34.546398,
055acadf1c1167d0,https://br.linkedin.com/jobs/view/balconista-tarde-at-supermercados-andreazza-4451914285,Balconista tarde,,scraped,2026-08-11T17:12:03.729467,
c12d6c3795e39244,https://br.linkedin.com/jobs/view/oficial-de-manuten%C3%A7%C3%A3o-predial-s%C3%A3o-leopoldo-empregos-em-destaque-at-desenfecsul-limpadora-e-conservadora-de-pr%C3%A9dios-ltda-4449284950,Oficial de Manutenção Predial - São Leopoldo - Empregos em Destaque,Desenfecsul Limpadora e Conservadora de Prédios LTDA.,failed|wp_post_failed,2026-08-11T17:12:47.523206,
25c2484a1ecf458c,https://br.linkedin.com/jobs/view/auxiliar-de-limpeza-servi%C3%A7os-gerais-porto-alegre-empregos-em-destaque-at-pequena-casa-da-crian%C3%A7a-4449506109,Auxiliar de Limpeza/Serviços Gerais - Porto Alegre - Empregos em Destaque,,scraped,2026-08-11T17:12:52.155527,
dd3fa1da78e99a95,https://br.linkedin.com/jobs/view/atendente-externo-%E2%80%93-gravata%C3%AD-%E2%80%93-rs-gravata%C3%AD-empregos-em-destaque-at-graber-sistemas-de-seguran%C3%A7a-4449295716,Atendente Externo – Gravataí – RS - Gravataí - Empregos em Destaque,,scraped,2026-08-11T17:13:00.475102,
b49f493e91a51c80,https://br.linkedin.com/jobs/view/motorista-porto-alegre-empregos-em-destaque-at-transportes-rodovia-sul-4447379315,Motorista - Porto Alegre - Empregos em Destaque,,scraped,2026-08-11T17:13:16.458442,
4a98cc961a075e98,https://br.linkedin.com/jobs/view/auxiliar-de-doceiro-setor-fruta-at-bom-princ%C3%ADpio-alimentos-4451905840,Auxiliar de Doceiro - Setor Fruta,,scraped,2026-08-11T17:13:55.863117,
cca3d631f0916179,https://br.linkedin.com/jobs/view/atendente-externo-%E2%80%93-gravata%C3%AD-%E2%80%93-rs-profissionais-solicitados-at-graber-sistemas-de-seguran%C3%A7a-4449288783,Atendente Externo – Gravataí – RS - Profissionais Solicitados,,scraped,2026-08-11T17:14:19.753075,
6154ae4d69415f39,https://br.linkedin.com/jobs/view/oficial-de-manuten%C3%A7%C3%A3o-predial-profissionais-solicitados-at-desenfecsul-limpadora-e-conservadora-de-pr%C3%A9dios-ltda-4449283999,Oficial de Manutenção Predial - Profissionais Solicitados,Desenfecsul Limpadora e Conservadora de Prédios LTDA.,failed|wp_post_failed,2026-08-11T17:15:17.959409,
cb36970438d2ea0a,https://br.linkedin.com/jobs/view/montador-gr%C3%A1fico-%E2%80%93-porto-alegre-%E2%80%93-rs-nova-vaga-dispon%C3%ADvel-at-buscarvagas-empregos-brasil-4452424022,Montador Gráfico – Porto Alegre – RS - Nova Vaga Disponível,,scraped,2026-08-11T17:15:30.657263,
1ba7a9768b54111f,https://br.linkedin.com/jobs/view/auxiliar-de-refrigera%C3%A7%C3%A3o-at-gsc-4452414944,Auxiliar de Refrigeração,,scraped,2026-08-11T17:15:38.916118,
885cd6ad0ae2d4c2,https://br.linkedin.com/jobs/view/inspetor-de-qualidade-at-otimizare-4449852248,Inspetor de qualidade,,scraped,2026-08-11T17:15:56.056891,
3fc5f2b01475c162,https://br.linkedin.com/jobs/view/auxiliar-de-pcp-at-jobbol-4452136961,Auxiliar de PCP,,scraped,2026-08-11T17:16:14.807696,
2c557908067e56c7,https://br.linkedin.com/jobs/view/operador-de-m%C3%A1quina-coladeira-de-borda-at-jobbol-4452464675,Operador de Máquina Coladeira de Borda,,scraped,2026-08-11T17:16:58.305322,
edd01c9fddf06a4b,https://br.linkedin.com/jobs/view/sales-ambassador-pistoia-at-cosine-italy-4449801211,SALES AMBASSADOR | PISTOIA,,scraped,2026-08-11T17:17:11.596825,
04bf1beb9c3d00d0,https://br.linkedin.com/jobs/view/sales-ambassador-milano-ovest-at-cosine-italy-4449800186,SALES AMBASSADOR MILANO OVEST,,scraped,2026-08-11T17:17:20.629445,
c0b09931eda7c8af,https://br.linkedin.com/jobs/view/auxiliar-de-opera%C3%A7%C3%B5es-log%C3%ADsticas-noturno-nova-santa-rita-rs-at-mbrf-4451883881,Auxiliar de Operações Logísticas (NOTURNO) - Nova Santa Rita/RS,MBRF,failed|wp_post_failed,2026-08-11T17:19:14.833917,
955cb9c347b3d76e,https://br.linkedin.com/jobs/view/analista-de-planejamento-at-via%C3%A7%C3%A3o-santa-tereza-4451902994,Analista de Planejamento,,scraped,2026-08-11T17:19:53.513066,
bfb8fa5640d52338,https://br.linkedin.com/jobs/view/instalador-portaria-remota-rs-at-grupo-volpato-seguran%C3%A7a-4450543188,Instalador Portaria Remota - RS,,scraped,2026-08-11T17:20:19.177934,
5e07ba786686a3b3,https://br.linkedin.com/jobs/view/preparador-de-m%C3%A1quinas-at-termolar-s-a-4449062612,Preparador de Máquinas,Termolar S/A,failed|wp_post_failed,2026-08-11T17:20:47.070749,
0a26244456e58e4b,https://br.linkedin.com/jobs/view/analista-de-manuten%C3%A7%C3%A3o-de-frota-at-cic-empregos-4449134443,Analista de Manutenção de Frota,,scraped,2026-08-11T17:20:50.017022,
103d42aa725df919,https://br.linkedin.com/jobs/view/operador-de-empilhadeira-at-bom-princ%C3%ADpio-alimentos-4451924164,Operador de Empilhadeira,,scraped,2026-08-11T17:21:05.382578,
7d7afa817161f833,https://br.linkedin.com/jobs/view/operador-de-empilhadeira-combust%C3%A3o-at-eckert-log-operador-log%C3%ADstico-4451696451,Operador de empilhadeira combustão,,scraped,2026-08-11T17:21:13.281399,
aafe059c47cc27c5,https://br.linkedin.com/jobs/view/menor-aprendiz-at-severas-merchandising-4451345379,Menor Aprendiz,,scraped,2026-08-11T17:21:30.007004,
0ff4ff33fa3fb4bf,https://br.linkedin.com/jobs/view/auxiliar-de-operac%C3%B5es-log%C3%ADsticas-at-tuper-s-a-4449242327,AUXILIAR DE OPERACÕES LOGÍSTICAS,,scraped,2026-08-11T17:21:37.425668,
dd4bea2344f6f2db,https://br.linkedin.com/jobs/view/canoas-auxiliar-de-log%C3%ADstica-garantia%0Acanoas-rs%0Afull-time-employee-at-posfrio-refrigeracao-4452087959,"Canoas - Auxiliar de Logística - Garantia
Canoas - RS
Full-time employee",Posfrio Refrigeracao,failed|wp_post_failed,2026-08-11T17:22:04.203361,
f8f6798cc2dd364a,https://br.linkedin.com/jobs/view/analista-de-log%C3%ADstica-ats-middle-mile-at-amazon-4443053295,"Analista de Logística, ATS - Middle Mile",Amazon,failed|wp_post_failed,2026-08-11T17:22:27.415591,
4df5a862ad8b7c24,https://br.linkedin.com/jobs/view/agente-de-atendimento-de-ocorr%C3%AAncias-rs-at-grupo-volpato-seguran%C3%A7a-4450534261,Agente de Atendimento de Ocorrências - RS,,scraped,2026-08-11T17:22:30.054736,
02b0f94555a15fcc,https://br.linkedin.com/jobs/view/gerente-de-turno-shift-manager-amazon-logistics-at-amazon-4443023360,"Gerente de Turno (Shift Manager), Amazon Logistics",Amazon,failed|wp_post_failed,2026-08-11T17:22:51.676864,
6e127db3c82d42a8,https://br.linkedin.com/jobs/view/n%C3%A3o-encontrou-a-vaga-na-sua-%C3%A1rea-de-atua%C3%A7%C3%A3o%3F-cadastre-seu-curr%C3%ADculo-aqui%21-at-irm%C3%A3os-amalcaburio-ltda-4451917306,Não encontrou a vaga na sua área de atuação? Cadastre seu currículo aqui!,Irmãos Amalcaburio Ltda.,failed|wp_post_failed,2026-08-11T19:09:53.090567,
80de39ea18fa7698,https://br.linkedin.com/jobs/view/repositor-ii-at-supermercados-andreazza-4451413602,Repositor II,,scraped,2026-08-11T19:10:17.722829,
3979364d3f1841f3,https://br.linkedin.com/jobs/view/auxiliar-de-manutencao-at-peopleware-rh-4451930227,Auxiliar de Manutencao,,scraped,2026-08-11T19:10:34.369129,
ea5b71c0dbf59140,https://br.linkedin.com/jobs/view/auxiliar-de-conserva%C3%A7%C3%A3o-ven%C3%A2ncio-aires-at-sacyr-4449822705,Auxiliar de Conservação - Venâncio Aires,SACYR,failed|wp_post_failed,2026-08-11T19:11:51.580562,
74ca1dc998ac8d98,https://br.linkedin.com/jobs/view/banco-de-talentos-administrativo-at-irm%C3%A3os-amalcaburio-ltda-4451921279,Banco de Talentos -  Administrativo,Irmãos Amalcaburio Ltda.,failed|wp_post_failed,2026-08-11T19:13:07.163931,
bf5e9a348c5240bc,https://br.linkedin.com/jobs/view/promotor-igrejinha-igrejinha-empregos-em-destaque-at-severas-merchandising-4449299447,Promotor - Igrejinha - Igrejinha - Empregos em Destaque,,scraped,2026-08-11T19:13:25.778435,
0d4eccb45c2a492e,https://br.linkedin.com/jobs/view/auxiliar-de-limpeza-%E2%80%93-alvorada-%E2%80%93-rs-alvorada-empregos-em-destaque-at-jose-itamar-dos-santos-penteado-4449506092,Auxiliar de Limpeza – Alvorada – RS - Alvorada - Empregos em Destaque,Jose Itamar Dos Santos Penteado,failed|wp_post_failed,2026-08-11T19:13:46.404193,
421615d4f549ca87,https://br.linkedin.com/jobs/view/vigia-at-jobbol-4452153422,Vigia,,scraped,2026-08-11T19:13:50.932978,
be703d92786e7beb,https://br.linkedin.com/jobs/view/empacotador-manha-at-supermercados-andreazza-4451927001,Empacotador MANHA,,scraped,2026-08-11T19:14:30.279852,
c220a5732bdca669,https://br.linkedin.com/jobs/view/youcom-buyer-at-lojas-renner-s-a-4449868991,|YOUCOM| Buyer,,scraped,2026-08-11T19:16:25.237614,
caf868428fa4b2aa,https://br.linkedin.com/jobs/view/preparador-de-superf%C3%ADcie-pintor-i-at-irm%C3%A3os-amalcaburio-ltda-4451923166,Preparador de Superfície / Pintor I,Irmãos Amalcaburio Ltda.,failed|wp_post_failed,2026-08-11T19:17:21.575138,
26c08d6004baa4d0,https://br.linkedin.com/jobs/view/comprador-a-at-cds-communication-data-service-4449870642,COMPRADOR(A),,scraped,2026-08-11T19:17:24.111495,
c650fa7fdda37e46,https://br.linkedin.com/jobs/view/auxiliar-de-servi%C3%A7os-gerais-at-tlsv-servi%C3%A7os-em-telecomunica%C3%A7%C3%B5es-4452068980,Auxiliar de Serviços Gerais,,scraped,2026-08-11T19:17:30.501277,
5379f5e4c4104c13,https://br.linkedin.com/jobs/view/operador-de-utilidades-at-cervejaria-stier-4449869873,Operador de Utilidades,,scraped,2026-08-11T19:17:38.538531,
4afc3a70fc1b788d,https://br.linkedin.com/jobs/view/chapeador-pintor-%E2%80%93-porto-alegre-%E2%80%93-rs-at-buscarvagas-empregos-brasil-4452405429,Chapeador / Pintor – Porto Alegre – RS,,scraped,2026-08-11T19:18:34.741493,
e7d55823c9b0a36f,https://br.linkedin.com/jobs/view/auxiliar-de-a%C3%A7ougue-at-supermercados-andreazza-4452195513,Auxiliar de açougue,,scraped,2026-08-11T19:18:56.880383,
27ad930d6ff16cbd,https://br.linkedin.com/jobs/view/manuten%C3%A7%C3%A3o-predial-%E2%80%93-s%C3%A3o-leopoldo-sapucaia-do-sul-sapucaia-do-sul-empregos-em-destaque-at-manuservicers-4449297565,Manutenção Predial – São Leopoldo / Sapucaia do Sul... - Sapucaia do Sul - Empregos em Destaque,ManuServiceRS,failed|wp_post_failed,2026-08-11T19:19:36.424859,
d21a115a63723cd8,https://br.linkedin.com/jobs/view/manuten%C3%A7%C3%A3o-predial-%E2%80%93-s%C3%A3o-leopoldo-sapucaia-do-sul-%E2%80%93-rs-profissionais-solicitados-at-manuservicers-4449297553,Manutenção Predial – São Leopoldo / Sapucaia do Sul – RS - Profissionais Solicitados,ManuServiceRS,failed|wp_post_failed,2026-08-11T19:19:58.725702,
8db3321e47e71709,https://br.linkedin.com/jobs/view/repositor-petz-di%C3%A1rio-de-noticias-at-petz-4452419164,Repositor - Petz Diário de Noticias,Petz,failed|wp_post_failed,2026-08-11T19:21:10.387364,
7cdf0f714d7c2ad1,https://br.linkedin.com/jobs/view/auxiliar-de-limpeza-servi%C3%A7os-gerais-profissionais-solicitados-at-pequena-casa-da-crian%C3%A7a-4449284908,Auxiliar de Limpeza/Serviços Gerais - Profissionais Solicitados,,scraped,2026-08-11T19:21:34.972665,
c12655fb67fe33ae,https://br.linkedin.com/jobs/view/meio-oficial-manuten%C3%A7%C3%A3o-industrial-porto-alegre-empregos-em-destaque-at-manuservicers-4449289852,Meio Oficial Manutenção Industrial - Porto Alegre - Empregos em Destaque,ManuServiceRS,failed|wp_post_failed,2026-08-11T19:22:34.334182,
67fc32f46f149b40,https://br.linkedin.com/jobs/view/serralheiro-%E2%80%93-gua%C3%ADba-%E2%80%93-rs-gua%C3%ADba-empregos-em-destaque-at-manuservicers-4449296667,Serralheiro – Guaíba – RS - Guaíba - Empregos em Destaque,ManuServiceRS,failed|wp_post_failed,2026-08-11T19:22:52.367513,
2532939882ed51bf,https://br.linkedin.com/jobs/view/sales-ambassador-grosseto-at-cosine-italy-4449867807,SALES AMBASSADOR | GROSSETO,,scraped,2026-08-11T19:22:55.018877,
029a57e34458b380,https://br.linkedin.com/jobs/view/auxiliar-de-produ%C3%A7%C3%A3o-at-jobbol-4451543673,Auxiliar de Produção,,scraped,2026-08-11T19:23:15.513339,
d6ac4be5c25e3370,https://br.linkedin.com/jobs/view/sales-ambassador-milano-ovest-at-cosine-italy-4449853943,SALES AMBASSADOR MILANO OVEST,,scraped,2026-08-11T19:23:27.821562,
8fa26cd1a1828105,https://br.linkedin.com/jobs/view/meio-oficial-manuten%C3%A7%C3%A3o-industrial-profissionais-solicitados-at-manuservicers-4449287840,Meio Oficial Manutenção Industrial - Profissionais Solicitados,ManuServiceRS,failed|wp_post_failed,2026-08-11T19:24:23.274233,
94bbdbba0ed8c1b7,https://br.linkedin.com/jobs/view/instrutor-de-pilates-4449824698,Instrutor de pilates,Bioinove centro de saude,failed|wp_post_failed,2026-08-11T19:25:30.918302,
269a0d445304e1c2,https://br.linkedin.com/jobs/view/talent-acquisition-at-grupo-life-brasil-4451685986,Talent Acquisition,Grupo Life Brasil,failed|wp_post_failed,2026-08-11T19:26:12.263515,
5100ba97a26d8c75,https://br.linkedin.com/jobs/view/produtor-de-v%C3%ADdeo-at-ag%C3%AAncia-symbol-4449863872,Produtor de vídeo,Agência Symbol,failed|wp_post_failed,2026-08-11T19:26:43.222889,
03819f0182549b6f,https://br.linkedin.com/jobs/view/sales-ambassador-siena-at-cosine-italy-4449873641,SALES AMBASSADOR | SIENA,,scraped,2026-08-11T19:26:59.808779,
96be200134ba0473,https://br.linkedin.com/jobs/view/ajudante-de-produ%C3%A7%C3%A3o-at-jobbol-4450616886,Ajudante de Produção,,scraped,2026-08-11T19:27:38.391842,
d2d8463847af6839,https://br.linkedin.com/jobs/view/rappresentante-commerciale-sul-territorio-avellino-at-cosine-italy-4448049551,RAPPRESENTANTE COMMERCIALE SUL TERRITORIO | AVELLINO,,scraped,2026-08-11T19:27:47.133837,
59a3f6a867598ff0,https://br.linkedin.com/jobs/view/vigilante-lajeado-at-g4s-4451940150,VIGILANTE- LAJEADO,G4S,failed|wp_post_failed,2026-08-11T20:54:09.638850,
982ff9d49c04b3ea,https://br.linkedin.com/jobs/view/repositor-ii-at-supermercados-andreazza-4451919250,Repositor II,,scraped,2026-08-11T20:54:32.250802,
bf1117e7951aed54,https://br.linkedin.com/jobs/view/caldeireiro-%E2%80%93-gua%C3%ADba-%E2%80%93-rs-gua%C3%ADba-empregos-em-destaque-at-manuservicers-4449287835,Caldeireiro – Guaíba – RS - Guaíba - Empregos em Destaque,ManuServiceRS,failed|wp_post_failed,2026-08-11T20:54:54.739624,
e21198753cde003c,https://br.linkedin.com/jobs/view/polidor-de-a%C3%A7o-inox-gravata%C3%AD-gravata%C3%AD-empregos-em-destaque-at-db-4452404586,Polidor de Aço Inox - Gravataí. - Gravataí - Empregos em Destaque,,scraped,2026-08-11T20:55:03.516801,
55c561c194cf6a62,https://br.linkedin.com/jobs/view/montador-de-formas-at-jobbol-4452630355,Montador de Formas,,scraped,2026-08-11T20:56:33.878939,
66519209e40e4056,https://br.linkedin.com/jobs/view/cortador-de-vidros-at-jobbol-4449439391,Cortador de Vidros,,scraped,2026-08-11T20:57:05.315163,
0f93ed6f192e0555,https://br.linkedin.com/jobs/view/analista-de-hiring-journey-trabalho-remoto-at-bairesdev-4451923374,Analista de Hiring Journey - Trabalho Remoto,BairesDev,failed|wp_post_failed,2026-08-11T20:59:15.973821,
fe297b0d2e5ae22f,https://br.linkedin.com/jobs/view/orientador-a-de-loja-gramado-at-rd-sa%C3%BAde-4452637477,Orientador(a) de Loja - Gramado,RD Saúde,failed|wp_post_failed,2026-08-11T20:59:44.199443,
9e026253556c7044,https://br.linkedin.com/jobs/view/porteiro-lajeado-at-g4s-4451936203,Porteiro- LAJEADO,G4S,failed|wp_post_failed,2026-08-11T21:00:16.437092,
b6cd1ef415995fd7,https://br.linkedin.com/jobs/view/auxiliar-de-loja-padaria-at-cooperativa-santa-clara-4451908330,Auxiliar de Loja - Padaria,,scraped,2026-08-11T21:00:27.077264,
7cfad8e02fa97fc2,https://br.linkedin.com/jobs/view/operador-incubatorio-i-ok-at-mbrf-4452645560,Operador Incubatorio I - OK,MBRF,failed|wp_post_failed,2026-08-11T21:00:57.314773,
f90b6f84163c0fac,https://br.linkedin.com/jobs/view/montador-at-jobbol-4452635387,Montador,,scraped,2026-08-11T21:01:13.877841,
c970460d549bad14,https://br.linkedin.com/jobs/view/encarregado-de-pu-derramado-at-jobbol-4452643147,Encarregado de PU Derramado,,scraped,2026-08-11T21:01:31.163577,
0ec9c5a0d8c03aca,https://br.linkedin.com/jobs/view/operador-de-condu%C3%A7%C3%A3o-a-barra-shopping-sul-at-safe-park-4452195094,Operador de Condução A - Barra Shopping Sul,Safe Park,failed|wp_post_failed,2026-08-11T21:03:03.855977,
c8b29284fbd3cc01,https://br.linkedin.com/jobs/view/operador-de-caixa-manh%C3%A3-at-supermercados-andreazza-4451918231,Operador de Caixa - manhã,,scraped,2026-08-11T21:04:18.460734,
7b80613881fd3847,https://br.linkedin.com/jobs/view/supervisor-mgm-italia-at-cosine-italy-4448971736,Supervisor | MGM | Italia,,scraped,2026-08-11T21:04:33.036197,
f50edc41087b3eec,https://br.linkedin.com/jobs/view/operador-de-caixa-tarde-at-supermercados-andreazza-4451922226,Operador de Caixa Tarde,,scraped,2026-08-11T21:04:49.626390,
734eb2a4d34751fb,https://br.linkedin.com/jobs/view/l%C3%ADder-de-usinagem-at-tomasi-rh-4452057749,Líder de Usinagem,,scraped,2026-08-11T21:05:15.939559,
408a8c35070d8081,https://br.linkedin.com/jobs/view/auxiliar-operador-de-m%C3%A1quina-vacum-forming-e-turno-rs-at-pertencer-desenvolvimento-humano-e-organizacional-4450541146,Auxiliar Operador de Máquina Vacum Forming e turno - RS,,scraped,2026-08-11T21:05:22.704364,
e29e471981fd0cfe,https://br.linkedin.com/jobs/view/analista-de-rh-rs-at-lampert-rh-digital-4450540602,Analista de RH - RS,,scraped,2026-08-11T21:05:33.921209,
6401464401961d13,https://br.linkedin.com/jobs/view/operador-de-cnc-jr-rs-at-lampert-rh-digital-4450539280,Operador de CNC Jr - RS,,scraped,2026-08-11T21:05:43.263165,
a9cb5b5e2ac0bfdc,https://br.linkedin.com/jobs/view/auxiliar-de-manuten%C3%A7%C3%A3o-predial-rs-at-pertencer-desenvolvimento-humano-e-organizacional-4450535252,Auxiliar de manutenção predial - RS,,scraped,2026-08-11T21:05:52.095458,
bdc3b17448108500,https://br.linkedin.com/jobs/view/supervisor-de-ti-at-jobbol-4450691839,Supervisor de TI,,scraped,2026-08-11T21:05:59.312888,
d868e0937ae38bcb,https://br.linkedin.com/jobs/view/pedreiro-at-jobbol-4452623616,Pedreiro,,scraped,2026-08-11T21:06:28.805130,
548cab8d6fa9444e,https://br.linkedin.com/jobs/view/auxiliar-de-produ%C3%A7%C3%A3o-turno-1-at-irm%C3%A3os-amalcaburio-ltda-4451908331,Auxiliar de Produção - Turno 1,Irmãos Amalcaburio Ltda.,failed|wp_post_failed,2026-08-11T21:07:13.996582,
d80596c61bd023fa,https://br.linkedin.com/jobs/view/operador-de-caixa-at-supermercados-andreazza-4451913286,Operador de Caixa,,scraped,2026-08-11T21:07:24.519608,
96cea83a92cc063f,https://br.linkedin.com/jobs/view/carregador-interno-expedi%C3%A7%C3%A3o-hor%C3%A1rio-16h15-%C3%A0s-01h30-at-agrosul-foods-4451908328,Carregador interno- Expedição - Horário: 16h15 às 01h30,,scraped,2026-08-11T21:07:53.014107,
4141dd8ca0f8c67b,https://br.linkedin.com/jobs/view/analista-de-importa%C3%A7%C3%A3o-pleno-at-stihl-ferramentas-motorizadas-ltda-4451689194,Analista de Importação Pleno,,scraped,2026-08-11T21:08:47.982614,
2b693dc6d2dd40d9,https://br.linkedin.com/jobs/view/auxiliar-de-produ%C3%A7%C3%A3o-t-bertolini-tubos-rs-rs-at-grupo-bertolini-4450551038,Auxiliar de Produção - T Bertolini Tubos - RS - RS,,scraped,2026-08-11T21:10:14.724828,
59dce58aefd4e639,https://br.linkedin.com/jobs/view/sales-ambassador-genova-at-cosine-italy-4448043552,SALES AMBASSADOR | GENOVA,,scraped,2026-08-11T21:10:24.313460,
1b80e5371f15c73c,https://br.linkedin.com/jobs/view/arrumadeira-o-jr-at-atrio-hotel-management-4451909420,Arrumadeira(o) Jr.,,scraped,2026-08-11T22:52:33.009326,
8de8ae2078bbdd4e,https://br.linkedin.com/jobs/view/auxiliar-de-servi%C3%A7os-gerais-lajeado-empregos-em-destaque-at-desenfecsul-limpadora-e-conservadora-de-pr%C3%A9dios-ltda-4449501317,Auxiliar de Serviços Gerais - Lajeado - Empregos em Destaque,Desenfecsul Limpadora e Conservadora de Prédios LTDA.,failed|wp_post_failed,2026-08-11T22:55:19.304880,
21f8ad86b6e775da,https://br.linkedin.com/jobs/view/servi%C3%A7os-gerais-at-%E8%B4%B5%E5%B7%9E%E5%8D%8E%E8%BE%89%E4%BC%9F%E4%B8%9A%E6%96%87%E5%8C%96%E4%BC%A0%E5%AA%92%E6%9C%89%E9%99%90%E5%85%AC%E5%8F%B8-4452679468,Serviços Gerais,贵州华辉伟业文化传媒有限公司,failed|wp_post_failed,2026-08-11T22:55:47.368274,
b7226f8d2468d09b,https://br.linkedin.com/jobs/view/promotor-a-de-merchandising-at-tradex-4452683375,Promotor (a) de Merchandising,,scraped,2026-08-11T22:55:49.958674,
0cb9364306172ee2,https://br.linkedin.com/jobs/view/comprador-a-mro-at-grendene-s-a-4451962025,Comprador(a) | MRO,,scraped,2026-08-11T22:57:20.698138,
dc48242720f73bb8,https://br.linkedin.com/jobs/view/auxiliar-de-servi%C3%A7os-gerais-profissionais-solicitados-at-pequena-casa-da-crian%C3%A7a-4449503213,Auxiliar de Serviços Gerais - Profissionais Solicitados,,scraped,2026-08-11T22:59:39.784582,
05d871f233d28353,https://br.linkedin.com/jobs/view/operador-de-extrusora-jr-at-tomasi-rh-4451927037,Operador de Extrusora Jr,,scraped,2026-08-11T23:00:05.393155,
440391bc9ce752e4,https://br.linkedin.com/jobs/view/operador-a-de-produ%C3%A7%C3%A3o-i-at-mbrf-4452644627,Operador (a) de produção I,MBRF,failed|wp_post_failed,2026-08-11T23:00:52.867261,
9453f5d20ff6c109,https://br.linkedin.com/jobs/view/esteticista-4432394872,Esteticista,Emagrecentro Lajeado,failed|wp_post_failed,2026-08-11T23:01:53.910933,
ff48bbd3676a7132,https://br.linkedin.com/jobs/view/chef-at-pipas-terroir-4449882230,Chef,Pipas Terroir,failed|wp_post_failed,2026-08-11T23:04:45.534534,
8781d46207262094,https://br.linkedin.com/jobs/view/faturista-at-hamburgo-pneum%C3%A1tica-4449877306,FATURISTA,Hamburgo Pneumática,failed|wp_post_failed,2026-08-11T23:05:20.873169,
f90f5d11fafabf6d,https://br.linkedin.com/jobs/view/especialista-de-produtos-educacionais-at-egali-interc%C3%A2mbio-4449888119,Especialista de Produtos Educacionais,,scraped,2026-08-11T23:06:01.953049,
1c079c372a2c90d7,https://br.linkedin.com/jobs/view/auxiliar-de-loja-at-grupo-lebes-4452690280,Auxiliar de Loja,Grupo Lebes,failed|wp_post_failed,2026-08-11T23:06:29.517622,
c7a6f35b261505ca,https://br.linkedin.com/jobs/view/assistente-de-emiss%C3%A3o-at-jobbol-4452634323,Assistente de Emissão,,scraped,2026-08-11T23:06:46.478009,
648afa9df0b05a64,https://br.linkedin.com/jobs/view/operador-de-empilhadeira-at-jobbol-4452636336,Operador de Empilhadeira,,scraped,2026-08-11T23:06:58.942640,
d2662ba6a1d3f880,https://br.linkedin.com/jobs/view/operador-de-caixa-at-jobbol-4452628441,Operador de Caixa,,scraped,2026-08-11T23:07:23.203864,
17526c94876b441b,https://br.linkedin.com/jobs/view/operador-de-cnc-at-tomasi-rh-4450362106,Operador de CNC,,scraped,2026-08-11T23:07:49.646618,
360badd85490d4f9,https://br.linkedin.com/jobs/view/auxiliar-de-dep%C3%B3sito-rs-at-pertencer-desenvolvimento-humano-e-organizacional-4450536369,Auxiliar de Depósito - RS,,scraped,2026-08-11T23:08:03.686744,
113a658973a0c1df,https://br.linkedin.com/jobs/view/operador-de-caixa-at-jobbol-4452628442,Operador de Caixa,,scraped,2026-08-11T23:08:13.647525,
665c8f59a4251606,https://br.linkedin.com/jobs/view/arrumadeira-o-jr-at-atrio-hotel-management-4451910385,Arrumadeira(o) Jr.,,scraped,2026-08-12T02:20:38.205931,
529e0bed412df382,https://br.linkedin.com/jobs/view/arrumadeira-o-jr-c%C3%B3d-5109-at-candidata-ai-4453008893,Arrumadeira(o) Jr. (Cód. 5109),,scraped,2026-08-12T02:21:07.251460,
bcb05019becbfd5d,https://br.linkedin.com/jobs/view/agente-di-zona-at-best-of-rent-agenzia-leasys-4451973499,AGENTE DI ZONA,,scraped,2026-08-12T02:21:17.855562,
4fa24c67c4400375,https://br.linkedin.com/jobs/view/analista-de-qualidade-at-jobbol-4451864699,Analista de Qualidade,,scraped,2026-08-12T02:21:53.086406,
c2477e8fc6007c44,https://br.linkedin.com/jobs/view/atendente-at-jobbol-4450760579,Atendente,,scraped,2026-08-12T02:22:06.770803,
c50b15e97711d550,https://br.linkedin.com/jobs/view/assistente-de-atendimento-ao-cliente-at-jobbol-4452157140,Assistente de Atendimento ao Cliente,,scraped,2026-08-12T02:22:22.812919,
4e9743cfcc408fae,https://br.linkedin.com/jobs/view/repositor-de-horti-at-supermercados-andreazza-4453020201,Repositor de Horti,,scraped,2026-08-12T02:22:30.847159,
36a096f0c921b520,https://br.linkedin.com/jobs/view/repositor-ii-at-supermercados-andreazza-4453001258,Repositor II,,scraped,2026-08-12T02:22:51.311885,
a9c4f11473f3c13a,https://br.linkedin.com/jobs/view/auxiliar-de-dep%C3%B3sito-at-superlegal-brinquedos-4448474331,Auxiliar de Depósito,Superlegal Brinquedos,failed|wp_post_failed,2026-08-12T02:23:48.639831,
1f3042c1f39cb870,https://br.linkedin.com/jobs/view/atendente-at-jobbol-4450773320,Atendente,,scraped,2026-08-12T02:23:55.257888,
d8278f2416469cad,https://br.linkedin.com/jobs/view/analista-fiscal-at-tomasi-rh-4453004239,Analista Fiscal,,scraped,2026-08-12T02:24:27.261912,
53c5e7c621242974,https://br.linkedin.com/jobs/view/auditor-ou-auditora-em-auditoria-externa-porto-alegre-at-ey-4374674020,Auditor ou Auditora em Auditoria Externa - Porto Alegre,EY,failed|wp_post_failed,2026-08-12T02:25:25.576212,
404e306417cb0486,https://br.linkedin.com/jobs/view/florista-at-cortel-4451979648,Florista,,scraped,2026-08-12T02:25:48.320143,
b711fbe01e318375,https://br.linkedin.com/jobs/view/auxiliar-de-cozinha-at-hector-studios-4453021820,Auxiliar de Cozinha,Hector Studios,failed|wp_post_failed,2026-08-12T02:27:02.738264,
70c5c2ddfe5dc4b2,https://br.linkedin.com/jobs/view/auxiliar-de-servi%C3%A7os-gerais-at-rede-marista-4446237555,Auxiliar de Serviços Gerais,,scraped,2026-08-12T02:28:59.518512,
84b03ca82a326585,https://br.linkedin.com/jobs/view/executivo-de-vendas-jr-porto-alegre-rs-zona-sul-at-pagbank-4432685578,Executivo de Vendas Jr. | Porto Alegre - RS (Zona Sul),,scraped,2026-08-12T02:29:32.260989,
5643a31cde583b6c,https://br.linkedin.com/jobs/view/auxiliar-de-recepcao-at-d21-motors-caoa-chery-4451666508,AUXILIAR DE RECEPCAO,D21 Motors | CAOA Chery,failed|wp_post_failed,2026-08-12T02:29:57.202613,
f6b76b4b9a1abd1f,https://br.linkedin.com/jobs/view/motorista-at-cortel-4451983174,Motorista,,scraped,2026-08-12T02:29:59.799618,
246d60ede17e7888,https://br.linkedin.com/jobs/view/promotor-de-vendas-banco-de-talentos-para-pessoas-com-defici%C3%AAncia-porto-alegre-at-kellanova-4363989779,Promotor de Vendas - Banco de Talentos para Pessoas com Deficiência - Porto Alegre,Kellanova,failed|wp_post_failed,2026-08-12T02:30:22.406353,
f180ee287cd704ba,https://br.linkedin.com/jobs/view/especialista-de-marketing-h%C3%ADbrido-porto-alegre-rs-afirmativa-para-mulheres-at-interop-4450008384,Especialista de Marketing| Híbrido | Porto Alegre/RS - Afirmativa para Mulheres,,scraped,2026-08-12T02:30:31.340528,
f8ad4b3cb2fc1b94,https://br.linkedin.com/jobs/view/sap-s-4hana-public-cloud-solution-architect-at-epam-systems-4451118149,SAP S/4HANA Public Cloud Solution Architect,EPAM Systems,failed|wp_post_failed,2026-08-12T02:30:54.197684,
3938b499c4d6d330,https://br.linkedin.com/jobs/view/auxiliar-de-limpeza-at-envel-contabilidade-4451984126,Auxiliar de Limpeza,,scraped,2026-08-12T02:31:20.727978,
f57aa7016777608f,https://br.linkedin.com/jobs/view/operador-de-caixa-at-supermercados-andreazza-4453004236,Operador de Caixa,,scraped,2026-08-12T02:32:07.610243,
b2d18ff10e154689,https://br.linkedin.com/jobs/view/operador-de-caixa-at-supermercados-andreazza-4453001253,Operador de Caixa,,scraped,2026-08-12T02:32:19.898238,
d74e7f7f8dae47a2,https://br.linkedin.com/jobs/view/auxiliar-de-loja-at-lojas-lebes-4451978269,Auxiliar de Loja,Lojas Lebes,failed|wp_post_failed,2026-08-12T02:34:15.941012,
eedf475cc4a6c0e5,https://br.linkedin.com/jobs/view/operador-de-caixa-at-jobbol-4452626480,Operador de Caixa,,scraped,2026-08-12T02:34:18.598644,
a6f85dd13e4546c2,https://br.linkedin.com/jobs/view/operatore-telefonico-gestione-clienti-at-best-of-rent-agenzia-leasys-4451959714,OPERATORE TELEFONICO / GESTIONE CLIENTI,,scraped,2026-08-12T02:35:00.099624,
adcb89e22bf11137,https://br.linkedin.com/jobs/view/auxiliar-de-produ%C3%A7%C3%A3o-metal%C3%BArgica-at-tomasi-rh-4451913336,Auxiliar de Produção - Metalúrgica,,scraped,2026-08-12T02:35:16.537957,
490ca103567725de,https://br.linkedin.com/jobs/view/auxiliar-de-produ%C3%A7%C3%A3o-turno-2-at-irm%C3%A3os-amalcaburio-ltda-4451913291,Auxiliar de Produção - Turno 2,Irmãos Amalcaburio Ltda.,failed|wp_post_failed,2026-08-12T02:35:39.183836,
93fd852f53b5d020,https://br.linkedin.com/jobs/view/assistente-de-credi%C3%A1rio-at-magalu-4451979616,ASSISTENTE DE CREDIÁRIO,Magalu,failed|wp_post_failed,2026-08-12T02:36:15.961787,
a0bcfc95516ab6f8,https://br.linkedin.com/jobs/view/atendimento-sal%C3%A3o-at-hector-studios-4453020856,Atendimento - Salão,,scraped,2026-08-12T02:36:26.804512,
42e0b8d08ab22b3e,https://br.linkedin.com/jobs/view/comprador-pl-linha-branca-at-frigelar-4452616949,COMPRADOR PL | LINHA BRANCA,,scraped,2026-08-12T02:37:40.015726,
2b7eaae7613f08f0,https://br.linkedin.com/jobs/view/professor-de-educa%C3%A7%C3%A3o-f%C3%ADsica-%E2%80%93-alvorada-%E2%80%93-rs-profissionais-solicitados-at-jose-itamar-dos-santos-penteado-4449504198,Professor de Educação Física – Alvorada – RS - Profissionais Solicitados,Jose Itamar Dos Santos Penteado,failed|wp_post_failed,2026-08-12T02:38:01.132142,
95e29498a12e33b3,https://br.linkedin.com/jobs/view/operador-de-caixa-at-jobbol-4452640179,Operador de Caixa,,scraped,2026-08-12T02:38:20.054374,
cab65184c979b8a8,https://br.linkedin.com/jobs/view/almoxarife-i-at-jobbol-4452632367,Almoxarife I,,scraped,2026-08-12T02:38:28.108132,
c53c1361ff3ea6b1,https://br.linkedin.com/jobs/view/auxiliar-de-almoxarifado-ind%C3%BAstria-at-tomasi-rh-4450344933,Auxiliar de Almoxarifado ( Indústria ),,scraped,2026-08-12T02:38:56.004863,
cacfa1a7f68fc49f,https://br.linkedin.com/jobs/view/inspetor-de-qualidade-t2-bertolini-unidade-de-tubos-rs-rs-at-grupo-bertolini-4450542225,Inspetor de Qualidade T2 (Bertolini Unidade de Tubos - RS) - RS,,scraped,2026-08-12T02:39:13.266721,
cc261791dbebe2fd,https://br.linkedin.com/jobs/view/analista-de-processos-pleno-at-jobbol-4452151690,Analista de Processos Pleno,,scraped,2026-08-12T02:39:20.964077,
7573ecc2467e3507,https://br.linkedin.com/jobs/view/coordenador-financeiro-at-jobbol-4451881481,Coordenador Financeiro,,scraped,2026-08-12T02:39:29.142041,
108adc97861f153a,https://br.linkedin.com/jobs/view/junior-non-key-expert-for-training-needs-assessment-at-eubam-libya-4451968863,Junior Non-Key Expert for Training Needs Assessment,,scraped,2026-08-12T05:43:17.894521,
f4626c71ae847dcf,https://br.linkedin.com/jobs/view/porteiro-at-peopleware-rh-4451925551,Porteiro,,scraped,2026-08-12T05:43:25.540486,
cab4f14c04e74a07,https://br.linkedin.com/jobs/view/manobrista-at-safe-park-4452306745,Manobrista,Safe Park,failed|wp_post_failed,2026-08-12T05:43:55.212943,
09170f3f82bd7d59,https://br.linkedin.com/jobs/view/lavador-de-veiculos-i-at-mercurio-4452323631,LAVADOR DE VEICULOS I,Mercurio,failed|wp_post_failed,2026-08-12T05:44:17.714917,
76042b36aac8ea26,https://br.linkedin.com/jobs/view/lavador-de-ve%C3%ADculos-at-pertencer-desenvolvimento-humano-e-organizacional-4452331028,Lavador de veículos,,scraped,2026-08-12T05:44:20.456995,
5b5478cfaf4a9a95,https://br.linkedin.com/jobs/view/empregada-dom%C3%A9stica-at-cursor-4452304750,Empregada Doméstica,,scraped,2026-08-12T05:44:36.256064,
1c5285743e50132e,https://br.linkedin.com/jobs/view/supridor-repositor-at-unidasul-distribuidora-aliment%C3%ADcia-s-a-4452310630,Supridor Repositor,,scraped,2026-08-12T05:44:44.760947,
7da81ce6d448f8a9,https://br.linkedin.com/jobs/view/colorista-at-soft-film-ind%C3%BAstria-e-com%C3%A9rcio-de-pl%C3%A1sticos-ltda-4452320974,Colorista,,scraped,2026-08-12T05:44:57.145927,
a367d5adc673d193,https://br.linkedin.com/jobs/view/promotor-de-merchandising-at-din%C3%A2mica-4452328246,Promotor de Merchandising,,scraped,2026-08-12T05:45:06.270736,
eefddd2bc5b40f21,https://br.linkedin.com/jobs/view/agente-de-monitoramento-at-stv-seguran%C3%A7a-4452335032,Agente de Monitoramento,,scraped,2026-08-12T05:45:13.090571,
e043964f5ff28056,https://br.linkedin.com/jobs/view/conferente-at-alsco-uniformes-brasil-4452325796,Conferente,Alsco Uniformes Brasil,failed|wp_post_failed,2026-08-12T05:45:39.235749,
f7c319b40490d4e2,https://br.linkedin.com/jobs/view/auxiliar-de-limpeza-geral-casa-de-m%C3%A1quinas-hor%C3%A1rio-h-%C3%A0s-h-at-alimentos-zaeli-4452311751,Auxiliar de limpeza geral - Casa de Máquinas - Horário h às h,,scraped,2026-08-12T05:46:03.790451,
23bcb2bc097847fa,https://br.linkedin.com/jobs/view/avaliador-a-de-ve%C3%ADculos-at-grupo-carburgo-4452317512,Avaliador a de Veículos,,scraped,2026-08-12T05:46:10.415040,
d56985a752c1b67f,https://br.linkedin.com/jobs/view/auxiliar-industrial-at-soft-film-ind%C3%BAstria-e-com%C3%A9rcio-de-pl%C3%A1sticos-ltda-4452313776,Auxiliar Industrial,,scraped,2026-08-12T05:46:48.662505,
dbde3562315dc53f,https://br.linkedin.com/jobs/view/operador-de-m%C3%A1quinas-cnc-ind%C3%BAstria-moveleira-at-soft-film-ind%C3%BAstria-e-com%C3%A9rcio-de-pl%C3%A1sticos-ltda-4452308882,Operador de Máquinas - CNC Indústria Moveleira,,scraped,2026-08-12T05:47:59.553572,
1a18681d9dcad290,https://br.linkedin.com/jobs/view/assistente-de-vendas-at-jobbol-4452159045,Assistente de Vendas,,scraped,2026-08-12T05:48:18.250432,
66868a920debcbc4,https://br.linkedin.com/jobs/view/operador-de-loja-ii-at-supermercados-andreazza-4453001252,Operador de Loja II,,scraped,2026-08-12T05:48:25.936033,
974e1c6f6f83e8ed,https://br.linkedin.com/jobs/view/vigia-at-jobbol-4452139992,Vigia,,scraped,2026-08-12T05:48:56.040617,
7659e40a93def959,https://br.linkedin.com/jobs/view/porteiro-at-jobbol-4453042369,Porteiro,,scraped,2026-08-12T05:49:03.636786,
79e0117f8e0349ea,https://br.linkedin.com/jobs/view/analista-cont%C3%A1bil-at-jobbol-4449901343,Analista Contábil,,scraped,2026-08-12T05:50:15.044061,
bd1676aebb1e2f20,https://br.linkedin.com/jobs/view/atendente-at-jobbol-4452622870,Atendente,,scraped,2026-08-12T05:50:24.596565,
e0262d2d0ab2e7d8,https://br.linkedin.com/jobs/view/cozinheira-at-jobbol-4098517434,Cozinheira,,scraped,2026-08-12T05:51:35.475618,
caad2beb69622bd7,https://br.linkedin.com/jobs/view/operador-de-caixa-at-safe-park-4452316555,Operador de Caixa,Safe Park,failed|wp_post_failed,2026-08-12T05:53:06.699645,
824daad03b7e2030,https://br.linkedin.com/jobs/view/contador-at-jobbol-4452142936,Contador,,scraped,2026-08-12T05:53:09.463899,
1000671c420a9b01,https://br.linkedin.com/jobs/view/modelistaauxiliar-de-modelista-at-pertencer-desenvolvimento-humano-e-organizacional-4452309844,ModelistaAuxiliar de Modelista,,scraped,2026-08-12T05:53:21.124542,
1fdcf73f65f5a04b,https://br.linkedin.com/jobs/view/preparador-de-linha-de-produ%C3%A7%C3%A3o-at-jobbol-4453026486,Preparador de Linha de Produção,,scraped,2026-08-12T05:53:36.238555,
dd9e6224790b2701,https://br.linkedin.com/jobs/view/analista-de-frota-at-construrohr-4452312616,Analista de Frota,,scraped,2026-08-12T05:54:00.659818,
a3db6351d791dc38,https://br.linkedin.com/jobs/view/ajudante-de-carga-e-descarga-at-construrohr-4452342046,Ajudante de carga e descarga,,scraped,2026-08-12T05:55:15.108554,
c531d9582512060e,https://br.linkedin.com/jobs/view/operador-de-prensa-at-lampert-rh-digital-4452304762,Operador de prensa,,scraped,2026-08-12T05:55:28.811960,
72e7c0f5d88b165b,https://br.linkedin.com/jobs/view/motorista-at-soul-sociedade-de-%C3%B4nibus-uni%C3%A3o-ltda-4452318583,Motorista,,scraped,2026-08-12T05:55:41.007588,
4f6d6393eb3c1494,https://br.linkedin.com/jobs/view/operador-de-via-permanente-at-giordani-turismo-ltda-4452311815,Operador de Via Permanente,Giordani Turismo Ltda,failed|wp_post_failed,2026-08-12T05:56:18.494471,
8cd8e9d858a61089,https://br.linkedin.com/jobs/view/auxiliar-de-padaria-at-unidasul-distribuidora-aliment%C3%ADcia-s-a-4452322466,Auxiliar de Padaria,,scraped,2026-08-12T05:56:25.369552,
8ba18b37e56e9ef5,https://br.linkedin.com/jobs/view/auxiliar-de-servi%C3%A7os-gerais-at-orsegups-participa%C3%A7%C3%B5es-s-a-4452674627,Auxiliar de Serviços Gerais,Orsegups Participações S/A,failed|wp_post_failed,2026-08-12T05:56:56.214799,
7db11f7737392ab4,https://br.linkedin.com/jobs/view/prototipista-evviva-rs-at-grupo-bertolini-4452325539,Prototipista (Evviva - RS),,scraped,2026-08-12T05:56:58.906867,
86e1cc26247c3ad9,https://br.linkedin.com/jobs/view/repositor-de-mercadoria-at-auvergne-ambition-4452318975,Repositor de Mercadoria,,scraped,2026-08-12T05:57:06.400252,
0ecb0fa8759bfd8a,https://br.linkedin.com/jobs/view/auxiliar-de-almoxarifado-at-tomasi-rh-4451925177,Auxiliar de almoxarifado,,scraped,2026-08-12T05:58:20.860099,
8676d9220aaf96d2,https://br.linkedin.com/jobs/view/auxiliar-de-limpeza-petz-prot%C3%A1sio-alves-at-petz-4452641040,Auxiliar de Limpeza - Petz Protásio Alves,,scraped,2026-08-12T05:58:31.926399,
76c142281e2c5160,https://br.linkedin.com/jobs/view/auxiliar-de-servi%C3%A7os-gerais-porto-alegre-at-servi%C3%A7os-em-bim-4452304816,Auxiliar de Serviços Gerais PORTO ALEGRE,,scraped,2026-08-12T05:58:41.107792,
623de7167ebfcd41,https://br.linkedin.com/jobs/view/carregador-entregas-regi%C3%A3o-serra-at-alimentos-zaeli-4452318668,Carregador - Entregas -REGIÃO SERRA,,scraped,2026-08-12T05:58:47.803245,
54e8af2bbe073dbd,https://br.linkedin.com/jobs/view/comprador-matriz-rs-at-grupo-bertolini-4452310931,Comprador Matriz - RS,,scraped,2026-08-12T05:59:34.490098,
e430b0cd920c9430,https://br.linkedin.com/jobs/view/auxiliar-de-a%C3%A7ougue-at-unidasul-distribuidora-aliment%C3%ADcia-s-a-4452327931,Auxiliar de açougue,,scraped,2026-08-12T06:01:07.699944,
377cb08a98bbdcc4,https://br.linkedin.com/jobs/view/auxiliar-de-produ%C3%A7%C3%A3o-at-pertencer-desenvolvimento-humano-e-organizacional-4452322755,Auxiliar de produção,,scraped,2026-08-12T06:03:27.428576,
1aece539d9db9e77,https://br.linkedin.com/jobs/view/caixa-at-esta%C3%A7%C3%A3o-dos-churros-4452310918,Caixa,ESTAÇÃO DOS CHURROS,failed|wp_post_failed,2026-08-12T06:05:33.102039,
a4fe743ab5965a98,https://br.linkedin.com/jobs/view/auxiliar-de-ind%C3%BAstria-tupandi-at-construrohr-4452318486,Auxiliar de Indústria - Tupandi,,scraped,2026-08-12T06:05:45.737068,
ededec6b7ade65e9,https://br.linkedin.com/jobs/view/vagas-operacionais-de-loja-at-grupo-imec-4452320878,Vagas Operacionais de Loja,,scraped,2026-08-12T06:05:57.594028,
12c1c3dfc0b3fa0c,https://br.linkedin.com/jobs/view/auxiliar-de-cozinha-petiskeira-shopping-iguatemi-porto-alegre-at-petiskeira-restaurantes-4452309634,Auxiliar de Cozinha Petiskeira shopping Iguatemi Porto Alegre,,scraped,2026-08-12T06:07:10.104525,
d6cbe1beb568c913,https://br.linkedin.com/jobs/view/auxiliar-de-produ%C3%A7%C3%A3o-plataforma-hor%C3%A1rio-h-%C3%A0s-h-at-alimentos-zaeli-4452334030,Auxiliar de Produção - Plataforma - Horário h às h,,scraped,2026-08-12T06:07:17.763490,
299f06963a97d93f,https://br.linkedin.com/jobs/view/conferente-segmento-atacarejo-at-auvergne-ambition-4452323733,Conferente (segmento Atacarejo),,scraped,2026-08-12T06:07:26.269320,
9939e126340932e0,https://br.linkedin.com/jobs/view/vendedor-at-selsul-recursos-humanos-4452318551,Vendedor,,scraped,2026-08-12T06:07:37.307648,
93d6bce531ba96ee,https://br.linkedin.com/jobs/view/operador-de-perec%C3%ADveis-fiambreria-at-unidasul-distribuidora-aliment%C3%ADcia-s-a-4452311627,Operador de Perecíveis Fiambreria,,scraped,2026-08-12T06:08:49.690210,
c68a2bdb309c89ef,https://br.linkedin.com/jobs/view/operador-de-empilhadeira-at-unisuper-4452325705,Operador de empilhadeira,UniSuper,failed|wp_post_failed,2026-08-12T06:10:35.574474,
5b598fc38bdbe64a,https://br.linkedin.com/jobs/view/recepcionista-at-wizard-by-pearson-4452317470,Recepcionista,,scraped,2026-08-12T06:10:40.141239,
aac79913422eb81c,https://br.linkedin.com/jobs/view/auxiliar-de-produ%C3%A7%C3%A3o-at-stanley-black-decker-inc-4451956526,Auxiliar de Produção,"Stanley Black &amp; Decker, Inc.",failed|wp_post_failed,2026-08-12T06:11:02.410619,
c05f1e7263a531c7,https://br.linkedin.com/jobs/view/auxiliar-de-mec%C3%A2nico-at-grupo-crisdu-4452079088,Auxiliar de Mecânico,Grupo Crisdu,failed|wp_post_failed,2026-08-12T06:11:22.913215,
5cedb5f3b39d3df7,https://br.linkedin.com/jobs/view/corretor-de-im%C3%B3veis-at-call-4452324697,Corretor de imóveis,Call,failed|wp_post_failed,2026-08-12T06:12:47.039250,
ad655c3066be01b5,https://br.linkedin.com/jobs/view/porteiro-poa-condom%C3%ADnios-at-stv-seguran%C3%A7a-4452301844,Porteiro POA Condomínios,,scraped,2026-08-12T06:12:57.644506,
4587b84aaad5ed70,https://br.linkedin.com/jobs/view/ajudante-de-manuten%C3%A7%C3%A3o-at-jobbol-4453047316,Ajudante de Manutenção,,scraped,2026-08-12T06:14:07.791051,
1c54695ce0c26484,https://br.linkedin.com/jobs/view/cozinheira-at-jobbol-4453037401,Cozinheira,,scraped,2026-08-12T06:14:21.117294,
cf7fac163a1453eb,https://br.linkedin.com/jobs/view/farmac%C3%AAutico-at-jobbol-4452631393,Farmacêutico,,scraped,2026-08-12T06:14:39.238359,
65eb6ffd4a549920,https://br.linkedin.com/jobs/view/auxiliar-de-produ%C3%A7%C3%A3o-eviscera%C3%A7%C3%A3o-hor%C3%A1rio-h-%C3%A0s-h-at-alimentos-zaeli-4452310586,Auxiliar de produção - Evisceração - Horário h às h,,scraped,2026-08-12T06:14:58.984671,
4efb9656f770e7f8,https://br.linkedin.com/jobs/view/operador-de-caixa-at-jobbol-4453048300,Operador de Caixa,,scraped,2026-08-12T06:15:15.650608,
8ffa7fec2831dd15,https://br.linkedin.com/jobs/view/assistente-de-loca%C3%A7%C3%B5es-at-cursor-4452325884,Assistente De Locações,,scraped,2026-08-12T06:16:30.401304,
e4de0a2e2a7fe89a,https://br.linkedin.com/jobs/view/instrutor-a-de-portugu%C3%AAs-at-grau-t%C3%A9cnico-4452310531,Instrutor(a) de Português,Grau Técnico,failed|wp_post_failed,2026-08-12T06:18:02.992205,
84e3f0b74e38a0a8,https://br.linkedin.com/jobs/view/instalador-portaria-remota-at-grupo-volpato-seguran%C3%A7a-4452305568,Instalador Portaria Remota,,scraped,2026-08-12T06:18:05.783977,
99c609519b9cec96,https://br.linkedin.com/jobs/view/auxiliar-de-produ%C3%A7%C3%A3o-evviva-rs-at-grupo-bertolini-4452312805,Auxiliar de Produção EVVIVA - RS,,scraped,2026-08-12T06:18:28.117794,
2e3aa39b059bf26e,https://br.linkedin.com/jobs/view/promotor-de-vendas-at-ag%C3%AAncia-cinco-4452311781,Promotor de vendas,,scraped,2026-08-12T06:18:37.679468,
7bfb06794b40695f,https://br.linkedin.com/jobs/view/assistente-de-departamento-pessoal-at-buzin-transportes-4452324806,Assistente de departamento pessoal,,scraped,2026-08-12T06:19:47.889654,
fb553d8381cac90d,https://br.linkedin.com/jobs/view/porteiro-ferista-poa-condom%C3%ADnios-cnh-a-ou-ab-at-stv-seguran%C3%A7a-4452306698,Porteiro Ferista POA Condomínios - CNH A ou AB,,scraped,2026-08-12T06:19:59.748565,
116cd26425158ced,https://br.linkedin.com/jobs/view/gerente-de-unidade-jr-at-cbs-pvt-ltd-4452322498,GERENTE DE UNIDADE JR,CBS Pvt Ltd,failed|wp_post_failed,2026-08-12T06:21:28.601575,
8c2fa8f2d5e83bbb,https://br.linkedin.com/jobs/view/atendente-comercial-at-unidasul-distribuidora-aliment%C3%ADcia-s-a-4452326824,Atendente Comercial,,scraped,2026-08-12T06:21:39.273533,
23e258b8daeb19a7,https://br.linkedin.com/jobs/view/auxiliar-de-limpeza-tempor%C3%A1rio-ferista-port%C3%A3o-at-gba-facilities-4452326965,Auxiliar de limpeza temporário -Ferista - Portão,,scraped,2026-08-12T06:22:07.674410,
4d18717df208e32d,https://br.linkedin.com/jobs/view/ajudante-interno-armazenagem-cachoeirinha-rs-at-the-heineken-company-4451993046,Ajudante Interno Armazenagem - Cachoeirinha - RS,The HEINEKEN Company,failed|wp_post_failed,2026-08-12T06:23:37.726772,
854afa643d6045a8,https://br.linkedin.com/jobs/view/eletricista-de-veiculos-i-at-mercurio-4452326551,ELETRICISTA DE VEICULOS I,Mercurio,failed|wp_post_failed,2026-08-12T06:23:54.521253,
6c93e7e942eebf1c,https://br.linkedin.com/jobs/view/operador-multifuncional-i-at-midea-carrier-brasil-4449876157,Operador Multifuncional I,,scraped,2026-08-12T06:24:01.417827,
9c3a51c0ddfdc999,https://br.linkedin.com/jobs/view/recepcionista-masculino-poa-condom%C3%ADnios-bairro-petr%C3%B3polis-at-stv-seguran%C3%A7a-4452317468,Recepcionista masculino POA Condomínios - Bairro Petrópolis,,scraped,2026-08-12T06:25:13.565487,
70736b20bcba7569,https://br.linkedin.com/jobs/view/gerente-de-unidade-pleno-at-cbs-pvt-ltd-4452323906,Gerente de Unidade Pleno,CBS Pvt Ltd,failed|wp_post_failed,2026-08-12T06:26:51.143077,
0240baa433ccc976,https://br.linkedin.com/jobs/view/almoxarife-i-cachoeirinha-rs-at-telemont-4450018853,ALMOXARIFE I (CACHOEIRINHA/RS),,scraped,2026-08-12T06:26:59.841287,
563ec0f809c40e5e,https://br.linkedin.com/jobs/view/operador-de-expedi%C3%A7%C3%A3o-at-cartrom-embalagens-4451944872,Operador de Expedição,,scraped,2026-08-12T06:27:06.155885,
69ec0f8a47a73f9a,https://br.linkedin.com/jobs/view/mec%C3%A2nico-de-pista-at-selsul-recursos-humanos-4452307778,Mecânico de Pista,,scraped,2026-08-12T06:27:18.746947,
6efc28d44bfd2a57,https://br.linkedin.com/jobs/view/swiss-german-customer-care-specialist-at-taskus-4438752961,Swiss German Customer Care Specialist,TaskUs,failed|wp_post_failed,2026-08-12T06:27:39.997752,
ecaeb42047c88660,https://br.linkedin.com/jobs/view/assistente-de-facilities-argenta-at-argenta-4450302755,Assistente de Facilities | ARGENTA,,scraped,2026-08-12T06:27:42.764889,
542b0f19021c5bd1,https://br.linkedin.com/jobs/view/auxiliar-t%C3%A9cnico-a-de-redes-sapucaia-do-sul-at-unifique-4449838203,Auxiliar Técnico(a) de Redes | Sapucaia do Sul,,scraped,2026-08-12T06:27:50.923631,
fa392a8676c76d7f,https://br.linkedin.com/jobs/view/agenciador-de-im%C3%B3veis-loca%C3%A7%C3%A3o-de-alto-padr%C3%A3o-contrato-clt-at-cursor-4452310743,Agenciador De Imóveis - Locação De Alto Padrão - Contrato CLT,,scraped,2026-08-12T06:27:58.198321,
544e0552fd7f6a59,https://br.linkedin.com/jobs/view/auxiliar-de-instala%C3%A7%C3%A3o-e-manuten%C3%A7%C3%A3o-at-jobbol-4098517447,Auxiliar de Instalação e Manutenção,,scraped,2026-08-12T06:28:10.989062,
2f1a7ae99ee63d89,https://br.linkedin.com/jobs/view/auxiliar-de-produ%C3%A7%C3%A3o-na-%C3%A1rea-aliment%C3%ADcia-at-jobbol-4453029461,Auxiliar de Produção na área Alimentícia,,scraped,2026-08-12T06:28:22.599064,
4b0d324ed034c0ed,https://br.linkedin.com/jobs/view/auxiliar-de-produ%C3%A7%C3%A3o-at-cursor-4452319775,Auxiliar de produção,,scraped,2026-08-12T06:29:37.413034,
5f931d7d54536b9c,https://br.linkedin.com/jobs/view/auxiliar-de-produ%C3%A7%C3%A3o-t-bertolini-tubos-rs-at-grupo-bertolini-4452305534,Auxiliar de Produção - T Bertolini Tubos - RS,,scraped,2026-08-12T06:29:59.743242,
d2416f1125ce0e14,https://br.linkedin.com/jobs/view/operador-do-sistema-bling-at-serrana-materiais-p-constru%C3%A7%C3%A3o-4451963499,Operador do Sistema bling,Serrana Materiais p/ Construção,failed|wp_post_failed,2026-08-12T07:42:52.868231,
1484e11e737d155f,https://br.linkedin.com/jobs/view/auxiliar-de-limpeza-at-wizard-by-pearson-4452327819,Auxiliar de limpeza,,scraped,2026-08-12T07:42:55.702535,
22eb7c34c142ef77,https://br.linkedin.com/jobs/view/elet-ilum-publica-at-mercurio-4452319550,ELET. ILUM PUBLICA,Mercurio,failed|wp_post_failed,2026-08-12T07:44:34.326329,
2978dcc50efd4104,https://br.linkedin.com/jobs/view/operador-de-prensa-at-pertencer-desenvolvimento-humano-e-organizacional-4452327967,Operador de prensa,,scraped,2026-08-12T07:45:58.963572,
36ab24057f0b763b,https://br.linkedin.com/jobs/view/confeiteiro-at-jobbol-4453030452,Confeiteiro,,scraped,2026-08-12T07:46:10.709722,
b664852267a8cbaf,https://br.linkedin.com/jobs/view/higienizadora-cl%C3%ADnica-de-repouso-at-pertencer-desenvolvimento-humano-e-organizacional-4452312578,Higienizadora (clínica de repouso),,scraped,2026-08-12T07:46:20.541829,
71546975fd2e9a0e,https://br.linkedin.com/jobs/view/repositor-de-horti-at-supermercados-andreazza-4451912315,Repositor de Horti,,scraped,2026-08-12T07:46:43.744272,
d7913c0b6f834100,https://br.linkedin.com/jobs/view/agente-comercial-at-mercurio-4452319928,Agente comercial,Mercurio,failed|wp_post_failed,2026-08-12T07:47:52.532680,
0bce5ebe69137a9c,https://br.linkedin.com/jobs/view/preparador-a-de-linha-de-produ%C3%A7%C3%A3o-at-peopleware-rh-4451908702,Preparador (a) de linha de produção,,scraped,2026-08-12T07:47:55.410437,
db20de3fa5b072b8,https://br.linkedin.com/jobs/view/gerente-de-loja-%E2%80%93-confec%C3%A7%C3%B5es-%E2%80%93-viam%C3%A3o-%E2%80%93-rs-nova-vaga-dispon%C3%ADvel-at-buscarvagas-empregos-brasil-4452425009,Gerente de Loja – Confecções – Viamão – RS - Contratação Ativa,,scraped,2026-08-12T07:48:20.103245,
eff45f8c462afd43,https://br.linkedin.com/jobs/view/back-office-gestione-clienti-at-best-of-rent-agenzia-leasys-4451981027,BACK OFFICE / GESTIONE CLIENTI,,scraped,2026-08-12T07:49:06.201554,
3f3a4a95eb78e2c2,https://br.linkedin.com/jobs/view/supridor-de-loja-at-jobbol-4453039369,Supridor de Loja,,scraped,2026-08-12T07:49:43.038697,
61610399875df08b,https://br.linkedin.com/jobs/view/instalador-at-jobbol-4453033413,Instalador,,scraped,2026-08-12T07:49:52.334446,
4babb3c988104621,https://br.linkedin.com/jobs/view/operador-de-perec%C3%ADveis-fiambreria-at-unidasul-distribuidora-aliment%C3%ADcia-s-a-4452325799,Operador de Perecíveis Fiambreria,,scraped,2026-08-12T07:50:21.616217,
99d4cee1d802f4a0,https://br.linkedin.com/jobs/view/montador-pcd-at-pertencer-desenvolvimento-humano-e-organizacional-4452312664,Montador PCD,,scraped,2026-08-12T07:50:46.199466,
59fa21866aa0788b,https://br.linkedin.com/jobs/view/auxiliar-de-pintura-e-turno-at-pertencer-desenvolvimento-humano-e-organizacional-4452315732,Auxiliar de Pintura e turno,,scraped,2026-08-12T07:51:15.696347,
3037b52378f1b2e7,https://br.linkedin.com/jobs/view/almoxarife-%E2%80%93-porto-alegre-%E2%80%93-rs-contrata%C3%A7%C3%A3o-ativa-at-buscarvagas-empregos-brasil-4450107402,Almoxarife – Porto Alegre – RS - Contratação Ativa,,scraped,2026-08-12T07:51:23.206568,
e3003c4b4b8c8b06,https://br.linkedin.com/jobs/view/operador-de-m%C3%A1quinas-turno-at-pertencer-desenvolvimento-humano-e-organizacional-4452304726,Operador de máquinas - Turno,,scraped,2026-08-12T07:51:30.986132,
20c6748ab2601873,https://br.linkedin.com/jobs/view/recepcionista-masculino-at-stv-seguran%C3%A7a-4452312757,Recepcionista Masculino,,scraped,2026-08-12T07:51:38.483603,
5831278c81ae6d95,https://br.linkedin.com/jobs/view/operador-de-corte-e-montagem-1-e-2-turno-at-pertencer-desenvolvimento-humano-e-organizacional-4452310804,Operador de Corte e Montagem (1 e 2 turno),,scraped,2026-08-12T07:52:28.941076,
7fcb4452e2b655e4,https://br.linkedin.com/jobs/view/consultor-comercial-at-lampert-rh-digital-4452309513,Consultor comercial,,scraped,2026-08-12T07:52:40.738930,
f45e0f051170240d,https://br.linkedin.com/jobs/view/auxiliar-de-produ%C3%A7%C3%A3o-at-stanley-black-decker-inc-4451959210,Auxiliar de Produção,"Stanley Black &amp; Decker, Inc.",failed|wp_post_failed,2026-08-12T07:53:30.535307,
8a070427057d54ee,https://br.linkedin.com/jobs/view/porteiro-ronda-poa-condom%C3%ADnios-bairro-jardim-do-salso-at-stv-seguran%C3%A7a-4452311738,Porteiro Ronda POA Condomínios - Bairro Jardim Do Salso,,scraped,2026-08-12T07:54:25.146883,
4ae1894dd16bb262,https://br.linkedin.com/jobs/view/armazenista-expedi%C3%A7%C3%A3o-hor%C3%A1rio-h-%C3%A0s-h-at-alimentos-zaeli-4452323562,Armazenista - Expedição - Horário h às h,,scraped,2026-08-12T07:54:33.630237,
22f1b59aa8fdce42,https://br.linkedin.com/jobs/view/gar%C3%A7om-petiskeira-park-barigui-curitiba-at-petiskeira-restaurantes-4452305684,Garçom Petiskeira Park Barigui - Curitiba,,scraped,2026-08-12T07:54:54.141359,
1584bee9da703817,https://br.linkedin.com/jobs/view/auxiliar-de-estoque-log%C3%ADstica-petiskeira-villagio-caxias-do-sul-at-petiskeira-restaurantes-4452344000,Auxiliar de Estoque Logística Petiskeira Villagio Caxias do Sul,,scraped,2026-08-12T07:55:03.683600,
ea94de718968325f,https://br.linkedin.com/jobs/view/analista-de-departamento-pessoal-escrit%C3%B3rio-cont%C3%A1bil-at-pertencer-desenvolvimento-humano-e-organizacional-4452325724,Analista de Departamento Pessoal Escritório contábil,,scraped,2026-08-12T07:55:11.013759,
51083493fccb4228,https://br.linkedin.com/jobs/view/auxiliar-de-a%C3%A7ougue-at-jobbol-4453043382,Auxiliar de Açougue,,scraped,2026-08-12T07:55:36.421327,
7352d84faf0195ca,https://br.linkedin.com/jobs/view/auxiliar-de-produ%C3%A7%C3%A3o-sala-de-cortes-hor%C3%A1rio-h-%C3%A0s-h-at-alimentos-zaeli-4452323630,Auxiliar de produção - Sala de cortes - Horário h às h,,scraped,2026-08-12T07:55:49.962652,
6e3f60cf67192be6,https://br.linkedin.com/jobs/view/analista-de-compras-at-lampert-rh-digital-4452327687,Analista de Compras,,scraped,2026-08-12T07:55:58.441163,
ca0b1729b57ffb05,https://br.linkedin.com/jobs/view/movimentador-de-materiais-i-at-pertencer-desenvolvimento-humano-e-organizacional-4452318965,Movimentador de Materiais I,,scraped,2026-08-12T07:56:05.520829,
6303c45e8d721366,https://br.linkedin.com/jobs/view/atendente-comercial-at-unidasul-distribuidora-aliment%C3%ADcia-s-a-4452308913,Atendente Comercial,,scraped,2026-08-12T07:56:26.954830,
8d8683fdbe4eb257,https://br.linkedin.com/jobs/view/instrutor-de-el%C3%A9trica-at-grau-t%C3%A9cnico-4452314666,Instrutor de Elétrica,Grau Técnico,failed|wp_post_failed,2026-08-12T07:56:54.389195,
2dc64e64857c17ae,https://br.linkedin.com/jobs/view/analista-de-compras-eletro-at-lojas-quero-quero-s-a-4453047794,Analista de Compras (Eletro),Lojas Quero-Quero S.A.,failed|wp_post_failed,2026-08-12T07:57:46.358103,
e71472e7dc69e2b8,https://br.linkedin.com/jobs/view/assistente-de-programa%C3%A7%C3%A3o-log%C3%ADstica-at-giordani-turismo-ltda-4452323565,Assistente de Programação Logística,Giordani Turismo Ltda,failed|wp_post_failed,2026-08-12T07:58:22.420972,
3b6e7c2f2e6a7991,https://br.linkedin.com/jobs/view/operador-de-cobran%C3%A7a-junior-canoas-at-redebrasil-gest%C3%A3o-de-ativos-4452309519,Operador de Cobrança Junior Canoas,,scraped,2026-08-12T07:58:27.077070,
1251cc55d4134650,https://br.linkedin.com/jobs/view/atendente-de-balc%C3%A3o-petiskeira-grill-shopping-iguatemi-porto-alegre-at-petiskeira-restaurantes-4452323915,Atendente de Balcão- Petiskeira Grill shopping Iguatemi Porto Alegre,,scraped,2026-08-12T07:58:46.031190,
e2637b6dbe0f9ab6,https://br.linkedin.com/jobs/view/fresador-a-cnc-at-grendene-s-a-4449511060,Fresador(a) CNC,,scraped,2026-08-12T07:58:53.535514,
10f5cb937e207955,https://br.linkedin.com/jobs/view/vendedor-at-selsul-recursos-humanos-4452324489,Vendedor,,scraped,2026-08-12T07:59:03.049260,
dd272b3602af8b25,https://br.linkedin.com/jobs/view/auxiliar-de-produ%C3%A7%C3%A3o-auxiliar-de-soldador-tig-at-theodosio-randon-4449137310,Auxiliar de Produção (Auxiliar de Soldador TIG),,scraped,2026-08-12T07:59:09.893176,
ca7d6d4f539f7449,https://br.linkedin.com/jobs/view/operador-de-extrusora-at-soft-film-ind%C3%BAstria-e-com%C3%A9rcio-de-pl%C3%A1sticos-ltda-4452318878,Operador de Extrusora,,scraped,2026-08-12T07:59:18.485202,
b01e92c470272c53,https://br.linkedin.com/jobs/view/operador-de-m%C3%A1quina-i-estamparia-at-pertencer-desenvolvimento-humano-e-organizacional-4452309568,Operador de Máquina I Estamparia,,scraped,2026-08-12T07:59:31.491022,
cbca4cf642948baf,https://br.linkedin.com/jobs/view/preparadorprogramador-de-injetora-at-lampert-rh-digital-4452323745,PreparadorProgramador de Injetora,,scraped,2026-08-12T07:59:40.874039,
930843df2f6c2f9b,https://br.linkedin.com/jobs/view/inspetor-da-qualidade-at-pertencer-desenvolvimento-humano-e-organizacional-4452307780,Inspetor da Qualidade,,scraped,2026-08-12T07:59:48.025011,
734bf25099a56c6d,https://br.linkedin.com/jobs/view/auxiliar-de-produ%C3%A7%C3%A3o-e-turno-at-pertencer-desenvolvimento-humano-e-organizacional-4452329021,Auxiliar de Produção e turno,,scraped,2026-08-12T08:00:08.519543,
4d98689724d987cc,https://br.linkedin.com/jobs/view/assistente-de-cobran%C3%A7a-at-lampert-rh-digital-4452327799,Assistente de Cobrança,,scraped,2026-08-12T08:00:18.034925,
dbb25b0b1b6f4f0d,https://br.linkedin.com/jobs/view/ferramenteiro-n%C3%ADvel-i-at-pertencer-desenvolvimento-humano-e-organizacional-4452304987,Ferramenteiro nível I,,scraped,2026-08-12T08:00:24.727629,
945cdd49314426bc,https://br.linkedin.com/jobs/view/operador-de-empilhadeira-at-lampert-rh-digital-4452315750,Operador de empilhadeira,,scraped,2026-08-12T08:00:32.280780,
4250ec3704197971,https://br.linkedin.com/jobs/view/auxiliar-de-dep%C3%B3sito-at-pertencer-desenvolvimento-humano-e-organizacional-4452315446,Auxiliar de Depósito,,scraped,2026-08-12T08:00:39.000682,
e326457873466649,https://br.linkedin.com/jobs/view/auxiliar-de-produ%C3%A7%C3%A3o-operador-de-empilhadeira-at-lampert-rh-digital-4452320842,Auxiliar de Produção Operador de Empilhadeira,,scraped,2026-08-12T08:00:46.264931,
894a433a5cd33487,https://br.linkedin.com/jobs/view/supervisor-de-cobran%C3%A7a-at-jobbol-4450764453,Supervisor de Cobrança,Jobbol,failed|wp_post_failed,2026-08-12T08:01:17.356365,
6aa6eb9626269f6a,https://br.linkedin.com/jobs/view/l%C3%ADder-de-produ%C3%A7%C3%A3o-lavanderia-industrial-at-cic-empregos-4449788911,Líder de produção - Lavanderia Industrial,,scraped,2026-08-12T08:01:20.015540,
c3707112d6c229a2,https://br.linkedin.com/jobs/view/rappresentante-commerciale-sul-territorio-benevento-at-cosine-italy-4448052526,RAPPRESENTANTE COMMERCIALE SUL TERRITORIO | BENEVENTO,,scraped,2026-08-12T08:01:26.649823,
6df1ed085c99150c,https://br.linkedin.com/jobs/view/operador-de-central-i-at-grupo-volpato-seguran%C3%A7a-4452327575,Operador de Central I,,scraped,2026-08-12T08:02:36.851448,
c3ae1ffab9548a45,https://br.linkedin.com/jobs/view/encarregado-de-log%C3%ADstica-at-cbs-pvt-ltd-4452325862,Encarregado de Logística,CBS Pvt Ltd,failed|wp_post_failed,2026-08-12T08:03:02.220899,
efe9080dc055fde3,https://br.linkedin.com/jobs/view/inspetor-de-qualidade-t2-bertolini-unidade-de-tubos-rs-at-grupo-bertolini-4452305481,Inspetor de Qualidade T2 (Bertolini Unidade de Tubos - RS),,scraped,2026-08-12T08:03:04.865596,
5f2b4b75a68cceec,https://br.linkedin.com/jobs/view/professor-de-portugu%C3%AAs-at-jobbol-4451871538,Professor de Português,,scraped,2026-08-12T08:03:12.361073,
52db36b1252bde34,https://br.linkedin.com/jobs/view/eletricista-predial-%E2%80%93-canoas-%E2%80%93-rs-profissionais-solicitados-at-manuservicers-4449292813,Eletricista Predial – Canoas – RS - Alerta de Vaga,ManuServiceRS,failed|wp_post_failed,2026-08-12T08:03:32.978091,
ccd36bb2be45f327,https://br.linkedin.com/jobs/view/analista-de-departamento-pessoal-at-jobbol-4449910236,Analista de Departamento Pessoal,,scraped,2026-08-12T08:03:35.612104,
00268c30bc35d06c,https://br.linkedin.com/jobs/view/promotor-igrejinha-alerta-de-vaga-at-severas-merchandising-4449294694,Promotor - Igrejinha - Alerta de Vaga,,scraped,2026-08-12T09:18:38.408242,
22008cc4d8c84330,https://br.linkedin.com/jobs/view/bibliotec%C3%A1ria-escolar-alerta-de-vaga-at-jose-itamar-dos-santos-penteado-4449297489,Bibliotecária Escolar - Alerta de Vaga,Jose Itamar Dos Santos Penteado,failed|wp_post_failed,2026-08-12T09:19:01.785517,
90cddd92efeace93,https://br.linkedin.com/jobs/view/bibliotec%C3%A1ria-escolar-alvorada-oportunidade-atual-at-jose-itamar-dos-santos-penteado-4449286859,Bibliotecária Escolar - Alvorada - Oportunidade Atual,Jose Itamar Dos Santos Penteado,failed|wp_post_failed,2026-08-12T09:19:20.234173,
c674e4a672210f8f,https://br.linkedin.com/jobs/view/polidor-de-a%C3%A7o-inox-gravata%C3%AD-alerta-de-vaga-at-db-4452421164,Polidor de Aço Inox - Gravataí. - Alerta de Vaga,,scraped,2026-08-12T09:19:24.857272,
9691dc2694ad7211,https://br.linkedin.com/jobs/view/oficial-manutencao-predial-alerta-de-vaga-at-manuservicers-4449503179,Oficial Manutencao Predial - Alerta de Vaga,ManuServiceRS,failed|wp_post_failed,2026-08-12T09:19:48.232732,
f1f12159d9b4fd3e,https://br.linkedin.com/jobs/view/polidor-de-a%C3%A7o-inox-gravata%C3%AD-gravata%C3%AD-oportunidade-atual-at-db-4452404586,Polidor de Aço Inox - Gravataí. - Gravataí - Oportunidade Atual,,scraped,2026-08-12T09:19:50.811057,
1c0cecaccd7a48a7,https://br.linkedin.com/jobs/view/auxiliar-de-servi%C3%A7os-gerais-alerta-de-vaga-at-desenfecsul-limpadora-e-conservadora-de-pr%C3%A9dios-ltda-4449294722,Auxiliar de Serviços Gerais - Alerta de Vaga,Desenfecsul Limpadora e Conservadora de Prédios LTDA.,failed|wp_post_failed,2026-08-12T09:20:37.060452,
0291fd1b85e8df08,https://br.linkedin.com/jobs/view/montador-higienista-%E2%80%93-porto-alegre-%E2%80%93-rs-alerta-de-vaga-at-sogipa-4452421193,Montador Higienista – Porto Alegre – RS - Alerta de Vaga,,scraped,2026-08-12T09:20:41.728500,
d0eaf66f23f643c4,https://br.linkedin.com/jobs/view/auxiliar-de-cozinha-at-jobbol-4453043388,Auxiliar de Cozinha,,scraped,2026-08-12T09:21:04.945132,
0f642fee1d785125,https://br.linkedin.com/jobs/view/auxiliar-de-limpeza-%E2%80%93-alvorada-%E2%80%93-rs-alvorada-oportunidade-atual-at-jose-itamar-dos-santos-penteado-4449506092,Auxiliar de Limpeza – Alvorada – RS - Alvorada - Oportunidade Atual,Jose Itamar Dos Santos Penteado,failed|wp_post_failed,2026-08-12T09:22:03.246727,
00fcea5013820b07,https://br.linkedin.com/jobs/view/oficial-manutencao-predial-canoas-oportunidade-atual-at-manuservicers-4449289909,Oficial Manutencao Predial - Canoas - Oportunidade Atual,ManuServiceRS,failed|wp_post_failed,2026-08-12T09:22:24.145721,
faefef18d095b3d8,https://br.linkedin.com/jobs/view/auxiliar-de-limpeza-%E2%80%93-alvorada-%E2%80%93-rs-alerta-de-vaga-at-jose-itamar-dos-santos-penteado-4449505180,Auxiliar de Limpeza – Alvorada – RS - Alerta de Vaga,Jose Itamar Dos Santos Penteado,failed|wp_post_failed,2026-08-12T09:22:44.345327,
8058c36bcda11de4,https://br.linkedin.com/jobs/view/caldeireiro-%E2%80%93-gua%C3%ADba-%E2%80%93-rs-gua%C3%ADba-oportunidade-atual-at-manuservicers-4449287835,Caldeireiro – Guaíba – RS - Guaíba - Oportunidade Atual,ManuServiceRS,failed|wp_post_failed,2026-08-12T09:23:03.288493,
6f05526cfee00fc4,https://br.linkedin.com/jobs/view/marceneiro-alerta-de-vaga-at-desenfecsul-limpadora-e-conservadora-de-pr%C3%A9dios-ltda-4449506100,Marceneiro - Alerta de Vaga,Desenfecsul Limpadora e Conservadora de Prédios LTDA.,failed|wp_post_failed,2026-08-12T09:23:43.166051,
195cd9cee29673c5,https://br.linkedin.com/jobs/view/lubrificador-industrial-%E2%80%93-cachoeirinha-alerta-de-vaga-at-manuservicers-4449505134,Lubrificador Industrial – Cachoeirinha - Alerta de Vaga,ManuServiceRS,failed|wp_post_failed,2026-08-12T09:24:05.170654,
e72bbc2f1a8e34f1,https://br.linkedin.com/jobs/view/auxiliar-de-servi%C3%A7os-gerais-lajeado-oportunidade-atual-at-desenfecsul-limpadora-e-conservadora-de-pr%C3%A9dios-ltda-4449501317,Auxiliar de Serviços Gerais - Lajeado - Oportunidade Atual,Desenfecsul Limpadora e Conservadora de Prédios LTDA.,failed|wp_post_failed,2026-08-12T09:24:30.770624,
b49c4425f4626aa6,https://br.linkedin.com/jobs/view/auxiliar-de-servi%C3%A7os-gerais-alerta-de-vaga-at-desenfecsul-limpadora-e-conservadora-de-pr%C3%A9dios-ltda-4449289880,Auxiliar de Serviços Gerais - Alerta de Vaga,Desenfecsul Limpadora e Conservadora de Prédios LTDA.,failed|wp_post_failed,2026-08-12T09:25:25.591258,
7b70ffaf86565888,https://br.linkedin.com/jobs/view/agente-de-monitoramento-gravata%C3%AD-oportunidade-atual-at-graber-sistemas-de-seguran%C3%A7a-4449288806,Agente de Monitoramento - Gravataí - Oportunidade Atual,,scraped,2026-08-12T09:25:42.194653,
344106f8ab3d291d,https://br.linkedin.com/jobs/view/auxiliar-de-higieniza%C3%A7%C3%A3o-at-rede-drops-mot%C3%A9is-4452326731,Auxiliar de Higienização,,scraped,2026-08-12T09:25:49.404905,
e6d2713ccbeee51e,https://br.linkedin.com/jobs/view/inside-sales-at-3s-corp-4449654799,Inside Sales,,scraped,2026-08-12T09:25:56.601515,
bd8ec5f6af96978e,https://br.linkedin.com/jobs/view/operador-de-telemarketing-ativo-cr%C3%A9dito-consignado-at-bem-servi%C3%A7os-4450780491,Operador de Telemarketing Ativo - Crédito Consignado,,scraped,2026-08-12T09:26:04.296629,
c4d544ddb3405c15,https://br.linkedin.com/jobs/view/auxiliar-de-loja-at-lojas-linna-4448496919,Auxiliar de Loja,Lojas Linna,failed|wp_post_failed,2026-08-12T09:26:29.388299,
6e3799372f1d125d,https://br.linkedin.com/jobs/view/promotor-a-de-cart%C3%B5es-canoas-at-grupo-pereira-4452083120,PROMOTOR(A) DE CARTÕES - CANOAS,,scraped,2026-08-12T09:26:32.011152,
81861d923fc09526,https://br.linkedin.com/jobs/view/vendedor-em-loja-de-eletrodom%C3%A9sticos-at-cic-empregos-4450008095,Vendedor em Loja de Eletrodomésticos,,scraped,2026-08-12T09:26:39.640309,
21079614f2f6860a,https://br.linkedin.com/jobs/view/eletricista-at-superlegal-brinquedos-4450773798,ELETRICISTA,Superlegal Brinquedos,failed|wp_post_failed,2026-08-12T09:27:06.589191,
6b20f3fb65326bda,https://br.linkedin.com/jobs/view/analista-de-marketing-4449819101,Analista de marketing,Shopping L'america,failed|wp_post_failed,2026-08-12T09:27:21.080866,
10c7db2b05a2c976,https://br.linkedin.com/jobs/view/consultor-de-vendas-at-toko-tintas-4449816759,Consultor de vendas,,scraped,2026-08-12T09:27:23.742684,
efc1e1876fa1ab5a,https://br.linkedin.com/jobs/view/auxiliar-de-limpeza-servi%C3%A7os-gerais-porto-alegre-oportunidade-atual-at-pequena-casa-da-crian%C3%A7a-4449506109,Auxiliar de Limpeza/Serviços Gerais - Porto Alegre - Oportunidade Atual,,scraped,2026-08-12T09:27:55.041053,
b53baa50577fc57f,https://br.linkedin.com/jobs/view/motorista-porto-alegre-oportunidade-atual-at-transportes-rodovia-sul-4450110422,Motorista - Porto Alegre - Oportunidade Atual,,scraped,2026-08-12T09:28:35.679073,
b965c727e7460e8a,https://br.linkedin.com/jobs/view/operador-de-torno-cnc-turno-at-pertencer-desenvolvimento-humano-e-organizacional-4452306960,Operador de Torno CNC Turno,,scraped,2026-08-12T09:29:41.297392,
4f09295e341f8721,https://br.linkedin.com/jobs/view/analista-cont%C3%A1bil-em-escrit%C3%B3rio-cont%C3%A1bil-no-desvio-rizzo-r%24-5-000-00-clt-at-cic-empregos-4451908332,"Analista Contábil em Escritório Contábil no Desvio RIzzo R$ 5.000,00 CLT",,scraped,2026-08-12T09:29:50.173451,
61f65bf76f60174f,https://br.linkedin.com/jobs/view/t%C3%A9cnico-laboratorista-at-jobbol-4450632474,Técnico Laboratorista,,scraped,2026-08-12T09:29:56.568144,
6b64eb07fbed7625,https://br.linkedin.com/jobs/view/vendedora-at-jobbol-4450772310,Vendedora,,scraped,2026-08-12T09:30:06.805718,
0846f6b050195bac,https://br.linkedin.com/jobs/view/consultor-de-loca%C3%A7%C3%A3o-de-im%C3%B3veis-contrato-clt-at-cursor-4452322787,Consultor De Locação De Imóveis - Contrato CLT,,scraped,2026-08-12T09:30:14.198933,
f11d973796c9b16b,https://br.linkedin.com/jobs/view/agente-de-relacionamento-at-jobbol-4448496425,Agente de Relacionamento,,scraped,2026-08-12T09:30:22.628184,
dae404b69e6d135f,https://br.linkedin.com/jobs/view/consultor-de-loca%C3%A7%C3%A3o-de-im%C3%B3veis-at-cursor-4452322707,Consultor De Locação De Imóveis,,scraped,2026-08-12T09:30:30.998217,
9a1dea8e8c3b0ceb,https://br.linkedin.com/jobs/view/assistente-de-departamento-pessoal-j%C3%BAnior-at-jobbol-4451549337,Assistente de Departamento Pessoal Júnior,,scraped,2026-08-12T09:30:37.413063,
b07a997a3759f546,https://br.linkedin.com/jobs/view/agente-analista-de-rh-canoas-oportunidade-atual-at-manuservicers-4449502287,Agente Analista de RH - Canoas - Oportunidade Atual,ManuServiceRS,failed|wp_post_failed,2026-08-12T09:31:09.038564,
ae164e303ae8d53c,https://br.linkedin.com/jobs/view/recepcionista-at-jobbol-4449962911,Recepcionista,,scraped,2026-08-12T09:31:21.728386,
883cd908f36047d3,https://br.linkedin.com/jobs/view/supridor-repositor-at-unidasul-distribuidora-aliment%C3%ADcia-s-a-4452309565,Supridor Repositor,,scraped,2026-08-12T09:31:30.273728,
c14b5fe07ba6061f,https://br.linkedin.com/jobs/view/analista-cont%C3%A1bil-at-agencia-santo-emprego-4452070302,Analista Contábil,Agencia Santo Emprego,failed|wp_post_failed,2026-08-12T09:31:55.369652,
366f21f55aafdebb,https://br.linkedin.com/jobs/view/operador-e-preparador-de-torno-cnc-turno-at-pertencer-desenvolvimento-humano-e-organizacional-4452315617,Operador e Preparador de Torno CNC - turno,,scraped,2026-08-12T09:31:57.919320,
54d9c2e9c96c2667,https://br.linkedin.com/jobs/view/agente-analista-de-rh-alerta-de-vaga-at-manuservicers-4449290749,Agente Analista de RH - Alerta de Vaga,ManuServiceRS,failed|wp_post_failed,2026-08-12T09:32:22.234072,
e6fee8f11ce45af4,https://br.linkedin.com/jobs/view/gerente-de-loja-de-conveni%C3%AAncia-at-cursor-4452309545,Gerente De Loja De Conveniência,,scraped,2026-08-12T09:32:43.007864,
fbf6f6e7ab694f54,https://br.linkedin.com/jobs/view/supervisor-senior-at-mercurio-4452321967,SUPERVISOR SENIOR,Mercurio,failed|wp_post_failed,2026-08-12T09:33:58.982264,
e1c8c91af13639f8,https://br.linkedin.com/jobs/view/meio-oficial-manuten%C3%A7%C3%A3o-industrial-porto-alegre-oportunidade-atual-at-manuservicers-4449289852,Meio Oficial Manutenção Industrial - Porto Alegre - Oportunidade Atual,ManuServiceRS,failed|wp_post_failed,2026-08-12T09:34:36.907435,
2ed499b5e18076ee,https://br.linkedin.com/jobs/view/atendente-de-padaria-at-jobbol-4453036417,Atendente de Padaria,,scraped,2026-08-12T09:34:55.466613,
0c89f06ee70b68e1,https://br.linkedin.com/jobs/view/profissional-de-apoio-escolar-porto-alegre-oportunidade-atual-at-pequena-casa-da-crian%C3%A7a-4449292858,Profissional de Apoio Escolar - Porto Alegre - Oportunidade Atual,,scraped,2026-08-12T09:36:04.803158,
daf651fdcbf57e80,https://br.linkedin.com/jobs/view/carregador-interno-expedi%C3%A7%C3%A3o-hor%C3%A1rio-h-%C3%A0s-h-at-alimentos-zaeli-4452305954,Carregador interno- Expedição - Horário h às h,,scraped,2026-08-12T09:36:26.929931,
6b482ecbb78b3167,https://br.linkedin.com/jobs/view/auxiliar-operacional-alerta-de-vaga-at-desenfecsul-limpadora-e-conservadora-de-pr%C3%A9dios-ltda-4449289884,Auxiliar Operacional - Alerta de Vaga,Desenfecsul Limpadora e Conservadora de Prédios LTDA.,failed|wp_post_failed,2026-08-12T09:37:04.473627,
ff3e89279404c962,https://br.linkedin.com/jobs/view/auxiliar-de-carga-e-descarga-porto-alegre-oportunidade-atual-at-transportes-rodovia-sul-4450116459,Auxiliar de Carga e Descarga - Porto Alegre - Oportunidade Atual,,scraped,2026-08-12T09:37:39.222109,
e3ccd2b26738a5fd,https://br.linkedin.com/jobs/view/professor-de-educa%C3%A7%C3%A3o-f%C3%ADsica-%E2%80%93-alvorada-%E2%80%93-rs-alvorada-oportunidade-atual-at-jose-itamar-dos-santos-penteado-4449501322,Professor de Educação Física – Alvorada – RS - Alvorada - Oportunidade Atual,Jose Itamar Dos Santos Penteado,failed|wp_post_failed,2026-08-12T09:38:15.837135,
21df43894be9242f,https://br.linkedin.com/jobs/view/atendente-comercial-canoas-oportunidade-atual-at-unisuper-4452406480,Atendente Comercial - Canoas - Oportunidade Atual,UniSuper,failed|wp_post_failed,2026-08-12T09:39:15.543277,
4f1183e2ab1e340c,https://br.linkedin.com/jobs/view/auxiliar-de-manuten%C3%A7%C3%A3o-alerta-de-vaga-at-hospital-israelita-albert-sabin-4449505126,Auxiliar de Manutenção - Alerta de Vaga,Hospital Israelita Albert Sabin,failed|wp_post_failed,2026-08-12T09:39:35.490824,
b47191a72a15b8cf,https://br.linkedin.com/jobs/view/cozinheiro-auxiliar-de-cozinha-caxias-do-sul-at-pertencer-desenvolvimento-humano-e-organizacional-4452317564,Cozinheiro Auxiliar de Cozinha - Caxias do Sul,,scraped,2026-08-12T09:40:42.122874,
bc7ee32c97274db0,https://br.linkedin.com/jobs/view/banco-de-talentos-m%C3%A1gicos-hector-studios-at-hector-studios-4453004917,Banco de Talentos Mágicos Hector Studios,,scraped,2026-08-12T11:05:20.957088,
07287209820b2f0e,https://br.linkedin.com/jobs/view/banco-de-talentos-farroupilha-rs-at-futuro-recursos-humanos-4452382161,Banco de Talentos - Farroupilha/RS,,scraped,2026-08-12T11:05:43.443574,
6078ad0dde222333,https://br.linkedin.com/jobs/view/assistente-de-marketing-at-im%C3%B3veis-class-4451196559,Assistente de marketing,,scraped,2026-08-12T11:06:04.248897,
dcdc80e5c0dd0f07,https://br.linkedin.com/jobs/view/gerente-geral-ibis-styles-porto-alegre-moinhos-c%C3%B3d-5104-at-candidata-ai-4452120536,Gerente Geral | Ibis Styles Porto Alegre Moinhos  (Cód. 5104),,scraped,2026-08-12T11:06:18.037660,
7addcc9bd9517ec3,https://br.linkedin.com/jobs/view/caldeireiro-%E2%80%93-gua%C3%ADba-%E2%80%93-rs-alerta-de-vaga-at-manuservicers-4449502235,Caldeireiro – Guaíba – RS - Alerta de Vaga,ManuServiceRS,failed|wp_post_failed,2026-08-12T11:06:47.423391,
5403041fef49a608,https://br.linkedin.com/jobs/view/encarregado-de-limpeza-at-danlex-servi%C3%A7os-4452325947,Encarregado de Limpeza,,scraped,2026-08-12T11:06:50.063442,
362b65fc0365481c,https://br.linkedin.com/jobs/view/recepcionista-portaria-%E2%80%93-porto-alegre-%E2%80%93-rs-porto-alegre-oportunidade-atual-at-sogipa-4452411407,Recepcionista / Portaria – Porto Alegre – RS - Porto Alegre - Oportunidade Atual,,scraped,2026-08-12T11:06:57.355329,
453a2c1c064eda4b,https://br.linkedin.com/jobs/view/oficial-de-manutencao-predial-alerta-de-vaga-at-manuservicers-4449284968,Oficial de Manutencao Predial - Alerta de Vaga,ManuServiceRS,failed|wp_post_failed,2026-08-12T11:10:27.481161,
a385cfb0e4ee8ab0,https://br.linkedin.com/jobs/view/preparador-de-banhos-at-futuro-recursos-humanos-4452390080,Preparador de Banhos,,scraped,2026-08-12T11:10:48.151521,
6f1b3fb9ff5dcb87,https://br.linkedin.com/jobs/view/comprador-categorias-enlatados-limpeza-e-bebidas-at-grupo-zaffari-4450133146,"Comprador - Categorias: Enlatados, Limpeza e Bebidas.",,scraped,2026-08-12T11:11:20.076108,
5becf2f387053cf2,https://br.linkedin.com/jobs/view/porteiro-at-grupo-volpato-seguran%C3%A7a-4452305690,Porteiro,,scraped,2026-08-12T11:11:32.283486,
d397e1cab1134693,https://br.linkedin.com/jobs/view/banco-de-talentos-at-metadados-4453073889,Banco de talentos,,scraped,2026-08-12T11:11:47.543378,
0fa3a395c3818278,https://br.linkedin.com/jobs/view/supridor-de-hortifruti-at-jobbol-4453045386,Supridor de Hortifruti,,scraped,2026-08-12T11:12:23.621168,
281fbbcaf47740a1,https://br.linkedin.com/jobs/view/oficial-de-manuten%C3%A7%C3%A3o-predial-s%C3%A3o-leopoldo-oportunidade-atual-at-desenfecsul-limpadora-e-conservadora-de-pr%C3%A9dios-ltda-4449284950,Oficial de Manutenção Predial - São Leopoldo - Oportunidade Atual,Desenfecsul Limpadora e Conservadora de Prédios LTDA.,failed|wp_post_failed,2026-08-12T11:12:52.818694,
4959e2fc234e9d7e,https://br.linkedin.com/jobs/view/atendente-externo-%E2%80%93-gravata%C3%AD-%E2%80%93-rs-alerta-de-vaga-at-graber-sistemas-de-seguran%C3%A7a-4449288783,Atendente Externo – Gravataí – RS - Alerta de Vaga,,scraped,2026-08-12T11:13:05.395005,
8244a19e3935ab14,https://br.linkedin.com/jobs/view/auxiliar-de-servi%C3%A7os-gerais-alerta-de-vaga-at-pequena-casa-da-crian%C3%A7a-4449503213,Auxiliar de Serviços Gerais - Alerta de Vaga,,scraped,2026-08-12T11:13:41.478261,
9675e781c81318c8,https://br.linkedin.com/jobs/view/meio-oficial-manuten%C3%A7%C3%A3o-industrial-alerta-de-vaga-at-manuservicers-4449287840,Meio Oficial Manutenção Industrial - Alerta de Vaga,ManuServiceRS,failed|wp_post_failed,2026-08-12T11:14:05.903207,
6a35e77e38434626,https://br.linkedin.com/jobs/view/auxiliar-de-manuten%C3%A7%C3%A3o-porto-alegre-oportunidade-atual-at-hospital-israelita-albert-sabin-4449503235,Auxiliar de Manutenção - Porto Alegre - Oportunidade Atual,Hospital Israelita Albert Sabin,failed|wp_post_failed,2026-08-12T11:14:26.470480,
3607cc16287d1247,https://br.linkedin.com/jobs/view/auxiliar-de-projetos-at-altero-design-4452326705,Auxiliar de projetos,Altero Design,failed|wp_post_failed,2026-08-12T11:15:59.592792,
d41d403968fa777d,https://br.linkedin.com/jobs/view/auxiliar-de-estoque-at-jobbol-4452637316,Auxiliar de Estoque,,scraped,2026-08-12T11:16:24.166925,
d10b8995c20f6b6f,https://br.linkedin.com/jobs/view/balconista-de-padaria-at-jobbol-4452641141,Balconista de Padaria,,scraped,2026-08-12T11:16:47.726658,
a72d48ae9c0dde77,https://br.linkedin.com/jobs/view/armazenista-expedi%C3%A7%C3%A3o-hor%C3%A1rio-h-%C3%A0s-at-alimentos-zaeli-4452322979,Armazenista - Expedição - Horário h às,,scraped,2026-08-12T11:17:10.244395,
1b8b4f512f9e330d,https://br.linkedin.com/jobs/view/almoxarife-at-pertencer-desenvolvimento-humano-e-organizacional-4452307704,Almoxarife,,scraped,2026-08-12T11:17:19.029707,
f7768b02bd2acb55,https://br.linkedin.com/jobs/view/operador-de-m%C3%A1quinas-at-pertencer-desenvolvimento-humano-e-organizacional-4452307550,Operador de máquinas,,scraped,2026-08-12T11:17:34.737219,
9143bc255a0039c0,https://br.linkedin.com/jobs/view/t%C3%A9cnico-nutri%C3%A7%C3%A3o-at-selsul-recursos-humanos-4452323605,Técnico Nutrição,,scraped,2026-08-12T11:17:54.842354,
50e97ab3ed5fdc07,https://br.linkedin.com/jobs/view/atendente-comercial-pcd-canoas-oportunidade-atual-at-unisuper-4452416333,Atendente Comercial - PCD - Canoas - Oportunidade Atual,UniSuper,failed|wp_post_failed,2026-08-12T11:19:34.742196,
4efa426b317e30d1,https://br.linkedin.com/jobs/view/pintor-pintura-liquida-at-pertencer-desenvolvimento-humano-e-organizacional-4452307824,Pintor pintura liquida,,scraped,2026-08-12T11:20:35.316579,
d79bb54a05dd309a,https://br.linkedin.com/jobs/view/auxiliar-de-laborat%C3%B3rio-de-manipula%C3%A7%C3%A3o-at-jobbol-4451340341,Auxiliar de Laboratório de Manipulação,,scraped,2026-08-12T11:20:43.649476,
1e7629e28141ab4d,https://br.linkedin.com/jobs/view/atendente-at-jobbol-4450622728,Atendente,,scraped,2026-08-12T11:20:53.124578,
e75a95f0f0e8888d,https://br.linkedin.com/jobs/view/auxiliar-de-produ%C3%A7%C3%A3o-%C3%A1rea-montagem-embalagem-turno-at-pertencer-desenvolvimento-humano-e-organizacional-4452308669,Auxiliar de Produção - Área Montagem Embalagem - turno,,scraped,2026-08-12T11:21:01.990359,
0bc9c5e18071e922,https://br.linkedin.com/jobs/view/auxiliar-de-produ%C3%A7%C3%A3o-turno-at-pertencer-desenvolvimento-humano-e-organizacional-4452317605,Auxiliar de Produção - Turno,,scraped,2026-08-12T11:21:10.144027,
1f71223a7d9987ab,https://br.linkedin.com/jobs/view/operador-de-central-at-grupo-volpato-seguran%C3%A7a-4452305824,Operador de Central,,scraped,2026-08-12T11:21:22.112244,
b281c1c4000cfba1,https://br.linkedin.com/jobs/view/assistente-de-departamento-pessoal-escrit%C3%B3rio-cont%C3%A1bil-at-pertencer-desenvolvimento-humano-e-organizacional-4452318600,Assistente de Departamento Pessoal Escritório contábil,,scraped,2026-08-12T11:21:29.849139,
f59133c95331b9b1,https://br.linkedin.com/jobs/view/operador-de-cnc-at-jobbol-4452151663,Operador de CNC,,scraped,2026-08-12T11:21:37.957474,
41b98db243f499d5,https://br.linkedin.com/jobs/view/ajudante-de-motorista-caxias-do-sul-rs-at-access-funding-center-inc-4452386103,Ajudante de Motorista Caxias do Sul/RS,"Access Funding Center, Inc.",failed|wp_post_failed,2026-08-12T13:23:02.667134,
fbbae3347a408d00,https://br.linkedin.com/jobs/view/agente-di-zona-at-best-of-rent-agenzia-leasys-4453120185,AGENTE DI ZONA,,scraped,2026-08-12T13:23:13.193172,
740e2311e8f7e09f,https://br.linkedin.com/jobs/view/pintor-at-pertencer-desenvolvimento-humano-e-organizacional-4452320711,Pintor,,scraped,2026-08-12T13:24:36.929969,
1df55ece33be7b59,https://br.linkedin.com/jobs/view/auxiliar-de-padaria-at-supermercados-andreazza-4453015217,Auxiliar de Padaria,,scraped,2026-08-12T13:25:19.152698,
c7c2b790b472acc7,https://br.linkedin.com/jobs/view/auxiliar-de-padaria-at-supermercados-andreazza-4453007227,Auxiliar de Padaria,,scraped,2026-08-12T13:25:27.961302,
0202b91dde9c18c2,https://br.linkedin.com/jobs/view/fiscal-de-caixa-at-supermercados-andreazza-4453006253,Fiscal de Caixa,,scraped,2026-08-12T13:25:39.034329,
3bad83bfaa4d4ab3,https://br.linkedin.com/jobs/view/fiscal-de-caixa-i-at-supermercados-andreazza-4451911253,Fiscal de Caixa I,,scraped,2026-08-12T13:25:53.702626,
8f10a77344a51937,https://br.linkedin.com/jobs/view/operador-a-de-caixa-petz-di%C3%A1rio-de-not%C3%ADcias-at-petz-4450772135,Operador(a) de Caixa - Petz Diário de Notícias,,scraped,2026-08-12T13:26:54.705550,
52d2d367b8d16140,https://br.linkedin.com/jobs/view/auxiliar-de-produ%C3%A7%C3%A3o-at-lampert-rh-digital-4451658451,Auxiliar de Produção,,scraped,2026-08-12T13:27:04.411814,
de344ed17cfa87a1,https://br.linkedin.com/jobs/view/telemarketing-at-grupo-requipel-4448432416,Telemarketing,Grupo Requipel,failed|wp_post_failed,2026-08-12T13:27:34.737008,
3e42eda5967b4611,https://br.linkedin.com/jobs/view/operador-de-m%C3%A1quina-at-sul-corte-ferramentas-4453001257,Operador de Máquina,Sul Corte Ferramentas,failed|wp_post_failed,2026-08-12T13:27:54.141976,
f88646580de75a6b,https://br.linkedin.com/jobs/view/auxiliar-de-recursos-humanos-at-grupo-crisdu-4448731070,Auxiliar de Recursos Humanos,Grupo Crisdu,failed|wp_post_failed,2026-08-12T13:28:18.902328,
c0a696b8f8cc713c,https://br.linkedin.com/jobs/view/auxiliar-de-servi%C3%A7os-gerais-porto-alegre-oportunidade-atual-at-pequena-casa-da-crian%C3%A7a-4449286831,Auxiliar de Serviços Gerais - Porto Alegre - Oportunidade Atual,,scraped,2026-08-12T13:28:25.585918,
3846b59723d76c6e,https://br.linkedin.com/jobs/view/manuten%C3%A7%C3%A3o-predial-%E2%80%93-s%C3%A3o-leopoldo-sapucaia-do-sul-%E2%80%93-rs-alerta-de-vaga-at-manuservicers-4449297553,Manutenção Predial – São Leopoldo / Sapucaia do Sul – RS - Alerta de Vaga,ManuServiceRS,failed|wp_post_failed,2026-08-12T13:28:54.776834,
81f1948ecbf5f653,https://br.linkedin.com/jobs/view/assistente-de-recursos-humanos-at-jobbol-4451028169,Assistente de Recursos Humanos,,scraped,2026-08-12T13:29:07.571336,
5109131ccd3dcf64,https://br.linkedin.com/jobs/view/operador-de-caixa-at-jobbol-4452162023,Operador de Caixa,,scraped,2026-08-12T13:29:21.306370,
1d4d083f5b77e1f3,https://br.linkedin.com/jobs/view/analista-cont%C3%A1bil-at-jobbol-4451878503,Analista Contábil,,scraped,2026-08-12T13:29:33.166975,
d57e63a3a2094c95,https://br.linkedin.com/jobs/view/assistente-de-departamento-pessoal-at-jobbol-4451539670,Assistente de Departamento Pessoal,,scraped,2026-08-12T13:29:40.731617,
e259c999b861b40d,https://br.linkedin.com/jobs/view/assistente-administrativo-at-jobbol-4451022449,Assistente Administrativo,,scraped,2026-08-12T13:29:50.390841,
09c0055e3b14b5d0,https://br.linkedin.com/jobs/view/analista-fiscal-s%C3%AAnior-at-cursor-4452323784,Analista Fiscal Sênior,,scraped,2026-08-12T13:30:16.134261,
edd3c49f1707d117,https://br.linkedin.com/jobs/view/assistente-comercial-de-tecnologia-at-jobbol-4450704517,Assistente Comercial de Tecnologia,,scraped,2026-08-12T13:30:23.134623,
e9420921b14fbd6b,https://br.linkedin.com/jobs/view/auxiliar-de-atendimento-at-jobbol-4452161014,Auxiliar de Atendimento,,scraped,2026-08-12T13:30:30.809503,
e25b98a855d01d1a,https://br.linkedin.com/jobs/view/consultor-de-vendas-at-jobbol-4450764519,Consultor de Vendas,,scraped,2026-08-12T13:30:42.633751,
d02e7265c1da1663,https://br.linkedin.com/jobs/view/operadora-de-caixa-petiskeira-grill-shopping-iguatemi-porto-alegre-at-petiskeira-restaurantes-4452325599,Operadora de Caixa Petiskeira Grill Shopping Iguatemi Porto Alegre,,scraped,2026-08-12T13:30:50.982592,
69eb4983fce42e79,https://br.linkedin.com/jobs/view/diretor-de-opera%C3%A7%C3%B5es-at-jobbol-4451545586,Diretor de Operações,,scraped,2026-08-12T13:30:59.905791,
c98532a54788eee7,https://br.linkedin.com/jobs/view/eletricista-predial-%E2%80%93-canoas-%E2%80%93-rs-alerta-de-vaga-at-manuservicers-4449292813,Eletricista Predial – Canoas – RS - Alerta de Vaga,ManuServiceRS,failed|wp_post_failed,2026-08-12T13:31:25.327761,
5babe0a2a9112f03,https://br.linkedin.com/jobs/view/analista-de-controladoria-at-jobbol-4452143877,Analista de Controladoria,,scraped,2026-08-12T13:31:27.954494,
12507c701797fd41,https://br.linkedin.com/jobs/view/sales-ambassador-bologna-at-cosine-italy-4449864834,SALES AMBASSADOR | BOLOGNA,,scraped,2026-08-12T13:31:49.624848,
10d1ad19c241c6ef,https://br.linkedin.com/jobs/view/manuten%C3%A7%C3%A3o-predial-%E2%80%93-s%C3%A3o-leopoldo-sapucaia-do-sul-%3F-sapucaia-do-sul-oportunidade-atual-at-manuservicers-4449297565,Manutenção Predial – São Leopoldo / Sapucaia do Sul ?... - Sapucaia do Sul - Oportunidade Atual,ManuServiceRS,failed|wp_post_failed,2026-08-12T13:32:12.182509,
dd36a1deb2062381,https://br.linkedin.com/jobs/view/executivo-de-vendas-jr-porto-alegre-zona-sul-rs-at-pagbank-4393038729,Executivo de Vendas Jr.| Porto Alegre (Zona Sul) - RS,,scraped,2026-08-12T13:32:19.006870,
565bbd93dde7257b,https://br.linkedin.com/jobs/view/porteiro-at-stv-seguran%C3%A7a-4452312716,Porteiro,,scraped,2026-08-12T13:32:25.982531,
032a8f922f9d93a0,https://br.linkedin.com/jobs/view/analista-fiscal-pleno-at-cursor-4452343024,Analista Fiscal Pleno,,scraped,2026-08-12T13:32:35.258957,
8afe8f3a0a88342d,https://br.linkedin.com/jobs/view/auxiliar-de-a%C3%A7ougue-at-unidasul-distribuidora-aliment%C3%ADcia-s-a-4452320846,Auxiliar de açougue,,scraped,2026-08-12T13:32:42.019725,
bf179a4d2886c863,https://br.linkedin.com/jobs/view/executivo-de-vendas-jr-cachoeirinha-rs-at-pagbank-4393043399,Executivo de Vendas Jr.| Cachoeirinha - RS,,scraped,2026-08-12T13:32:51.153756,
c6b80a09680f1c24,https://br.linkedin.com/jobs/view/mec%C3%A2nico-de-manuten%C3%A7%C3%A3o-at-tomasi-rh-4450359204,Mecânico de Manutenção,,scraped,2026-08-12T13:32:58.688580,
18e04c7eb9e04213,https://br.linkedin.com/jobs/view/operador-programador-de-usinagem-cnc-e-rob%C3%B4-1-turno-at-pertencer-desenvolvimento-humano-e-organizacional-4452309718,Operador / Programador de Usinagem CNC e Robô - 1 turno,,scraped,2026-08-12T13:33:05.761888,
6e245019ab0eb2a2,https://br.linkedin.com/jobs/view/motorista-alerta-de-vaga-at-transportes-rodovia-sul-4450120461,Motorista - Alerta de Vaga,Transportes Rodovia Sul,failed|wp_post_failed,2026-08-12T13:34:06.776180,
5eca5d4089c9e22b,https://br.linkedin.com/jobs/view/assistente-de-medi%C3%A7%C3%B5es-e-or%C3%A7amentos-at-sheron-dalcin-desenvolvimento-humano-4453107414,Assistente de Medições e Orçamentos,Sheron Dalcin - Desenvolvimento Humano,failed|wp_post_failed,2026-08-12T13:34:36.591413,
97af4b666e77e819,https://br.linkedin.com/jobs/view/impressor-gr%C3%A1fico-bairro-bela-vista-at-lisandra-galv%C3%A3o-desenvolvimento-humano-ltda-4453012253,Impressor Gráfico - Bairro Bela Vista,Lisandra Galvão Desenvolvimento Humano Ltda,failed|wp_post_failed,2026-08-12T13:34:54.037317,
de22ec4da27def8a,https://br.linkedin.com/jobs/view/auxiliar-de-limpeza-feminino-poa-condom%C3%ADnios-at-stv-seguran%C3%A7a-4452315710,Auxiliar De Limpeza feminino POA Condomínios,,scraped,2026-08-12T13:35:06.659796,
2228b7307937b62f,https://br.linkedin.com/jobs/view/supervisor-de-vendas-lajeado-at-conex%C3%A3o-rh-4452305861,Supervisor de Vendas Lajeado,CONEXÃO RH,failed|wp_post_failed,2026-08-12T13:35:34.436576,
8ff4dcf1427292c4,https://br.linkedin.com/jobs/view/auxiliar-de-confec%C3%A7%C3%B5es-at-pertencer-desenvolvimento-humano-e-organizacional-4452304667,Auxiliar de Confecções,,scraped,2026-08-12T13:35:45.193043,
0d55483c8a36b0ca,https://br.linkedin.com/jobs/view/vaga-exclusiva-para-pcd-at-giordani-turismo-ltda-4452326589,Vaga exclusiva para PCD,Giordani Turismo Ltda,failed|wp_post_failed,2026-08-12T13:36:14.769357,
508db52ad5c4af15,https://br.linkedin.com/jobs/view/fiscal-de-loja-prven%C3%A7%C3%A3o-de-perdas-at-frigelar-4452384589,FISCAL DE LOJA - PRVENÇÃO DE PERDAS,,scraped,2026-08-12T13:36:19.479841,
c26d6dc62cbea100,https://br.linkedin.com/jobs/view/sdr-sales-development-representative-at-criffer-instrumentos-de-medi%C3%A7%C3%A3o-4451971519,SDR (Sales Development Representative),,scraped,2026-08-12T13:36:44.919637,
72864fd205fa71f7,https://br.linkedin.com/jobs/view/vagas-operacionais-de-loja-at-unisuper-4452321833,Vagas Operacionais de Loja,UniSuper,failed|wp_post_failed,2026-08-12T13:37:19.430918,
70da8a4fb2a2fad7,https://br.linkedin.com/jobs/view/consultor-de-investimentos-ws-parceiros-xp-at-xp-inc-4449814184,Consultor de Investimentos - WS - Parceiros XP,XP Inc.,failed|wp_post_failed,2026-08-12T13:37:46.715097,
f5235e5ab241bf5a,https://br.linkedin.com/jobs/view/assistente-de-vendas-at-evoluir-pessoas-e-resultados-4449317494,Assistente de Vendas,,scraped,2026-08-12T13:37:49.250553,
2e624b729115e6b1,https://br.linkedin.com/jobs/view/vendedor-de-loja-doce-trama-canoas-at-objeto-brasil-confec%C3%A7%C3%B5es-4450576330,Vendedor de Loja - Doce Trama Canoas,,scraped,2026-08-12T13:38:00.451519,
047ea5dda43811f4,https://br.linkedin.com/jobs/view/auxiliar-administrativa-at-jobbol-4448487576,Auxiliar Administrativa,,scraped,2026-08-12T13:38:09.235721,
5a220cef06eca2ae,https://br.linkedin.com/jobs/view/agente-de-relacionamento-at-jobbol-4448484807,Agente de Relacionamento,,scraped,2026-08-12T13:38:19.812858,
570074f004222247,https://br.linkedin.com/jobs/view/oficial-de-manutencao-predial-porto-alegre-oportunidade-atual-at-manuservicers-4449290833,Oficial de Manutencao Predial - Porto Alegre - Oportunidade Atual,ManuServiceRS,failed|wp_post_failed,2026-08-12T13:38:44.230127,
17ad29d05200e950,https://br.linkedin.com/jobs/view/programador-operador-de-cnc-ii-at-pertencer-desenvolvimento-humano-e-organizacional-4452325881,Programador Operador de CNC II,,scraped,2026-08-12T13:38:46.904175,
6dbdbc1169c52db5,https://br.linkedin.com/jobs/view/operador-de-torno-cnc-at-jobbol-4451323378,Operador de Torno CNC,,scraped,2026-08-12T13:38:54.947714,
779635d39688dc8d,https://br.linkedin.com/jobs/view/auxiliar-de-produ%C3%A7%C3%A3o-h%C3%A9lices-para-forno-turbo-at-pertencer-desenvolvimento-humano-e-organizacional-4452316703,Auxiliar de Produção hélices para forno turbo,,scraped,2026-08-12T13:39:03.052778,
7444dea98ea73927,https://br.linkedin.com/jobs/view/auxiliar-de-manuten%C3%A7%C3%A3o-predial-at-pertencer-desenvolvimento-humano-e-organizacional-4452301543,Auxiliar de manutenção predial,,scraped,2026-08-12T13:39:12.966114,
a6f08ac5e47622cf,https://br.linkedin.com/jobs/view/executivo-de-vendas-pl-s%C3%A3o-leopoldo-rs-at-pagbank-4442276148,Executivo de Vendas Pl. | São Leopoldo - RS,,scraped,2026-08-12T13:39:28.974710,
5ae0741cd2c4de93,https://br.linkedin.com/jobs/view/operador-de-dobradeira-at-pertencer-desenvolvimento-humano-e-organizacional-4452320668,Operador de Dobradeira,,scraped,2026-08-12T13:39:51.820522,
84a80eff2fc22540,https://br.linkedin.com/jobs/view/operador-de-caixa-at-jobbol-4453038417,Operador de Caixa,,scraped,2026-08-12T13:40:32.165382,
566af1fa9b585d3b,https://br.linkedin.com/jobs/view/eletricista-predial-%E2%80%93-canoas-%E2%80%93-rs-canoas-oportunidade-atual-at-manuservicers-4449298570,Eletricista Predial – Canoas – RS - Canoas - Oportunidade Atual,ManuServiceRS,failed|wp_post_failed,2026-08-12T13:40:57.756244,
675aa786f3615dd3,https://br.linkedin.com/jobs/view/auxiliar-de-produ%C3%A7%C3%A3o-banco-de-talentos-at-stanley-black-decker-inc-4451956525,Auxiliar de Produção (Banco de Talentos),"Stanley Black &amp; Decker, Inc.",failed|wp_post_failed,2026-08-12T13:41:20.000208,
afcc9afc581b1e01,https://br.linkedin.com/jobs/view/auxiliar-de-prepara%C3%A7%C3%A3o-i-at-tmsa-tecnologia-em-movimenta%C3%A7%C3%A3o-4452322549,Auxiliar de Preparação I,,scraped,2026-08-12T13:41:48.606958,
5c579e6951d2b212,https://br.linkedin.com/jobs/view/operador-de-empilhadeira-at-grupo-imec-4452327727,Operador de empilhadeira,,scraped,2026-08-12T13:41:57.282343,
1dc756b73d852ae7,https://br.linkedin.com/jobs/view/auxiliar-de-pintura-i-at-tmsa-tecnologia-em-movimenta%C3%A7%C3%A3o-4452311715,Auxiliar de Pintura I,,scraped,2026-08-12T13:42:15.002485,
0f8ab22abe27880b,https://br.linkedin.com/jobs/view/comprador-at-rh-mattos-4452620834,Comprador,,scraped,2026-08-12T13:42:33.718873,
eb67206240637239,https://br.linkedin.com/jobs/view/mecanico-leve-i-at-mercurio-4452310690,MECANICO LEVE I,Mercurio,failed|wp_post_failed,2026-08-12T13:42:58.191587,
40c7d5834e9c6376,https://br.linkedin.com/jobs/view/agente-de-atendimento-de-ocorr%C3%AAncias-at-grupo-volpato-seguran%C3%A7a-4452310967,Agente de Atendimento de Ocorrências,,scraped,2026-08-12T13:43:08.941538,
14e16c90bcd5c100,https://br.linkedin.com/jobs/view/operador-de-m%C3%A1quina-conforma%C3%A7%C3%A3o-tarde-e-noite-at-inbetta-4450126857,Operador de Máquina - Conformação (Tarde e Noite),,scraped,2026-08-12T13:43:18.137930,
8bc8ec27ec4789f8,https://br.linkedin.com/jobs/view/vagas-operacionais-de-loja-at-grupo-imec-4452326497,Vagas Operacionais de Loja,,scraped,2026-08-12T13:43:36.224716,
8b73ca973feb126f,https://br.linkedin.com/jobs/view/representante-de-desenvolvimento-de-vendas-at-starvision-china-import-export-4433719374,Representante de desenvolvimento de vendas,,scraped,2026-08-12T13:43:45.577714,
299baa43066969f2,https://br.linkedin.com/jobs/view/presales-manager-at-kaspersky-4449124318,Presales Manager,,scraped,2026-08-12T13:44:08.612914,
3c73e71a25585ec1,https://br.linkedin.com/jobs/view/projetista-at-microempa-rs-4451914284,Projetista,,scraped,2026-08-12T13:44:23.416642,
d4a6320e686948dc,https://br.linkedin.com/jobs/view/operador-de-m%C3%A1quina-bairro-bela-vista-at-lisandra-galv%C3%A3o-desenvolvimento-humano-ltda-4453024205,Operador de Máquina - Bairro Bela Vista,Lisandra Galvão Desenvolvimento Humano Ltda,failed|wp_post_failed,2026-08-12T13:44:49.676837,
bd7311be85f14dd6,https://br.linkedin.com/jobs/view/analista-de-qualidade-at-pertencer-desenvolvimento-humano-e-organizacional-4452308873,Analista de qualidade,,scraped,2026-08-12T13:45:10.295424,
010717742041b394,https://br.linkedin.com/jobs/view/fresador-at-jobbol-4453122709,Fresador,,scraped,2026-08-12T15:07:27.641313,
86eb9d6d9aa450d9,https://br.linkedin.com/jobs/view/montador-higienista-%E2%80%93-porto-alegre-%E2%80%93-rs-porto-alegre-oportunidade-atual-at-sogipa-4452407423,Montador Higienista – Porto Alegre – RS - Porto Alegre - Oportunidade Atual,,scraped,2026-08-12T15:07:43.440255,
59dcfe63231a5024,https://br.linkedin.com/jobs/view/montador-ii-ou-iii-at-pertencer-desenvolvimento-humano-e-organizacional-4452328385,Montador II ou III,,scraped,2026-08-12T15:07:53.038988,
676a0513bbccdf3a,https://br.linkedin.com/jobs/view/auxiliar-de-limpeza-geral-at-grupo-volpato-seguran%C3%A7a-4452347020,Auxiliar de Limpeza Geral,,scraped,2026-08-12T15:08:42.080062,
a4658a48e9de0aa9,https://br.linkedin.com/jobs/view/auxiliar-geral-f%C3%A1b-farinha-e-%C3%B3leos-hor%C3%A1rio-16h15-%C3%A0s-01h30-at-alimentos-zaeli-4452304529,Auxiliar Geral - Fáb. Farinha e Óleos - Horário: 16h15 às 01h30,,scraped,2026-08-12T15:09:01.078316,
079f5c3a64ada1f1,https://br.linkedin.com/jobs/view/auxiliar-de-servi%C3%A7os-gerais-masculino-poa-condom%C3%ADnios-bairro-bela-vista-at-stv-seguran%C3%A7a-4452311929,Auxiliar de Serviços Gerais masculino POA Condomínios - Bairro Bela Vista,,scraped,2026-08-12T15:09:39.573477,
13e2118e87c897c0,https://br.linkedin.com/jobs/view/atendente-externo-%E2%80%93-gravata%C3%AD-%E2%80%93-rs-gravata%C3%AD-oportunidade-atual-at-graber-sistemas-de-seguran%C3%A7a-4449295716,Atendente Externo – Gravataí – RS - Gravataí - Oportunidade Atual,,scraped,2026-08-12T15:11:00.165918,
6db5366813bc6947,https://br.linkedin.com/jobs/view/t%C3%A9cnico-em-inform%C3%A1tica-gravata%C3%AD-%E2%80%93-rs-alerta-de-vaga-at-db-4450125255,Técnico em Informática - Gravataí – RS - Alerta de Vaga,,scraped,2026-08-12T15:11:59.563415,
6e800592b7cefa8a,https://br.linkedin.com/jobs/view/serralheiro-turno-at-pertencer-desenvolvimento-humano-e-organizacional-4452327711,Serralheiro - Turno,,scraped,2026-08-12T15:13:04.099586,
d58931cd72f4dc49,https://br.linkedin.com/jobs/view/torneiro-mec%C3%A2nico-at-jobbol-4453126212,Torneiro Mecânico,,scraped,2026-08-12T15:13:19.872729,
34ab3cefd1f58f6d,https://br.linkedin.com/jobs/view/sre-engineer-at-p2p-org-4453124305,SRE engineer,,scraped,2026-08-12T15:13:59.273145,
119b7d0f0b85189c,https://br.linkedin.com/jobs/view/hidr%C3%B3logo-at-climatempo-4450112091,Hidrólogo,,scraped,2026-08-12T15:14:49.941054,
682f01b058870338,https://br.linkedin.com/jobs/view/assistant-apprentice-opportunitty-in-an-upscale-salon-at-san-francisco-institute-of-esthetics-and-cosmetology-4450771198,ASSISTANT( APPRENTICE) OPPORTUNITTY IN AN UPSCALE SALON,San Francisco Institute of Esthetics and Cosmetology,failed|wp_post_failed,2026-08-12T15:15:46.682327,
cb2b722f8fdb6636,https://br.linkedin.com/jobs/view/atendente-comercial-at-unidasul-distribuidora-aliment%C3%ADcia-s-a-4452326820,Atendente Comercial,,scraped,2026-08-12T15:16:13.507496,
5d400f7fce56808d,https://br.linkedin.com/jobs/view/auxiliar-de-produ%C3%A7%C3%A3o-embalagem-evviva-rs-at-grupo-bertolini-4452322763,Auxiliar de Produção Embalagem EVVIVA - RS,,scraped,2026-08-12T15:16:30.169723,
94f1b4392b8d1088,https://br.linkedin.com/jobs/view/assistente-de-doceiro-setor-chocolate-at-bom-princ%C3%ADpio-alimentos-4451910301,Assistente de Doceiro - Setor Chocolate,,scraped,2026-08-12T15:16:37.867970,
4bdb49c51dbc1ba0,https://br.linkedin.com/jobs/view/balconista-de-padaria-at-jobbol-4453030432,Balconista de Padaria,,scraped,2026-08-12T15:16:47.334618,
f381238270672da5,https://br.linkedin.com/jobs/view/auxiliar-comercial-at-verlin-solu%C3%A7%C3%B5es-em-ti-4449566702,Auxiliar Comercial,,scraped,2026-08-12T17:03:46.720095,
c23a546d8cdb4334,https://br.linkedin.com/jobs/view/lubrificador-industrial-%E2%80%93-cachoeirinha-cachoeirinha-oportunidade-atual-at-manuservicers-4449290813,Lubrificador Industrial – Cachoeirinha - Cachoeirinha - Oportunidade Atual,ManuServiceRS,failed|wp_post_failed,2026-08-12T17:06:07.864957,
f0bb98bf6dbb0975,https://br.linkedin.com/jobs/view/supridor-repositor-at-unidasul-distribuidora-aliment%C3%ADcia-s-a-4452308881,Supridor Repositor,,scraped,2026-08-12T17:06:12.466702,
e71f5e4507e33f2f,https://br.linkedin.com/jobs/view/embalador-at-saccaro-4452713813,Embalador,,scraped,2026-08-12T17:06:41.320929,
9283f1c3a748a5cf,https://br.linkedin.com/jobs/view/gabariteiro-at-agora-makers-4452728382,Gabariteiro,,scraped,2026-08-12T17:06:48.770130,
c1c8e237340e8c4d,https://br.linkedin.com/jobs/view/encarregado-controle-at-grupo-passarela-4452714822,Encarregado Controle,Grupo Passarela,failed|wp_post_failed,2026-08-12T17:07:15.447701,
14892b4de2909c58,https://br.linkedin.com/jobs/view/promotor-de-merchandising-gravata%C3%AD-cachoeirinha-alvorada-rs-at-premierpet-4450168423,Promotor de Merchandising - Gravataí/ Cachoeirinha/ Alvorada -RS,PremieRpet,failed|wp_post_failed,2026-08-12T17:08:29.534819,
c606bce85aa91dd2,https://br.linkedin.com/jobs/view/almoxarife-bairro-s%C3%A3o-jos%C3%A9-at-lisandra-galv%C3%A3o-desenvolvimento-humano-ltda-4452718753,Almoxarife - Bairro São José,Lisandra Galvão Desenvolvimento Humano Ltda,failed|wp_post_failed,2026-08-12T17:09:33.863533,
238fc4bfa70f612f,https://br.linkedin.com/jobs/view/auxiliar-de-limpeza-at-supermercados-andreazza-4452730224,Auxiliar de Limpeza,,scraped,2026-08-12T17:11:06.490591,
0761710ef3be47db,https://br.linkedin.com/jobs/view/especialista-em-remunera%C3%A7%C3%A3o-e-performance-at-agrofel-4452622530,Especialista em Remuneração e Performance,,scraped,2026-08-12T17:11:33.461949,
55dd10d297cbc273,https://br.linkedin.com/jobs/view/embalador-de-controle-de-qualidade-tecidos-at-pettenati-s-a-ind%C3%BAstria-t%C3%AAxtil-4452717745,Embalador de Controle de Qualidade Tecidos,Pettenati S.A. Indústria Têxtil,failed|wp_post_failed,2026-08-12T17:12:13.622323,
48e426ec96c29094,https://br.linkedin.com/jobs/view/conferente-at-dominalog-express-4452679437,Conferente,,scraped,2026-08-12T17:12:40.308149,
9abbd845d4645ed5,https://br.linkedin.com/jobs/view/porteiro-ronda-poa-condom%C3%ADnios-bairro-jardim-do-salso-at-stv-seguran%C3%A7a-4452304916,Porteiro Ronda POA Condomínios - Bairro Jardim Do Salso,,scraped,2026-08-12T17:14:21.978832,
1d228b1091a3f13c,https://br.linkedin.com/jobs/view/auxiliar-de-produ%C3%A7%C3%A3o-sala-de-cortes-hor%C3%A1rio-h-%C3%A0s-h-at-alimentos-zaeli-4452305626,Auxiliar de produção - Sala de cortes - Horário h às h,,scraped,2026-08-12T17:14:50.521552,
7543bebae5d54928,https://br.linkedin.com/jobs/view/auxiliar-operacional-eldorado-do-sul-oportunidade-atual-at-desenfecsul-limpadora-e-conservadora-de-pr%C3%A9dios-ltda-4449288822,Auxiliar Operacional - Eldorado do Sul - Oportunidade Atual,Desenfecsul Limpadora e Conservadora de Prédios LTDA.,failed|wp_post_failed,2026-08-12T17:15:28.536362,
2fd2d4e4e0d384ab,https://br.linkedin.com/jobs/view/coordenador-de-a%C3%A7ougue-at-grupo-passarela-4452714821,Coordenador de Açougue,Grupo Passarela,failed|wp_post_failed,2026-08-12T17:16:15.751305,
b37bea3cafc17300,https://br.linkedin.com/jobs/view/assistente-de-pr%C3%A9-vendas-sdr-at-construrohr-4452308863,Assistente de Pré-Vendas - SDR,,scraped,2026-08-12T17:16:46.442899,
18ff3395c6729aac,https://br.linkedin.com/jobs/view/auxiliar-de-produ%C3%A7%C3%A3o-bertolini-tubos-rs-at-grupo-bertolini-4452317924,Auxiliar de Produção Bertolini Tubos - RS,,scraped,2026-08-12T17:17:54.124623,
411b233eded15209,https://br.linkedin.com/jobs/view/auxiliar-de-produ%C3%A7%C3%A3o-portastampos-evviva-rs-at-grupo-bertolini-4452306668,Auxiliar de Produção PortasTampos EVVIVA - RS,,scraped,2026-08-12T17:18:13.966572,
ff100159804d4494,https://br.linkedin.com/jobs/view/monitor-at-rek-parking-4453160341,Monitor,,scraped,2026-08-12T19:09:25.389098,
1a63660f7560e083,https://br.linkedin.com/jobs/view/zelador-at-marista-brasil-4452728422,ZELADOR,Marista Brasil,failed|wp_post_failed,2026-08-12T19:09:58.365537,
52ebfe85214a6139,https://br.linkedin.com/jobs/view/fiscal-de-loja-at-jobbol-4453032417,Fiscal de Loja,,scraped,2026-08-12T19:11:21.130411,
6f9bf6f4734ceb78,https://br.linkedin.com/jobs/view/cumim-at-jobbol-4453040370,Cumim,,scraped,2026-08-12T19:11:29.957970,
ff5b0aaf01566b7b,https://br.linkedin.com/jobs/view/vigia-at-jobbol-4452153419,Vigia,,scraped,2026-08-12T19:11:41.912351,
583fc151423ecac1,https://br.linkedin.com/jobs/view/promotor-igrejinha-igrejinha-oportunidade-atual-at-severas-merchandising-4449299447,Promotor - Igrejinha - Igrejinha - Oportunidade Atual,,scraped,2026-08-12T19:11:56.030971,
6bfb4ad27c506858,https://br.linkedin.com/jobs/view/auxiliar-de-loja-at-pertencer-desenvolvimento-humano-e-organizacional-4452307967,Auxiliar de Loja,,scraped,2026-08-12T19:12:03.285589,
f9e39424fad22804,https://br.linkedin.com/jobs/view/promotor-tr%C3%AAs-coroas-alerta-de-vaga-at-severas-merchandising-4449299383,Promotor - Três Coroas - Alerta de Vaga,,scraped,2026-08-12T19:12:10.895171,
737f8e93b8e25a82,https://br.linkedin.com/jobs/view/auxiliar-de-limpeza-alvorada-oportunidade-atual-at-jose-itamar-dos-santos-penteado-4449291758,Auxiliar de Limpeza - Alvorada - Oportunidade Atual,Jose Itamar Dos Santos Penteado,failed|wp_post_failed,2026-08-12T19:12:38.641429,
88136b991b811049,https://br.linkedin.com/jobs/view/promotor-tr%C3%AAs-coroas-tr%C3%AAs-coroas-oportunidade-atual-at-severas-merchandising-4449504155,Promotor - Três Coroas - Três Coroas - Oportunidade Atual,,scraped,2026-08-12T19:12:43.357853,
808c8313dea47065,https://br.linkedin.com/jobs/view/auxiliar-de-limpeza-at-jobbol-4452638283,Auxiliar de Limpeza,,scraped,2026-08-12T19:12:50.192136,
a7e0f26171a5810c,https://br.linkedin.com/jobs/view/auxiliar-de-limpeza-alerta-de-vaga-at-jose-itamar-dos-santos-penteado-4449295702,Auxiliar de Limpeza - Alerta de Vaga,Jose Itamar Dos Santos Penteado,failed|wp_post_failed,2026-08-12T19:13:11.779278,
d730e65c569fcf90,https://br.linkedin.com/jobs/view/pintor-at-jobbol-4451872540,Pintor,,scraped,2026-08-12T19:13:14.375478,
77f3c6bcf3e3eac3,https://br.linkedin.com/jobs/view/auxiliar-de-limpeza-at-pertencer-desenvolvimento-humano-e-organizacional-4452319927,Auxiliar de limpeza,,scraped,2026-08-12T19:13:22.704149,
3b24627ca8aecf5d,https://br.linkedin.com/jobs/view/operador-de-estacionamento-at-safe-park-4452321976,Operador de Estacionamento,Safe Park,failed|wp_post_failed,2026-08-12T19:13:49.957498,
10cb7315b06efc8e,https://br.linkedin.com/jobs/view/supridor-repositor-at-unidasul-distribuidora-aliment%C3%ADcia-s-a-4452319794,Supridor Repositor,,scraped,2026-08-12T19:14:38.580696,
7a3bdc3e83947333,https://br.linkedin.com/jobs/view/administrador-comos-at-contratec-engenharia-ltda-4450171603,Administrador COMOS,,scraped,2026-08-12T19:15:15.046036,
0495a0c4fd688951,https://br.linkedin.com/jobs/view/oficial-de-manuten%C3%A7%C3%A3o-predial-canoas-oportunidade-atual-at-desenfecsul-limpadora-e-conservadora-de-pr%C3%A9dios-ltda-4449299411,Oficial de Manutenção Predial - Canoas - Oportunidade Atual,Desenfecsul Limpadora e Conservadora de Prédios LTDA.,failed|wp_post_failed,2026-08-12T19:15:48.765886,
96522c8143caffe9,https://br.linkedin.com/jobs/view/porteiro-shopping-at-stv-seguran%C3%A7a-4452321848,Porteiro Shopping,,scraped,2026-08-12T19:15:53.389274,
7ad51d9cb9430b04,https://br.linkedin.com/jobs/view/sdr-sales-development-representative-at-metadados-4453095721,SDR - Sales development representative,,scraped,2026-08-12T19:16:01.997454,
274b5ca7a9d7c86d,https://br.linkedin.com/jobs/view/back-office-gestione-clienti-at-best-of-rent-agenzia-leasys-4453112277,BACK OFFICE / GESTIONE CLIENTI,,scraped,2026-08-12T19:16:47.568426,
16605c93a5b5eab9,https://br.linkedin.com/jobs/view/banco-de-talentos-%C3%A1rea-de-vendas-cachoeirinha-rs-at-the-heineken-company-4443535677,Banco de talentos - Área de Vendas | Cachoeirinha/RS,The HEINEKEN Company,failed|wp_post_failed,2026-08-12T19:17:22.380194,
7929f1442923050b,https://br.linkedin.com/jobs/view/auxiliar-de-higieniza%C3%A7%C3%A3o-zona-sul-at-rede-drops-mot%C3%A9is-4452319761,Auxiliar de Higienização - Zona Sul,,scraped,2026-08-12T19:17:26.994660,
be7189381aafdff7,https://br.linkedin.com/jobs/view/impressor-offset-at-jobbol-4452623588,Impressor Offset,,scraped,2026-08-12T19:18:04.556306,
80e5a6e95e17576c,https://br.linkedin.com/jobs/view/executivo-de-vendas-pl-canoas-rs-at-pagbank-4415074757,Executivo de Vendas Pl. | Canoas - RS,,scraped,2026-08-12T19:18:41.969245,
fc5f6e521ddd3dfe,https://br.linkedin.com/jobs/view/vaga-para-pessoa-com-defici%C3%AAncia-pcd-at-alimentos-zaeli-4452319551,Vaga para Pessoa com Deficiência (PCD),,scraped,2026-08-12T19:19:24.676133,
4af26ad80ad8a7bc,https://br.linkedin.com/jobs/view/atendente-produtos-naturais-at-tomasi-rh-4452721779,Atendente (Produtos Naturais),,scraped,2026-08-12T19:19:43.242859,
06d902eb5ad065ec,https://br.linkedin.com/jobs/view/banco-de-talentos-at-metadados-4453078850,Banco de talentos,,scraped,2026-08-12T19:20:16.303427,
39fc304546b9982d,https://br.linkedin.com/jobs/view/assistente-de-marketing-at-cursor-4452318982,Assistente de marketing,,scraped,2026-08-12T19:20:23.848249,
44b296c9e1758a94,https://br.linkedin.com/jobs/view/atendente-comercial-pcd-alerta-de-vaga-at-unisuper-4452423118,Atendente Comercial - PCD - Alerta de Vaga,UniSuper,failed|wp_post_failed,2026-08-12T19:20:54.088081,
e2bb4a0531f59662,https://br.linkedin.com/jobs/view/t%C3%A9cnico-de-preset-at-player-consultoria-4453020839,Técnico de Preset,Player Consultoria,failed|wp_post_failed,2026-08-12T19:21:14.628455,
ed2ff5bc47e24c16,https://br.linkedin.com/jobs/view/consultor-comercial-at-giordani-turismo-ltda-4452313972,Consultor comercial,Giordani Turismo Ltda,failed|wp_post_failed,2026-08-12T19:21:31.760704,
e1fe0054185bee87,https://br.linkedin.com/jobs/view/diretor-a-regional-rs-at-governan%C3%A7abrasil-govbr-4450099721,Diretor(a) Regional - RS,Governança Brasil,failed|wp_post_failed,2026-08-12T19:21:56.364398,
29dacdce27823300,https://br.linkedin.com/jobs/view/operador-de-monitoramento-at-grupo-volpato-seguran%C3%A7a-4452312694,Operador de monitoramento,,scraped,2026-08-12T19:22:07.006044,
a4258cb2dcf3157b,https://br.linkedin.com/jobs/view/tecnico-telecomunica%C3%A7oes-at-vero-4450127473,TECNICO TELECOMUNICAÇOES,,scraped,2026-08-12T19:22:39.434891,
05227610dc8898a3,https://br.linkedin.com/jobs/view/coordenador-de-padaria-at-grupo-passarela-4452708942,Coordenador de Padaria,Grupo Passarela,failed|wp_post_failed,2026-08-12T19:23:12.314478,
7cf1f3604a522094,https://br.linkedin.com/jobs/view/serralheiro-%E2%80%93-gua%C3%ADba-%E2%80%93-rs-gua%C3%ADba-oportunidade-atual-at-manuservicers-4449296667,Serralheiro – Guaíba – RS - Guaíba - Oportunidade Atual,ManuServiceRS,failed|wp_post_failed,2026-08-12T19:23:30.818263,
136e2c82fa90d058,https://br.linkedin.com/jobs/view/vendedor-at-magalu-4443713188,VENDEDOR,Magalu,failed|wp_post_failed,2026-08-12T19:23:59.411373,
122e5544e3e8ae41,https://br.linkedin.com/jobs/view/operador-de-m%C3%A1quina-metal%C3%BArgica-at-tomasi-rh-4452710798,Operador de Máquina Metalúrgica,Tomasi RH,failed|wp_post_failed,2026-08-12T19:25:03.946541,
158183914fecc051,https://br.linkedin.com/jobs/view/assistente-operacional-at-jobbol-4450618820,Assistente Operacional,,scraped,2026-08-12T19:25:20.590968,
f86cb4f8aab996e8,https://br.linkedin.com/jobs/view/auxiliar-administrativo-at-jobbol-4448487592,Auxiliar Administrativo,,scraped,2026-08-12T19:25:29.979343,
951590631251a118,https://br.linkedin.com/jobs/view/auxiliar-de-contas-a-receber-at-grupo-passarela-4451401731,Auxiliar de Contas a Receber,Grupo Passarela,failed|wp_post_failed,2026-08-12T19:25:53.946874,
e2b9e9ee7d7af18f,https://br.linkedin.com/jobs/view/supridor-repositor-at-unidasul-distribuidora-aliment%C3%ADcia-s-a-4452308875,Supridor Repositor,,scraped,2026-08-12T19:25:56.625675,
7a4b7abb21990372,https://br.linkedin.com/jobs/view/operatore-telefonico-gestione-clienti-at-best-of-rent-agenzia-leasys-4453119252,OPERATORE TELEFONICO / GESTIONE CLIENTI,,scraped,2026-08-12T19:26:41.707702,
4df9b861fcc1f3f0,https://br.linkedin.com/jobs/view/jovem-aprendiz-turno-da-manh%C3%A3-at-bom-princ%C3%ADpio-alimentos-4452722719,Jovem Aprendiz -  Turno da manhã,,scraped,2026-08-12T19:26:52.128717,
f1f2a1d9b9d99d3a,https://br.linkedin.com/jobs/view/auxiliar-de-produ%C3%A7%C3%A3o-borda-evviva-rs-at-grupo-bertolini-4452319707,Auxiliar de Produção Borda EVVIVA - RS,,scraped,2026-08-12T19:27:18.646711,
02897389abfb99de,https://br.linkedin.com/jobs/view/analista-de-control-desk-jr-cobran%C3%A7a-at-lojas-quero-quero-s-a-4449972534,Analista de Control Desk Jr. - Cobrança,Lojas Quero-Quero S.A.,failed|wp_post_failed,2026-08-12T19:28:05.181130,
d1af0474dcb7b409,https://br.linkedin.com/jobs/view/soldador-montador-ii-at-capta-servicos-empresariais-4450795880,Soldador Montador II,Capta Servicos Empresariais,failed|wp_post_failed,2026-08-12T19:28:22.187543,
e93c05017acca2d0,https://br.linkedin.com/jobs/view/serralheiro-at-hiperpan-4452064980,Serralheiro,,scraped,2026-08-12T19:28:24.795771,
443c87ff93b78993,https://br.linkedin.com/jobs/view/zelador-at-marista-brasil-4452729339,ZELADOR,Marista Brasil,scraped,2026-08-12T19:28:33.797754,
5d3b6563275047ef,https://br.linkedin.com/jobs/view/especialista-comercial-at-florestal-alimentos-s-a-4450172720,Especialista comercial,,scraped,2026-08-12T19:28:36.452969,
b104b6a26f3626bf,https://br.linkedin.com/jobs/view/assessor-comercial-at-grupo-cindapa-4453150198,ASSESSOR COMERCIAL,,scraped,2026-08-12T19:28:43.362616,
2029201ea4a195fb,https://br.linkedin.com/jobs/view/consultor-a-de-venda-de-ve%C3%ADculos-at-grupo-carburgo-4449243700,Consultor (a) de Venda de Veículos,,scraped,2026-08-12T19:28:51.955836,
f363cd97f4bc61bb,https://br.linkedin.com/jobs/view/assistente-de-informacoes-at-doctor-clin-4448472862,ASSISTENTE DE INFORMACOES,,scraped,2026-08-12T19:29:00.467141,
8ccd85c00c525fc6,https://br.linkedin.com/jobs/view/sdr-porto-alegre-rs-at-argentum-investimentos-4355788987,SDR - Porto Alegre/RS,Argentum Investimentos,failed|wp_post_failed,2026-08-12T19:29:27.678061,
3d4a39c9b1de6376,https://br.linkedin.com/jobs/view/consultor-neg%C3%B3cios-pleno-8h-exclusiva-para-pessoas-com-deficiencia-loja-bourbon-shopping-novo-hamburgo%0Anovo-hamburgo-rs%0Afull-time-employee-at-vivo-telef%C3%B4nica-brasil-4449803047,"Consultor Negócios Pleno 8H :: Exclusiva para Pessoas com Deficiencia :: LOJA BOURBON SHOPPING NOVO HAMBURGO
Novo Hamburgo - RS
Full-time employee",,scraped,2026-08-12T19:29:30.397750,
1fa71d4c91b5ebb4,https://br.linkedin.com/jobs/view/engenheiro-de-seguran%C3%A7a-do-trabalho-at-companhia-minuano-de-alimentos-4449827266,ENGENHEIRO DE SEGURANÇA DO TRABALHO,,scraped,2026-08-12T19:29:37.270057,
d55e41bc0dda995c,https://br.linkedin.com/jobs/view/assistente-de-qualidade-at-inbetta-4450568648,ASSISTENTE DE QUALIDADE,,scraped,2026-08-12T19:29:49.099025,
58412dc49ca5a742,https://br.linkedin.com/jobs/view/mec%C3%A2nico-ii-lajeado-rs-at-mbrf-4451543752,Mecânico II - Lajeado RS,MBRF,failed|wp_post_failed,2026-08-12T19:30:29.452523,
bdac7ae6b9527481,https://br.linkedin.com/jobs/view/assistente-de-assuntos-regulat%C3%B3rios-at-jimo-qu%C3%ADmica-industrial-ltda-4451529210,Assistente de assuntos regulatórios,,scraped,2026-08-12T19:30:34.193046,
5fa11260c866f648,https://br.linkedin.com/jobs/view/auxiliar-de-frota-at-vitlog-transportes-4450782219,Auxiliar de Frota,,scraped,2026-08-12T19:30:40.748706,
fe516a6644287979,https://br.linkedin.com/jobs/view/operador-de-m%C3%A1quina-smt-at-inova-sistemas-eletr%C3%B4nicos-4452065351,Operador de Máquina SMT,Inova Sistemas Eletrônicos,failed|wp_post_failed,2026-08-12T19:31:06.588313,
74c0e8e824a5a961,https://br.linkedin.com/jobs/view/instalador-de-fibra-%C3%B3ptica-carazinho-rs-at-telemont-4450271372,INSTALADOR DE FIBRA ÓPTICA (CARAZINHO/RS),,scraped,2026-08-12T19:31:09.236739,
c88b7bfba8ffe693,https://br.linkedin.com/jobs/view/operator-i-production-at-iff-4450777412,"Operator I, Production",IFF,failed|wp_post_failed,2026-08-12T19:31:30.059119,
cf65576100ad6195,https://br.linkedin.com/jobs/view/docente-preceptor-endocrinologista-at-ulbra-4450769707,Docente/ Preceptor Endocrinologista,ULBRA,failed|wp_post_failed,2026-08-12T19:31:47.686928,
91867d2883c2ebc7,https://br.linkedin.com/jobs/view/est%C3%A1gio-em-diversos-at-fundatec-funda%C3%A7%C3%A3o-universidade-empresa-de-tecnologia-e-ci%C3%AAncias-4452319799,Estágio em Diversos,Fundatec (Fundação Universidade Empresa de Tecnologia e Ciências),failed|wp_post_failed,2026-08-12T19:32:06.079469,
24150a898bed45da,https://br.linkedin.com/jobs/view/food-and-beverage-attendant-at-hilton-4432810820,Food and Beverage Attendant,Hilton,failed|wp_post_failed,2026-08-12T19:32:23.451128,
bd170cac19b6076a,https://br.linkedin.com/jobs/view/gerente-categoria-compras-at-br-supply-suprimentos-corporativos-4450005927,Gerente Categoria | Compras,,scraped,2026-08-12T19:32:26.134209,
3708528949ef16e9,https://br.linkedin.com/jobs/view/auxiliar-logistico-ii-at-dhl-supply-chain-4453145168,AUXILIAR LOGISTICO II,DHL Supply Chain,failed|wp_post_failed,2026-08-12T19:33:26.246248,
2148c0953140a2e9,https://br.linkedin.com/jobs/view/abastecedor-de-produ%C3%A7%C3%A3o-i-at-pertencer-desenvolvimento-humano-e-organizacional-4452315956,Abastecedor de Produção I,,scraped,2026-08-12T19:33:28.937221,
0104cec250d10a15,https://br.linkedin.com/jobs/view/atendente-de-a%C3%A7ougue-at-grupo-passarela-4451408656,Atendente de Açougue,Grupo Passarela,failed|wp_post_failed,2026-08-12T19:34:00.246067,
8348fbde7ca26cd2,https://br.linkedin.com/jobs/view/credi%C3%A1rio-at-grupo-lebes-4448474325,Crediário,Grupo Lebes,failed|wp_post_failed,2026-08-12T19:34:23.147701,
d161140e89c2deb0,https://br.linkedin.com/jobs/view/analista-fiscal-at-jobbol-4451543674,Analista Fiscal,,scraped,2026-08-12T19:34:25.770276,
64c228965729b1c4,https://br.linkedin.com/jobs/view/auxiliar-de-dep%C3%B3sito-at-jobbol-4450757937,Auxiliar de Depósito,,scraped,2026-08-12T19:34:39.966763,
36b50471cf05a6bc,https://br.linkedin.com/jobs/view/auxiliar-de-eletricista-at-jobbol-4449968048,Auxiliar de Eletricista,,scraped,2026-08-12T19:34:49.165584,
81b23af79a53772d,https://br.linkedin.com/jobs/view/atendente-comercial-at-unidasul-distribuidora-aliment%C3%ADcia-s-a-4452318636,Atendente Comercial,,scraped,2026-08-12T19:34:56.333569,
68f44a8ade56cbf4,https://br.linkedin.com/jobs/view/operador-de-produ%C3%A7%C3%A3o-at-pertencer-desenvolvimento-humano-e-organizacional-4452323945,Operador de produção,,scraped,2026-08-12T19:35:04.913885,
db4e6776ac35bb83,https://br.linkedin.com/jobs/view/padeiro-at-jobbol-4450772326,Padeiro,,scraped,2026-08-12T20:54:25.909452,
5d870d4aacf80273,https://br.linkedin.com/jobs/view/balconista-at-jobbol-4450779025,Balconista,,scraped,2026-08-12T20:56:01.317425,
4dd25df3a92ad273,https://br.linkedin.com/jobs/view/operador-de-loja-at-jobbol-4451016542,Operador de Loja,,scraped,2026-08-12T20:56:08.752963,
bfd85a2530aed7df,https://br.linkedin.com/jobs/view/operador-de-caixa-at-safe-park-4450785059,Operador de Caixa,Safe Park,failed|wp_post_failed,2026-08-12T20:56:37.802160,
0e5500ff349ce258,https://br.linkedin.com/jobs/view/atendente-at-jobbol-4452633349,Atendente,,scraped,2026-08-12T20:56:40.505004,
2e858126ed2cb6df,https://br.linkedin.com/jobs/view/promotor-de-vendas-porto-alegre-rs-at-brit%C3%A2nia-eletrodom%C3%A9sticos-4452400619,Promotor de Vendas - Porto Alegre/RS,,scraped,2026-08-12T20:56:49.867793,
837a985d54cd623e,https://br.linkedin.com/jobs/view/auxiliar-de-limpeza-at-jobbol-4453352602,Auxiliar de Limpeza,,scraped,2026-08-12T20:56:58.598980,
15297d79f1f7fe2f,https://br.linkedin.com/jobs/view/promotor-port%C3%A3o-port%C3%A3o-oportunidade-atual-at-severas-merchandising-4450174927,Promotor - Portão - Portão - Oportunidade Atual,,scraped,2026-08-12T20:57:11.169662,
71cb6867f693908d,https://br.linkedin.com/jobs/view/porteiro-condominio-at-stv-seguran%C3%A7a-4452304735,Porteiro- Condominio,,scraped,2026-08-12T20:57:48.381470,
6270c99ae7602362,https://br.linkedin.com/jobs/view/vendedor-at-wallerius-corretora-de-seguros-4450143677,Vendedor,Wallerius Corretora de Seguros,failed|wp_post_failed,2026-08-12T20:59:47.932504,
1e1a932eeb5252fe,https://br.linkedin.com/jobs/view/auxiliar-de-dep%C3%B3sito-at-supermercados-andreazza-4452715790,Auxiliar de Depósito,,scraped,2026-08-12T21:00:52.601782,
120a1ce3892757e6,https://br.linkedin.com/jobs/view/oficial-de-manuten%C3%A7%C3%A3o-predial-alerta-de-vaga-at-desenfecsul-limpadora-e-conservadora-de-pr%C3%A9dios-ltda-4449298548,Oficial de Manutenção Predial - Alerta de Vaga,Desenfecsul Limpadora e Conservadora de Prédios LTDA.,failed|wp_post_failed,2026-08-12T21:01:22.450470,
e7318300461ab639,https://br.linkedin.com/jobs/view/oficial-de-manuten%C3%A7%C3%A3o-predial-alerta-de-vaga-at-desenfecsul-limpadora-e-conservadora-de-pr%C3%A9dios-ltda-4449283999,Oficial de Manutenção Predial - Alerta de Vaga,Desenfecsul Limpadora e Conservadora de Prédios LTDA.,failed|wp_post_failed,2026-08-12T21:02:28.931407,
6df2326b86213127,https://br.linkedin.com/jobs/view/auxiliar-de-limpeza-servi%C3%A7os-gerais-alerta-de-vaga-at-pequena-casa-da-crian%C3%A7a-4449284908,Auxiliar de Limpeza/Serviços Gerais - Alerta de Vaga,,scraped,2026-08-12T21:02:35.542772,
9fe9a73b40bb7cda,https://br.linkedin.com/jobs/view/l%C3%ADder-de-licita%C3%A7%C3%B5es-presencial-caxias-do-sul-at-dellamed-sa-4450178294,Líder de Licitações - Presencial Caxias do Sul,,scraped,2026-08-12T21:03:52.106712,
fb39ab110477d3a9,https://br.linkedin.com/jobs/view/instrutor-de-transporte-de-cargas-logber-rs-at-grupo-bertolini-4452322530,Instrutor de Transporte de Cargas (Logber RS),,scraped,2026-08-12T21:04:15.754953,
8da0cbed5e254c71,https://br.linkedin.com/jobs/view/prospector-at-villela-brasil-bank-4450158099,Prospector,Villela Brasil Bank,failed|wp_post_failed,2026-08-12T21:04:42.498403,
915f6aca3497e7e1,https://br.linkedin.com/jobs/view/atendente-de-loca%C3%A7%C3%A3o-bairro-centro-at-inv-recursos-humanos-4453019224,Atendente de Locação | Bairro Centro,,scraped,2026-08-12T21:04:53.163008,
f8c82ee8d9f24847,https://br.linkedin.com/jobs/view/instrutor-de-aprendizagem-at-marista-brasil-4452726768,INSTRUTOR DE APRENDIZAGEM,Marista Brasil,failed|wp_post_failed,2026-08-12T21:05:22.710106,
7ffa2a713606a176,https://br.linkedin.com/jobs/view/site-reliability-engineer-at-p2p-org-4453124305,Site Reliability Engineer,,scraped,2026-08-12T21:05:25.450122,
083a8644d32720c4,https://br.linkedin.com/jobs/view/assistente-cont%C3%A1bil-at-jobbol-4450762562,Assistente Contábil,,scraped,2026-08-12T21:06:32.478216,
3f845267e5955caa,https://br.linkedin.com/jobs/view/agenciador-de-im%C3%B3veis-loca%C3%A7%C3%A3o-de-alto-padr%C3%A3o-at-cursor-4452301642,Agenciador De Imóveis - Locação De Alto Padrão,,scraped,2026-08-12T21:07:39.881336,
896e53ada55181f3,https://br.linkedin.com/jobs/view/analista-de-recrutamento-e-sele%C3%A7%C3%A3o-at-tholz-wellness-evolution-4450163941,Analista de recrutamento e seleção,,scraped,2026-08-12T21:07:58.584216,
f39458d503e498b9,https://br.linkedin.com/jobs/view/vendedor-a-i-nonoai-rs-e-regi%C3%A3o-at-mbrf-4450702637,Vendedor(a) I - Nonoai RS e região,MBRF,failed|wp_post_failed,2026-08-12T21:09:05.792459,
7fa6eb859e7c3a44,https://br.linkedin.com/jobs/view/auxiliar-de-expedi%C3%A7%C3%A3o-at-construrohr-4452312984,Auxiliar de expedição,,scraped,2026-08-12T21:09:34.519464,
68d025433eae58ce,https://br.linkedin.com/jobs/view/food-and-beverage-attendant-at-hilton-4450046847,Food and Beverage Attendant,Hilton,failed|wp_post_failed,2026-08-12T21:09:57.971315,
3af0a1849c7d639d,https://br.linkedin.com/jobs/view/supervisor-de-manuten%C3%A7%C3%A3o-at-pettenati-s-a-ind%C3%BAstria-t%C3%AAxtil-4450354672,Supervisor de Manutenção,Pettenati S.A. Indústria Têxtil,failed|wp_post_failed,2026-08-12T21:10:18.422450,
72377c5241e987b3,https://br.linkedin.com/jobs/view/operador-empilhadeira-at-dana-incorporated-4451875202,OPERADOR EMPILHADEIRA,Dana Incorporated,failed|wp_post_failed,2026-08-12T21:10:35.506295,
6c2f7433c2bbea17,https://br.linkedin.com/jobs/view/recepcionista-at-goldenip-4443292847,Recepcionista,,scraped,2026-08-12T21:10:38.102407,
1d90424a8fcac2f7,https://br.linkedin.com/jobs/view/auxiliar-de-servi%C3%A7os-gerais-at-umana-brasil-4451664452,Auxiliar de Serviços Gerais,,scraped,2026-08-12T21:10:44.854213,
3749c569cb40fd29,https://br.linkedin.com/jobs/view/profissional-aee-alerta-de-vaga-at-pequena-casa-da-crian%C3%A7a-4450107444,Profissional Aee - Alerta de Vaga,,scraped,2026-08-12T21:10:53.981151,
0f4ef19a1ce41237,https://br.linkedin.com/jobs/view/operacional-asun-concei%C3%A7%C3%A3o-at-asun-supermercados-4450789010,Operacional - ASUN CONCEIÇÃO,Asun Supermercados,failed|wp_post_failed,2026-08-12T21:12:09.445381,
353704907db9901f,https://br.linkedin.com/jobs/view/sales-ambassador-milano-nord-at-cosine-italy-4450155762,SALES AMBASSADOR MILANO NORD,,scraped,2026-08-12T21:12:16.099234,
18957d5d08675435,https://br.linkedin.com/jobs/view/inspetor-de-qualidade-turno-at-pertencer-desenvolvimento-humano-e-organizacional-4452312666,Inspetor de Qualidade turno,,scraped,2026-08-12T21:12:30.818446,
7181ecf857b272ff,https://br.linkedin.com/jobs/view/vendedor-a-123-sapiranga-at-deltasul-utilidades-4451663492,Vendedor(a) 123 - Sapiranga,Deltasul Utilidades,failed|wp_post_failed,2026-08-12T21:12:59.484013,
fd224ffa4801c2b2,https://br.linkedin.com/jobs/view/analista-fiscal-at-jobbol-4452159076,Analista Fiscal,,scraped,2026-08-12T21:13:02.076238,
9d648f47950c3316,https://br.linkedin.com/jobs/view/consultor-de-vendas-at-jobbol-4450635278,Consultor de Vendas,,scraped,2026-08-12T21:13:23.293924,
ad4c9796542c3dc3,https://br.linkedin.com/jobs/view/operador-de-loja-at-jobbol-4451880505,Operador de Loja,,scraped,2026-08-12T21:13:50.547838,
af62c5739b655a59,https://br.linkedin.com/jobs/view/consultor-comercial-at-juntapel-4441043204,Consultor Comercial,,scraped,2026-08-12T22:49:09.359527,
cb9c2f1b382a3fed,https://br.linkedin.com/jobs/view/auxiliar-de-servi%C3%A7os-gerais-masculino-at-stv-seguran%C3%A7a-4452322974,Auxiliar de Serviços Gerais - Masculino,,scraped,2026-08-12T22:49:21.122539,
77ef69aef2a6ec6e,https://br.linkedin.com/jobs/view/atendente-comercialoperadora-de-caixa-at-unisuper-4452306870,Atendente ComercialOperadora de caixa,UniSuper,failed|wp_post_failed,2026-08-12T22:50:27.077187,
d25153bc36867e3d,https://br.linkedin.com/jobs/view/staff-software-engineer-golang-at-block-labs-4440243593,"Staff Software Engineer, Golang",,scraped,2026-08-12T22:50:29.967241,
9b6ba93c00574889,https://br.linkedin.com/jobs/view/operador-de-estacionamento-boulevard-assis-brasil-at-park-indigo-brasil-4453361915,Operador de Estacionamento - Boulevard Assis Brasil,,scraped,2026-08-12T22:51:25.293621,
a39342c626977e9e,https://br.linkedin.com/jobs/view/auxiliar-de-manuten%C3%A7%C3%A3o-at-jobbol-4453356550,Auxiliar de Manutenção,,scraped,2026-08-12T22:52:27.612389,
806b8402057b3775,https://br.linkedin.com/jobs/view/auxiliar-de-manuten%C3%A7%C3%A3o-predial-at-stv-seguran%C3%A7a-4452323589,Auxiliar de manutenção predial,,scraped,2026-08-12T22:52:52.487812,
2aac4407281fd22c,https://br.linkedin.com/jobs/view/auxiliar-de-padaria-integral-at-supermercados-andreazza-4452718762,Auxiliar de Padaria/ integral,,scraped,2026-08-12T22:53:19.340371,
3b13d0162f806fad,https://br.linkedin.com/jobs/view/shopper-asun-juca-batista-at-asun-supermercados-4453363872,SHOPPER - ASUN JUCA BATISTA,Asun Supermercados,failed|wp_post_failed,2026-08-12T22:55:00.148118,
0b7d956bda06b377,https://br.linkedin.com/jobs/view/monitor-de-aprendizagem-turno-regular-at-marista-brasil-4452727742,MONITOR DE APRENDIZAGEM - TURNO REGULAR,Marista Brasil,failed|wp_post_failed,2026-08-12T22:55:28.397916,
6d2176c0aaa14eda,https://br.linkedin.com/jobs/view/repositor-de-mercadorias-porto-alegre-rs-at-grupo-mazzini-administracao-e-empreitas-4453366670,Repositor de Mercadorias -  Porto Alegre - RS,,scraped,2026-08-12T22:56:01.476312,
8176fe471fa1341d,https://br.linkedin.com/jobs/view/operador-de-prensa-at-lampert-rh-digital-4452325961,Operador de prensa,,scraped,2026-08-12T22:56:12.564038,
71367aa30e85b544,https://br.linkedin.com/jobs/view/auxiliar-de-pereciveis-flv-at-grupo-pereira-4098517876,AUXILIAR DE PERECIVEIS - FLV,,scraped,2026-08-12T22:56:20.962358,
ba6a199edc4f4548,https://br.linkedin.com/jobs/view/diarista-para-auxiliar-de-servi%C3%A7os-gerais-masculino-at-gba-facilities-4452323754,Diarista para Auxiliar de Serviços Gerais - Masculino,,scraped,2026-08-12T22:57:01.041773,
55ce5573decff321,https://br.linkedin.com/jobs/view/a%C3%A7ougueiro-at-jobbol-4453028452,Açougueiro,,scraped,2026-08-12T22:57:29.306778,
330b3c91585543e8,https://br.linkedin.com/jobs/view/auxiliar-de-cozinha-at-tomasi-rh-4452708958,Auxiliar de cozinha,,scraped,2026-08-12T22:57:53.282319,
e135a4b6d008b4ce,https://br.linkedin.com/jobs/view/motociclista-socorrista-de-ve%C3%ADculos-at-jobbol-4453359421,Motociclista Socorrista de Veículos,,scraped,2026-08-12T22:58:24.406983,
a1dee7977ae796c1,https://br.linkedin.com/jobs/view/auxiliar-de-expedi%C3%A7%C3%A3o-at-jobbol-4453360903,Auxiliar de Expedição,,scraped,2026-08-12T22:58:50.008422,
7b3e9314f29ea2e8,https://br.linkedin.com/jobs/view/auxiliar-de-cozinha-at-interlig-rh-4453357585,Auxiliar De Cozinha,,scraped,2026-08-12T22:59:21.368049,
af05413309711a92,https://br.linkedin.com/jobs/view/vendedor-at-magalu-4434910563,VENDEDOR,Magalu,failed|wp_post_failed,2026-08-12T22:59:51.568773,
553b882f2303305c,https://br.linkedin.com/jobs/view/vendedor-at-magalu-4369019165,VENDEDOR,Magalu,failed|wp_post_failed,2026-08-12T23:02:38.680481,
01e2fee9b03991cc,https://br.linkedin.com/jobs/view/recepcionista-at-selsul-recursos-humanos-4452317700,Recepcionista,,scraped,2026-08-12T23:02:45.527164,
14fcf52a46da04e8,https://br.linkedin.com/jobs/view/coordenador-de-planejamento-at-contratec-engenharia-ltda-4450169577,Coordenador de planejamento,,scraped,2026-08-12T23:03:30.712595,
bbedece85c776737,https://br.linkedin.com/jobs/view/almoxarife-at-control-tech-automa%C3%A7%C3%A3o-industrial-4450175595,Almoxarife,,scraped,2026-08-12T23:03:38.781145,
b041e591864b4e47,https://br.linkedin.com/jobs/view/auxiliar-de-seguran%C3%A7a-patrimonial-at-tlsv-servi%C3%A7os-em-telecomunica%C3%A7%C3%B5es-4453381103,Auxiliar de Segurança Patrimonial,,scraped,2026-08-12T23:03:46.664489,
d1c6c54ad1abb436,https://br.linkedin.com/jobs/view/coordena%C3%A7%C3%A3o-de-desenvolvimento-de-vendas-flores-da-cunha-rs-at-argenta-4450187634,Coordenação de Desenvolvimento de Vendas - Flores da Cunha/RS,,scraped,2026-08-12T23:03:55.699733,
533a37d22e3d3f5e,https://br.linkedin.com/jobs/view/tecnico-de-operacoes-entrega-pitstop-porto-alegre-rs-at-localiza-co-4450184666,TECNICO DE OPERACOES ENTREGA - PITSTOP PORTO ALEGRE / RS,,scraped,2026-08-12T23:04:04.787993,
085ea601a5676fa5,https://br.linkedin.com/jobs/view/especialista-de-ppcpm-at-viemar-automotive-4450187636,Especialista de PPCPM,Viemar Automotive,failed|wp_post_failed,2026-08-12T23:05:22.273579,
64303f9da9064920,https://br.linkedin.com/jobs/view/auxiliar-de-seguran%C3%A7a-patrimonial-at-tlsv-servi%C3%A7os-em-telecomunica%C3%A7%C3%B5es-4453382057,Auxiliar de Segurança Patrimonial,,scraped,2026-08-12T23:05:33.029825,
3b663d25d73bebf3,https://br.linkedin.com/jobs/view/gerente-loja-at-claro-brasil-4453384311,Gerente Loja,,scraped,2026-08-12T23:06:11.139469,
c942a66db6ee89ec,https://br.linkedin.com/jobs/view/auxiliar-de-opera%C3%A7%C3%B5es-log%C3%ADsticas-nova-santa-rita-rs-at-mbrf-4453362499,Auxiliar de Operações Logísticas - Nova Santa Rita/RS,MBRF,failed|wp_post_failed,2026-08-12T23:07:17.264253,
19ca572bc52e573c,https://br.linkedin.com/jobs/view/carrinheiro-at-supermercados-andreazza-4450189735,Carrinheiro,,scraped,2026-08-13T02:22:56.860562,
f99f5a6dce228c91,https://br.linkedin.com/jobs/view/vigilante-at-tlsv-servi%C3%A7os-em-telecomunica%C3%A7%C3%B5es-4453362950,Vigilante,,scraped,2026-08-13T02:23:21.684175,
96b6f884b3e7ef05,https://br.linkedin.com/jobs/view/assistente-comercial-bdr-at-contato-seguro-canal-de-den%C3%BAncias-4449832722,Assistente Comercial | BDR,,scraped,2026-08-13T02:23:42.458987,
940ac62f9f74215e,https://br.linkedin.com/jobs/view/auxiliar-de-servi%C3%A7os-gerais-gravata%C3%AD-rs-at-g4s-4452740511,Auxiliar de Serviços Gerais - Gravataí/RS,G4S,failed|wp_post_failed,2026-08-13T02:24:10.788497,
376c193e9cb67d82,https://br.linkedin.com/jobs/view/vendedor-cr%C3%A9dito-consignado-at-sabemi-4453373199,Vendedor Crédito Consignado,,scraped,2026-08-13T02:24:13.620077,
9e5708e7f7042610,https://br.linkedin.com/jobs/view/recep%C3%A7%C3%A3o-at-player-consultoria-4453620000,Recepção,Player Consultoria,failed|wp_post_failed,2026-08-13T02:24:49.491615,
7fcf38f0f1f9e165,https://br.linkedin.com/jobs/view/auxiliar-de-lavagem-e-est%C3%A9tica-automotiva-at-jobbol-4453374037,Auxiliar de Lavagem e Estética Automotiva,,scraped,2026-08-13T02:24:52.139978,
59c644c1f74b13f3,https://br.linkedin.com/jobs/view/agente-di-zona-at-best-of-rent-agenzia-leasys-4453605462,AGENTE DI ZONA,,scraped,2026-08-13T02:25:18.209997,
e7ed8360b9c43acc,https://br.linkedin.com/jobs/view/lubrificador-at-jobbol-4453619557,Lubrificador,,scraped,2026-08-13T02:25:48.234395,
f67e311ab8162fbe,https://br.linkedin.com/jobs/view/assistente-de-loja-at-jobbol-4453620519,Assistente de Loja,,scraped,2026-08-13T02:26:33.706911,
c220b826fa69b4ec,https://br.linkedin.com/jobs/view/motorista-at-jobbol-4453623423,Motorista,,scraped,2026-08-13T02:27:46.799597,
e9a5cbfbeb540f2e,https://br.linkedin.com/jobs/view/consultor-de-vendas-at-jobbol-4450759566,Consultor de Vendas,,scraped,2026-08-13T02:27:54.170701,
df2a73e5ebca2921,https://br.linkedin.com/jobs/view/operador-de-caixa-at-jobbol-4450758715,Operador de Caixa,,scraped,2026-08-13T02:28:07.649972,
cbd63579d3ed2156,https://br.linkedin.com/jobs/view/embalador-at-soft-film-ind%C3%BAstria-e-com%C3%A9rcio-de-pl%C3%A1sticos-ltda-4452301584,Embalador,,scraped,2026-08-13T02:29:19.540726,
97ec9add620931f0,https://br.linkedin.com/jobs/view/auxiliar-de-expedi%C3%A7%C3%A3o-garibaldi-at-tomasi-rh-4450193687,Auxiliar de Expedição ( Garibaldi),,scraped,2026-08-13T02:29:57.055250,
290f976c29434c81,https://br.linkedin.com/jobs/view/pcd-pessoa-com-defici%C3%AAncia-at-grupo-passarela-4450179994,PCD (Pessoa com Deficiência),Grupo Passarela,failed|wp_post_failed,2026-08-13T02:30:48.977969,
99f2c7518e5ac0be,https://br.linkedin.com/jobs/view/encarregado-de-hortifrutigranjeiro-at-supermercados-andreazza-4450198567,Encarregado de Hortifrutigranjeiro,,scraped,2026-08-13T02:31:07.655087,
2a41ec567f3c08be,https://br.linkedin.com/jobs/view/executivo-de-vendas-pl-lajeado-rs-at-pagbank-4393467434,Executivo de Vendas Pl. | Lajeado - RS,,scraped,2026-08-13T02:32:24.181490,
9aee169972231abf,https://br.linkedin.com/jobs/view/designer-gr%C3%A1fico-at-grupo-serra-online-4449583123,Designer gráfico,Grupo Serra Online,failed|wp_post_failed,2026-08-13T02:32:53.073488,
3d12997a0a3094db,https://br.linkedin.com/jobs/view/analista-fiscal-at-silveira-soares-4450172501,Analista fiscal,,scraped,2026-08-13T02:33:01.721121,
6e44a182aecfb7ef,https://br.linkedin.com/jobs/view/operadora-de-caixa-petiskeira-shopping-iguatemi-porto-alegre-at-petiskeira-restaurantes-4452325574,Operadora de Caixa Petiskeira Shopping Iguatemi Porto Alegre,,scraped,2026-08-13T02:34:14.668019,
c076ae2abb816ec7,https://br.linkedin.com/jobs/view/operadora-de-caixa-petiskeira-villagio-caxias-do-sul-at-petiskeira-restaurantes-4452306820,Operadora de Caixa Petiskeira Villagio Caxias do Sul,,scraped,2026-08-13T02:35:26.680469,
a579eef63bc8302c,https://br.linkedin.com/jobs/view/gerente-geral-ibis-styles-porto-alegre-moinhos-at-atrio-hotel-management-4451452581,Gerente Geral | Ibis Styles Porto Alegre Moinhos,,scraped,2026-08-13T02:37:43.764249,
340824655944e2df,https://br.linkedin.com/jobs/view/vendedor-projetista-de-m%C3%B3veis-promob-at-casttini-caxias-4448487139,Vendedor Projetista de Móveis (PROMOB),Casttini Caxias,failed|wp_post_failed,2026-08-13T02:38:29.034091,
b749b5a988469e67,https://br.linkedin.com/jobs/view/operador-de-monitoramento-at-grupo-volpato-seguran%C3%A7a-4452322711,Operador de monitoramento,,scraped,2026-08-13T02:38:31.657229,
03c4b6ef2903e06d,https://br.linkedin.com/jobs/view/vendedor-a-aeroporto-internacional-de-porto-alegre-at-loft-franquias-4450789001,Vendedor (a) Aeroporto Internacional de Porto Alegre,LOFT Franquias,failed|wp_post_failed,2026-08-13T02:40:03.000483,
9075d2de8972fc49,https://br.linkedin.com/jobs/view/auxiliar-de-servi%C3%A7os-gerais-at-gba-facilities-4452314861,Auxiliar de Serviços Gerais,GBA Facilities,failed|wp_post_failed,2026-08-13T02:40:58.651541,
fe999cc0b28432c5,https://br.linkedin.com/jobs/view/gar%C3%A7om-at-jobbol-4453032439,Garçom,,scraped,2026-08-13T02:41:03.329995,
e59b0e4a7d011bcc,https://br.linkedin.com/jobs/view/analista-cont%C3%A1bil-at-jobbol-4453626392,Analista Contábil,,scraped,2026-08-13T02:41:10.927276,
364b812427411ddb,https://br.linkedin.com/jobs/view/secret%C3%A1ria-at-jobbol-4453631307,Secretária,,scraped,2026-08-13T02:41:19.131577,
3d189d877a044c04,https://br.linkedin.com/jobs/view/almoxarife-at-espumatec-ind%C3%BAstria-e-com%C3%A9rcio-de-componentes-em-poliuretano-ltda-4450193672,Almoxarife,Espumatec Indústria e Comércio de Componentes em Poliuretano Ltda,failed|wp_post_failed,2026-08-13T02:41:53.956666,
ac9a32b4d2af0dc3,https://br.linkedin.com/jobs/view/auxiliar-de-serv-gerais-ed-infantil-at-rede-cal%C3%A1bria-4450198569,Auxiliar de Serv. gerais ed. infantil,,scraped,2026-08-13T02:42:01.001610,
4193c9daa9e105f0,https://br.linkedin.com/jobs/view/cozinheiro-at-jobbol-4453364827,Cozinheiro,,scraped,2026-08-13T02:43:03.846618,
90ac5d3692220a0f,https://br.linkedin.com/jobs/view/auxiliar-de-movimenta%C3%A7%C3%A3o-log%C3%ADstica-ii-at-magalu-4435370121,AUXILIAR DE MOVIMENTAÇÃO LOGÍSTICA II,Magalu,failed|wp_post_failed,2026-08-13T02:43:55.200001,
bd5c2a999a8efe6d,https://br.linkedin.com/jobs/view/vendedor-t%C3%A9cnico-%E2%80%93-gravata%C3%AD-%E2%80%93-rs-alerta-de-vaga-at-graber-sistemas-de-seguran%C3%A7a-4449500344,Vendedor Técnico – Gravataí – RS - Alerta de Vaga,Graber Segurança,failed|wp_post_failed,2026-08-13T02:45:50.131884,
ab30440e7f1d38dc,https://br.linkedin.com/jobs/view/assistente-de-loja-praia-de-belas-porto-alegre-at-h-m-4404377677,Assistente de Loja - Praia de Belas Porto Alegre,H&M,failed|wp_post_failed,2026-08-13T02:46:10.528293,
2450b44dc2f639b7,https://br.linkedin.com/jobs/view/consultor-de-venda-de-ve%C3%ADculos-novos-at-grupo-carburgo-4452333071,Consultor de Venda de Veículos Novos,,scraped,2026-08-13T02:46:13.260580,
3f37dc51c359b173,https://br.linkedin.com/jobs/view/consultor-a-de-m%C3%B3veis-at-grupo-lebes-4452682481,Consultor(a) de Móveis,Grupo Lebes,failed|wp_post_failed,2026-08-13T02:46:36.200413,
13786a86532ded4b,https://br.linkedin.com/jobs/view/product-owner-jr-at-contato-seguro-canal-de-den%C3%BAncias-4450162937,Product Owner Jr,,scraped,2026-08-13T02:46:39.022359,
373b7d904daa1e7c,https://br.linkedin.com/jobs/view/diretor-de-col%C3%A9gio-infantil-at-jobbol-4453343869,Diretor de Colégio Infantil,,scraped,2026-08-13T02:47:32.599217,
7edf2cf51918ef9b,https://br.linkedin.com/jobs/view/fiscal-de-caixa-at-jobbol-4453617579,Fiscal de Caixa,,scraped,2026-08-13T02:48:50.376499,
ce8d486376dec0c7,https://br.linkedin.com/jobs/view/marceneiro-porto-alegre-oportunidade-atual-at-desenfecsul-limpadora-e-conservadora-de-pr%C3%A9dios-ltda-4449286823,Marceneiro - Porto Alegre - Oportunidade Atual,Desenfecsul Limpadora e Conservadora de Prédios LTDA.,failed|wp_post_failed,2026-08-13T02:49:43.133636,
c85b5fefe78acc05,https://br.linkedin.com/jobs/view/motorista-de-caminh%C3%A3o-at-jobbol-4453625394,Motorista de Caminhão,,scraped,2026-08-13T02:49:49.862764,
c96d61f0525292cf,https://br.linkedin.com/jobs/view/auxiliar-de-produ%C3%A7%C3%A3o-at-pertencer-desenvolvimento-humano-e-organizacional-4452314590,Auxiliar de produção,Pertencer Desenvolvimento Humano e Organizacional,failed|wp_post_failed,2026-08-13T02:50:51.042099,
4c600e2b2a20cde3,https://br.linkedin.com/jobs/view/analista-de-qualidade-at-jobbol-4453632246,Analista de Qualidade,,scraped,2026-08-13T02:50:55.715847,
e344cd9766dbadd1,https://br.linkedin.com/jobs/view/auxiliar-de-limpeza-at-jobbol-4453620531,Auxiliar de Limpeza,,scraped,2026-08-13T02:52:27.379369,
9cbb55523d93f794,https://br.linkedin.com/jobs/view/especialista-opera%C3%A7%C3%B5es-log%C3%ADsticas-amzl-edsp-at-amazon-4453600552,"Especialista Operações Logísticas, AMZL EDSP",Amazon,failed|wp_post_failed,2026-08-13T02:53:18.187554,
9e925d191a0458c8,https://br.linkedin.com/jobs/view/analista-de-departamento-pessoal-at-syonet-4447530497,Analista de Departamento Pessoal,,scraped,2026-08-13T02:53:46.899912,
2e156c1eb0846959,https://br.linkedin.com/jobs/view/aux-de-coordena%C3%A7%C3%A3o-de-recebimento-at-grupo-passarela-4450194638,Aux. de Coordenação de Recebimento,Grupo Passarela,failed|wp_post_failed,2026-08-13T02:54:19.672726,
91e243ed9212912c,https://br.linkedin.com/jobs/view/chefe-de-loja-at-jobbol-4453623480,Chefe de Loja,,scraped,2026-08-13T02:54:22.487595,
860f1592c1515a22,https://br.linkedin.com/jobs/view/auxiliar-de-loca%C3%A7%C3%B5es-at-jobbol-4453353588,Auxiliar de Locações,,scraped,2026-08-13T02:54:34.298120,
ec8feba386312964,https://br.linkedin.com/jobs/view/desenhista-or%C3%A7amentista-bsa-rs-at-grupo-bertolini-4452314792,Desenhista Orçamentista BSA - RS,Grupo Bertolini,failed|wp_post_failed,2026-08-13T02:55:45.240580,
d7f37298c51b0d03,https://br.linkedin.com/jobs/view/cozinheira-at-jobbol-4453636097,Cozinheira,,scraped,2026-08-13T02:55:47.952562,
ad2f4afecf0692bf,https://br.linkedin.com/jobs/view/atendente-de-sal%C3%A3o-at-jobbol-4453628409,Atendente de Salão,,scraped,2026-08-13T02:56:03.637349,
78096e90dbeea644,https://br.linkedin.com/jobs/view/operador-e-preparador-de-torno-cnc-turno-at-pertencer-desenvolvimento-humano-e-organizacional-4452329085,Operador e Preparador de Torno CNC Turno,Pertencer Desenvolvimento Humano e Organizacional,failed|wp_post_failed,2026-08-13T02:57:15.905363,
77d711a65fddaf85,https://br.linkedin.com/jobs/view/recepcionista-at-jobbol-4453624435,Recepcionista,,scraped,2026-08-13T02:57:20.647823,
86967e9140a313ae,https://br.linkedin.com/jobs/view/auxiliar-de-almoxarifado-bairro-santa-f%C3%A9-at-pertencer-desenvolvimento-humano-e-organizacional-4452301994,Auxiliar de Almoxarifado Bairro Santa Fé,Pertencer Desenvolvimento Humano e Organizacional,failed|wp_post_failed,2026-08-13T02:58:22.547811,
44002ca4baa539a0,https://br.linkedin.com/jobs/view/auxiliar-de-manuten%C3%A7%C3%A3o-at-grupo-volpato-seguran%C3%A7a-4452308740,Auxiliar de manutenção,,scraped,2026-08-13T02:58:27.286939,
61034dcf1427ff63,https://br.linkedin.com/jobs/view/auxiliar-de-produ%C3%A7%C3%A3o-1-turno-at-cic-empregos-4450185777,Auxiliar de Produção - 1 Turno,,scraped,2026-08-13T02:58:34.954672,
7eef910b03aab053,https://br.linkedin.com/jobs/view/manobrista-rs-at-safe-park-4450447142,Manobrista - RS,Safe Park,failed|wp_post_failed,2026-08-13T05:47:06.754923,
7e0b567f7fa48edb,https://br.linkedin.com/jobs/view/empregada-dom%C3%A9stica-rs-at-cursor-4450429594,Empregada Doméstica - RS,,scraped,2026-08-13T05:47:17.346553,
8e225e954c7c1186,https://br.linkedin.com/jobs/view/colorista-rs-at-soft-film-ind%C3%BAstria-e-com%C3%A9rcio-de-pl%C3%A1sticos-ltda-4450447205,Colorista - RS,,scraped,2026-08-13T05:47:29.726645,
2769f91846c689de,https://br.linkedin.com/jobs/view/oficial-de-manuten%C3%A7%C3%A3o-at-viemar-automotive-4451942987,Oficial de Manutenção,Viemar Automotive,failed|wp_post_failed,2026-08-13T05:47:59.417046,
41202183a470c6d3,https://br.linkedin.com/jobs/view/porteiro-reserva-rs-at-stv-seguran%C3%A7a-4450436439,Porteiro Reserva - RS,,scraped,2026-08-13T05:48:06.044650,
7b05d4cfe5d42831,https://br.linkedin.com/jobs/view/auxiliar-de-servi%C3%A7os-gerais-masculino-rs-at-stv-seguran%C3%A7a-4450445472,Auxiliar de Serviços Gerais - Masculino - RS,,scraped,2026-08-13T05:48:14.938357,
a39b18f91cbc397d,https://br.linkedin.com/jobs/view/chapista-de-restaurante-petiskeiral-shopping-villagio-caxias-do-sul-rs-at-petiskeira-restaurantes-4450441280,Chapista de Restaurante Petiskeiral shopping Villagio Caxias do Sul - RS,,scraped,2026-08-13T05:48:21.774227,
c8c0f30d00596955,https://br.linkedin.com/jobs/view/auxiliar-de-limpeza-rs-at-unisuper-4450426696,Auxiliar de limpeza - RS,UniSuper,failed|wp_post_failed,2026-08-13T05:48:58.316400,
981d42528c540989,https://br.linkedin.com/jobs/view/montador-at-nbtech-4450192695,Montador,,scraped,2026-08-13T05:49:05.036639,
6653df2b5b983d8c,https://br.linkedin.com/jobs/view/ajudante-de-carga-e-descarga-rs-at-construrohr-4450427543,Ajudante de carga e descarga - RS,,scraped,2026-08-13T05:49:13.269263,
160ec62d976886d8,https://br.linkedin.com/jobs/view/analista-de-frota-rs-at-construrohr-4450426754,Analista de Frota - RS,,scraped,2026-08-13T05:49:27.612192,
48e4bd095907dc91,https://br.linkedin.com/jobs/view/auxiliar-de-servi%C3%A7os-externos-1-turno-rs-at-pertencer-desenvolvimento-humano-e-organizacional-4450432380,Auxiliar de serviços externos - 1 turno - RS,,scraped,2026-08-13T05:50:25.711902,
bac459a65cc798b7,https://br.linkedin.com/jobs/view/operador-de-prensa-rs-at-pertencer-desenvolvimento-humano-e-organizacional-4450438537,Operador de prensa - RS,,scraped,2026-08-13T05:50:38.638401,
e3c4fe6b48ff2708,https://br.linkedin.com/jobs/view/agente-de-monitoramento-rs-at-stv-seguran%C3%A7a-4450440477,Agente de Monitoramento - RS,,scraped,2026-08-13T05:51:05.024131,
3f8961a77548f8ff,https://br.linkedin.com/jobs/view/auxiliar-de-manuten%C3%A7%C3%A3o-predial-rs-at-stv-seguran%C3%A7a-4450428333,Auxiliar de manutenção predial - RS,,scraped,2026-08-13T05:51:13.450979,
5b00bd05fdb9de64,https://br.linkedin.com/jobs/view/estoquista-at-grupo-passarela-4450181860,Estoquista,Grupo Passarela,failed|wp_post_failed,2026-08-13T05:51:45.402490,
762a78b9e4abf867,https://br.linkedin.com/jobs/view/porteiro-condominio-rs-at-stv-seguran%C3%A7a-4450446179,Porteiro- Condominio - RS,,scraped,2026-08-13T05:51:50.066830,
a068e68eeaed248c,https://br.linkedin.com/jobs/view/porteiro-rs-at-stv-seguran%C3%A7a-4450429358,Porteiro - RS,,scraped,2026-08-13T05:51:56.391860,
b1cbe0e4b143e415,https://br.linkedin.com/jobs/view/modelistaauxiliar-de-modelista-rs-at-pertencer-desenvolvimento-humano-e-organizacional-4450426275,ModelistaAuxiliar de Modelista - RS,,scraped,2026-08-13T05:52:10.710423,
a1e28510576626d9,https://br.linkedin.com/jobs/view/porteiro-condominio-rs-at-stv-seguran%C3%A7a-4450437684,Porteiro Condominio - RS,,scraped,2026-08-13T05:52:19.231428,
efb5735b28f732df,https://br.linkedin.com/jobs/view/auxiliar-de-manuten%C3%A7%C3%A3o-predial-condominio-rs-at-stv-seguran%C3%A7a-4450424220,Auxiliar de Manutenção Predial- Condominio - RS,,scraped,2026-08-13T05:52:29.593011,
a803405aab71231a,https://br.linkedin.com/jobs/view/promotor-de-merchandising-vaga-tempor%C3%A1ria-at-dipam-gaucha-distribuidora-ltda-4453380115,Promotor de Merchandising - VAGA TEMPORÁRIA,,scraped,2026-08-13T05:52:36.044687,
e1a2cfaaac6f2d07,https://br.linkedin.com/jobs/view/monitor-de-aprendizagem-turno-regular-at-marista-brasil-4452715836,MONITOR DE APRENDIZAGEM - TURNO REGULAR,Marista Brasil,failed|wp_post_failed,2026-08-13T05:53:00.987339,
64173e4403afc096,https://br.linkedin.com/jobs/view/avaliador-a-de-ve%C3%ADculos-rs-at-grupo-carburgo-4450439539,Avaliador a de Veículos - RS,,scraped,2026-08-13T05:53:03.549880,
cd0e37fbda1f327b,https://br.linkedin.com/jobs/view/chapeiro-de-restaurante-petiskeira-barra-shopping-sul-rs-at-petiskeira-restaurantes-4450435637,Chapeiro de Restaurante Petiskeira Barra Shopping Sul - RS,,scraped,2026-08-13T05:53:18.689128,
d73c55259806e764,https://br.linkedin.com/jobs/view/separador-delivery-at-grupo-pereira-4452682521,SEPARADOR  - DELIVERY,,scraped,2026-08-13T05:53:30.687949,
105e51fe423f73ff,https://br.linkedin.com/jobs/view/supridor-repositor-rs-at-unidasul-distribuidora-aliment%C3%ADcia-s-a-4450447465,Supridor Repositor - RS,,scraped,2026-08-13T05:53:38.671463,
7c068718b7cd30ec,https://br.linkedin.com/jobs/view/auxiliar-de-padaria-rs-at-unidasul-distribuidora-aliment%C3%ADcia-s-a-4450430386,Auxiliar de Padaria - RS,,scraped,2026-08-13T05:53:47.772006,
5bec91fa1a93bb93,https://br.linkedin.com/jobs/view/auxiliar-de-servi%C3%A7os-gerais-nova-santa-rita-oportunidade-atual-at-desenfecsul-limpadora-e-conservadora-de-pr%C3%A9dios-ltda-4449507030,Auxiliar de Serviços Gerais - Nova Santa Rita - Oportunidade Atual,Desenfecsul Limpadora e Conservadora de Prédios LTDA.,failed|wp_post_failed,2026-08-13T05:54:14.044302,
2468878cb1d7eca1,https://br.linkedin.com/jobs/view/carregador-entregas-regi%C3%A3o-serra-rs-at-alimentos-zaeli-4450423594,Carregador - Entregas -REGIÃO SERRA - RS,,scraped,2026-08-13T05:54:24.818953,
1bdb192b04646a07,https://br.linkedin.com/jobs/view/operador-de-via-permanente-rs-at-giordani-turismo-ltda-4450424399,Operador de Via Permanente - RS,Giordani Turismo Ltda,failed|wp_post_failed,2026-08-13T05:54:46.389379,
3d80d56bf0191eba,https://br.linkedin.com/jobs/view/motorista-to-at-soul-sociedade-de-%C3%B4nibus-uni%C3%A3o-ltda-4450433315,Motorista - TO,,scraped,2026-08-13T05:55:01.141533,
c0c768353327f7d0,https://br.linkedin.com/jobs/view/porteiro-shopping-rs-at-stv-seguran%C3%A7a-4450438388,Porteiro Shopping - RS,,scraped,2026-08-13T05:55:10.899805,
d07154fea3b3bc53,https://br.linkedin.com/jobs/view/conferente-rs-at-alsco-uniformes-brasil-4450428685,Conferente - RS,Alsco Uniformes Brasil,failed|wp_post_failed,2026-08-13T05:55:41.036022,
99ca7f48d53102b0,https://br.linkedin.com/jobs/view/operador-de-cftv-puc-at-park-indigo-brasil-4453380116,Operador de CFTV - PUC,,scraped,2026-08-13T05:55:45.816647,
19297ea6fb4fca4b,https://br.linkedin.com/jobs/view/abastecedor-de-linha-rs-at-soft-film-ind%C3%BAstria-e-com%C3%A9rcio-de-pl%C3%A1sticos-ltda-4450435140,Abastecedor de Linha - RS,,scraped,2026-08-13T05:56:05.938765,
302e8e486ebe4647,https://br.linkedin.com/jobs/view/gar%C3%A7onete-rs-at-sheron-dalcin-desenvolvimento-humano-4450428579,Garçonete - RS,Sheron Dalcin - Desenvolvimento Humano,failed|wp_post_failed,2026-08-13T05:56:42.733568,
cb88109df3b2bfa1,https://br.linkedin.com/jobs/view/comprador-matriz-rs-rs-at-grupo-bertolini-4450427449,Comprador Matriz - RS - RS,,scraped,2026-08-13T05:56:49.421417,
79e61f622b63818f,https://br.linkedin.com/jobs/view/embalador-rs-at-soft-film-ind%C3%BAstria-e-com%C3%A9rcio-de-pl%C3%A1sticos-ltda-4450438731,Embalador - RS,,scraped,2026-08-13T05:56:59.830029,
56da17829aaf8aec,https://br.linkedin.com/jobs/view/auxiliar-de-confeitaria-at-fernanda-martins-confeitaria-4450173611,Auxiliar de Confeitaria,,scraped,2026-08-13T05:57:08.672440,
85d1e1b65f184e19,https://br.linkedin.com/jobs/view/chapeiro-de-restaurante-petiskeira-zaffari-h%C3%ADp%C3%ADca-rs-at-petiskeira-restaurantes-4450432371,Chapeiro de Restaurante Petiskeira Zaffari Hípíca - RS,,scraped,2026-08-13T05:57:28.608555,
f8ad5677bb73a142,https://br.linkedin.com/jobs/view/auxiliar-de-servi%C3%A7os-gerais-at-jobbol-4453623428,Auxiliar de Serviços Gerais,Jobbol,failed|wp_post_failed,2026-08-13T05:58:00.918260,
976d9ca1819d25fb,https://br.linkedin.com/jobs/view/auxiliar-de-servi%C3%A7os-gerais-at-jobbol-4453621429,Auxiliar de Serviços Gerais,,scraped,2026-08-13T05:58:05.595997,
db5d2567e051b738,https://br.linkedin.com/jobs/view/a%C3%A7ougueiro-rs-at-unidasul-distribuidora-aliment%C3%ADcia-s-a-4450443588,Açougueiro - RS,,scraped,2026-08-13T05:58:15.250131,
c49b239b8309e440,https://br.linkedin.com/jobs/view/repositor-at-grupo-passarela-4450197612,Repositor,Grupo Passarela,failed|wp_post_failed,2026-08-13T05:58:42.718970,
f0c19d2ca3090223,https://br.linkedin.com/jobs/view/auxiliar-de-servi%C3%A7os-gerais-petiskeira-shopping-praia-de-belas-porto-alegre-rs-at-petiskeira-restaurantes-4450445679,Auxiliar de Serviços Gerais Petiskeira Shopping Praia de Belas Porto Alegre - RS,,scraped,2026-08-13T05:58:45.474010,
f56907f5e4b4a3ad,https://br.linkedin.com/jobs/view/buyer-youcom-at-lojas-renner-s-a-4431955879,Buyer - Youcom,,scraped,2026-08-13T05:58:55.402107,
0c3ddc372301ed3d,https://br.linkedin.com/jobs/view/conferente-at-jobbol-4453026484,Conferente,,scraped,2026-08-13T05:59:09.216129,
2141fe371cb8f825,https://br.linkedin.com/jobs/view/pintor-pintura-liquida-rs-at-pertencer-desenvolvimento-humano-e-organizacional-4450425687,Pintor pintura liquida - RS,,scraped,2026-08-13T05:59:20.687911,
52c2ebbaab618241,https://br.linkedin.com/jobs/view/operador-de-injetora-rs-at-lampert-rh-digital-4450441401,Operador de injetora - RS,,scraped,2026-08-13T05:59:36.568833,
a9af7e38db396a5d,https://br.linkedin.com/jobs/view/balconista-at-supermercados-andreazza-4452716780,Balconista,,scraped,2026-08-13T05:59:46.774005,
afb5c6aa700786de,https://br.linkedin.com/jobs/view/auxiliar-de-a%C3%A7ougue-rs-at-unidasul-distribuidora-aliment%C3%ADcia-s-a-4450442605,Auxiliar de açougue - RS,,scraped,2026-08-13T05:59:55.941612,
958db0d283583790,https://br.linkedin.com/jobs/view/carregador-de-mercadorias-at-jobbol-4453638048,Carregador de Mercadorias,,scraped,2026-08-13T06:00:13.292970,
19b1358224bc9153,https://br.linkedin.com/jobs/view/auxiliar-de-a%C3%A7ougue-rs-at-unidasul-distribuidora-aliment%C3%ADcia-s-a-4450445392,Auxiliar de açougue - RS,,scraped,2026-08-13T06:00:22.795632,
360017e0c2aa59b8,https://br.linkedin.com/jobs/view/auxiliar-de-higieniza%C3%A7%C3%A3o-zona-sul-rs-at-rede-drops-mot%C3%A9is-4450437362,Auxiliar de Higienização - Zona Sul - RS,,scraped,2026-08-13T06:00:33.841240,
f59322cc7db69079,https://br.linkedin.com/jobs/view/auxiliar-de-servi%C3%A7os-gerais-masculino-poa-condom%C3%ADnios-bairro-bela-vista-rs-at-stv-seguran%C3%A7a-4450443679,Auxiliar de Serviços Gerais masculino POA Condomínios - Bairro Bela Vista - RS,,scraped,2026-08-13T06:00:41.856632,
37ff868bc985f797,https://br.linkedin.com/jobs/view/gar%C3%A7om-petiskeira-shopping-villagio-caxias-caxias-do-sul-rs-at-petiskeira-restaurantes-4450436174,Garçom Petiskeira Shopping Villagio Caxias - Caxias do Sul - RS,,scraped,2026-08-13T06:01:08.236783,
5eedba69c6764e7a,https://br.linkedin.com/jobs/view/diarista-para-auxiliar-de-servi%C3%A7os-gerais-masculino-rs-at-gba-facilities-4450437493,Diarista para Auxiliar de Serviços Gerais - Masculino - RS,,scraped,2026-08-13T06:01:16.278054,
150c0cca061af7ba,https://br.linkedin.com/jobs/view/operador-de-caixa-at-supermercados-andreazza-4450193665,Operador de Caixa,,scraped,2026-08-13T06:01:29.007625,
196492ef5b1d9070,https://br.linkedin.com/jobs/view/preparador-e-operador-de-prensa-rs-at-d-zainer-4450446728,PREPARADOR E OPERADOR DE PRENSA - RS,,scraped,2026-08-13T06:01:40.481303,
aeeb1af213eeab31,https://br.linkedin.com/jobs/view/porteiro-poa-condom%C3%ADnios-rs-at-stv-seguran%C3%A7a-4450435172,Porteiro POA Condomínios - RS,,scraped,2026-08-13T06:01:56.265919,
9280452321e90580,https://br.linkedin.com/jobs/view/auxiliar-de-produ%C3%A7%C3%A3o-rs-at-rotamil-4450430635,Auxiliar de produção - RS,,scraped,2026-08-13T06:02:02.646831,
8cc19c49fcef54b9,https://br.linkedin.com/jobs/view/auxiliar-de-padaria-rs-at-unidasul-distribuidora-aliment%C3%ADcia-s-a-4450446281,Auxiliar de Padaria - RS,,scraped,2026-08-13T06:03:13.868049,
fa79ffb081782f1f,https://br.linkedin.com/jobs/view/gerente-de-loja-de-conveni%C3%AAncia-rs-at-cursor-4450441238,Gerente De Loja De Conveniência - RS,,scraped,2026-08-13T06:03:31.111871,
07defd6c2c04865b,https://br.linkedin.com/jobs/view/gar%C3%A7om-petiskeira-park-barigui-curitiba-rs-at-petiskeira-restaurantes-4450445606,Garçom Petiskeira Park Barigui - Curitiba - RS,,scraped,2026-08-13T06:03:37.471269,
b0099c2f83f23f23,https://br.linkedin.com/jobs/view/vagas-operacionais-de-loja-rs-at-grupo-imec-4450447198,Vagas Operacionais de Loja - RS,,scraped,2026-08-13T06:03:45.697834,
5e0f2b6f4f326a78,https://br.linkedin.com/jobs/view/assistente-administrativo-4449829721,Assistente administrativo,Grupo Repertorio,failed|wp_post_failed,2026-08-13T06:04:09.118452,
81cb86b31190fe98,https://br.linkedin.com/jobs/view/executivo-de-neg%C3%B3cios-s%C3%AAnior-solu%C3%A7%C3%B5es-empresariais-at-grupo-senff-4453165106,Executivo de Negócios Sênior - Soluções Empresariais,,scraped,2026-08-13T06:04:15.909272,
f5d6c6f7890a319b,https://br.linkedin.com/jobs/view/analista-de-trade-marketing-jr-sanremo-para-atua%C3%A7%C3%A3o-em-esteio-rs-at-inbetta-4448444313,ANALISTA DE TRADE MARKETING JR -  Sanremo - Para atuação em Esteio/RS,,scraped,2026-08-13T06:04:25.911328,
6b30c73e8d0a96d8,https://br.linkedin.com/jobs/view/auxiliar-financeiro-%E2%80%93-porto-alegre-%E2%80%93-rs-at-buscarvagas-empregos-brasil-4450181192,Auxiliar Financeiro – Porto Alegre – RS,,scraped,2026-08-13T06:04:33.370079,
93cd1100aefce8b3,https://br.linkedin.com/jobs/view/auxiliar-de-projetos-rs-at-altero-design-4450429246,Auxiliar de projetos - RS,Altero Design,failed|wp_post_failed,2026-08-13T06:05:02.648273,
9d0b7c3a244a05f6,https://br.linkedin.com/jobs/view/montador-de-equipamentos-eletr%C3%B4nicos-at-inova-sistemas-eletr%C3%B4nicos-4450194636,Montador de Equipamentos Eletrônicos,Inova Sistemas Eletrônicos,failed|wp_post_failed,2026-08-13T06:05:27.262354,
cf4a306564e152cd,https://br.linkedin.com/jobs/view/instrutor-de-el%C3%A9trica-rs-at-grau-t%C3%A9cnico-4450431364,Instrutor de Elétrica - RS,Grau Técnico,failed|wp_post_failed,2026-08-13T06:05:52.492144,
38abd50e18bb8e6e,https://br.linkedin.com/jobs/view/analista-de-recursos-humanos-j%C3%BAnior-at-jobbol-4453140098,Analista de Recursos Humanos Júnior,,scraped,2026-08-13T06:05:59.165110,
7bef266a97859c66,https://br.linkedin.com/jobs/view/consultor-de-m%C3%B3veis-at-jobbol-4453363373,Consultor de Móveis,,scraped,2026-08-13T06:06:06.947793,
a2fa3aefd69703c3,https://br.linkedin.com/jobs/view/assistente-administrativo-comercial-at-jobbol-4451368366,Assistente Administrativo Comercial,,scraped,2026-08-13T06:06:16.524883,
3e81927dc5463815,https://br.linkedin.com/jobs/view/preparador-e-operador-de-torno-cnc-at-jobbol-4453362401,Preparador e Operador de Torno CNC,,scraped,2026-08-13T06:06:23.868930,
df94175a3622dd20,https://br.linkedin.com/jobs/view/coordenador-cont%C3%A1bil-rs-at-pertencer-desenvolvimento-humano-e-organizacional-4450441586,Coordenador Contábil - RS,,scraped,2026-08-13T06:06:33.325433,
b29b4b31cc44df11,https://br.linkedin.com/jobs/view/coordenador-de-loja-at-grupo-passarela-4451412637,Coordenador de Loja,Grupo Passarela,failed|wp_post_failed,2026-08-13T06:07:01.359557,
8cdfc9e181e95833,https://br.linkedin.com/jobs/view/operador-de-acabamento-rs-at-lampert-rh-digital-4450435641,Operador de Acabamento - RS,,scraped,2026-08-13T06:07:04.190928,
02c03f1d4f2074f7,https://br.linkedin.com/jobs/view/jovem-aprendiz-at-magalu-4453601902,Jovem Aprendiz,Magalu,failed|wp_post_failed,2026-08-13T06:07:31.050445,
1c8bae2aa4ec6ccf,https://br.linkedin.com/jobs/view/arte-finalista-at-jobbol-4453628420,Arte Finalista,,scraped,2026-08-13T06:07:33.717417,
f1b6955c776ddd2b,https://br.linkedin.com/jobs/view/serralheiro-turno-rs-at-pertencer-desenvolvimento-humano-e-organizacional-4450424323,Serralheiro - Turno - RS,,scraped,2026-08-13T06:07:47.015547,
290902e3ffc513e1,https://br.linkedin.com/jobs/view/auxiliar-de-produ%C3%A7%C3%A3o-sala-de-cortes-hor%C3%A1rio-h-%C3%A0s-h-rs-at-alimentos-zaeli-4450442474,Auxiliar de produção - Sala de cortes - Horário h às h - RS,,scraped,2026-08-13T06:08:07.492922,
aa543da9714501e5,https://br.linkedin.com/jobs/view/auxiliar-de-estoque-log%C3%ADstica-petiskeira-villagio-caxias-do-sul-rs-at-petiskeira-restaurantes-4450427428,Auxiliar de Estoque Logística Petiskeira Villagio Caxias do Sul - RS,,scraped,2026-08-13T06:08:22.331686,
c5073d968a494bb8,https://br.linkedin.com/jobs/view/instrutor-a-de-portugu%C3%AAs-rs-at-grau-t%C3%A9cnico-4450427214,Instrutor(a) de Português  - RS,Grau Técnico,failed|wp_post_failed,2026-08-13T06:08:59.035163,
092403a442101f27,https://br.linkedin.com/jobs/view/operador-de-tratamento-at-prolec-energy-4453114128,Operador de tratamento,,scraped,2026-08-13T06:09:05.771923,
dfcfae9abea894dc,https://br.linkedin.com/jobs/view/atendente-comercialoperadora-de-caixa-rs-at-grupo-imec-4450437454,Atendente ComercialOperadora de caixa - RS,,scraped,2026-08-13T06:09:14.263693,
98b7099c169c45e5,https://br.linkedin.com/jobs/view/lojas-camicado-assistente-de-loja-porto-alegre-at-lojas-renner-s-a-4450624177,|LOJAS CAMICADO| Assistente de Loja - Porto Alegre,,scraped,2026-08-13T06:09:21.928742,
6faadbf9d9ced18c,https://br.linkedin.com/jobs/view/auxiliar-cont%C3%A1bil-at-nc-contabilidade-4450146387,Auxiliar Contábil,,scraped,2026-08-13T06:09:31.693291,
c1343c8439deebfb,https://br.linkedin.com/jobs/view/programador-preparador-de-injetora-pl%C3%A1stica-rs-at-pertencer-desenvolvimento-humano-e-organizacional-4450441351,Programador Preparador de Injetora Plástica - RS,,scraped,2026-08-13T06:09:39.502045,
51ae636fa9ef813d,https://br.linkedin.com/jobs/view/auxiliar-de-produ%C3%A7%C3%A3o-bairro-bela-vista-at-lisandra-galv%C3%A3o-desenvolvimento-humano-ltda-4453025181,Auxiliar de Produção- Bairro Bela Vista,Lisandra Galvão Desenvolvimento Humano Ltda,failed|wp_post_failed,2026-08-13T06:10:04.932306,
70aec78ad000af03,https://br.linkedin.com/jobs/view/analista-de-marketing-rs-at-interact-solutions-4450424335,Analista de Marketing - RS,,scraped,2026-08-13T06:10:07.678993,
9dc46a2b2bcf00a2,https://br.linkedin.com/jobs/view/operador-e-programador-de-centro-de-usinagem-at-janaina-bernardo-recursos-humanos-4451407689,Operador e Programador de Centro de Usinagem,Janaina Bernardo | Recursos Humanos,failed|wp_post_failed,2026-08-13T06:10:33.268058,
75eeedec01eaa9c2,https://br.linkedin.com/jobs/view/auxiliar-de-dep%C3%B3sito-to-at-alpha-qu%C3%ADmica-4450446440,Auxiliar de Depósito - TO,,scraped,2026-08-13T06:10:36.030630,
b560eef2f7120388,https://br.linkedin.com/jobs/view/promotor-de-vendas-rs-at-ag%C3%AAncia-cinco-4450445196,Promotor de vendas - RS,,scraped,2026-08-13T06:10:54.771484,
34cb3523f94b3ef7,https://br.linkedin.com/jobs/view/analista-de-recrutamento-e-sele%C3%A7%C3%A3o-rs-at-grupo-carburgo-4450442585,Analista de recrutamento e seleção - RS,,scraped,2026-08-13T06:11:05.236514,
44a6cd4ed39784fb,https://br.linkedin.com/jobs/view/movimentador-de-materiais-i-rs-at-pertencer-desenvolvimento-humano-e-organizacional-4450429573,Movimentador de Materiais I - RS,,scraped,2026-08-13T06:11:14.615924,
89e0bd9495766cf9,https://br.linkedin.com/jobs/view/auxiliar-de-pintura-i-rs-at-tmsa-tecnologia-em-movimenta%C3%A7%C3%A3o-4450446693,Auxiliar de Pintura I - RS,,scraped,2026-08-13T06:11:22.618289,
4fc9aa73f2caba38,https://br.linkedin.com/jobs/view/auxiliar-de-caldeiraria-i-rs-at-tmsa-tecnologia-em-movimenta%C3%A7%C3%A3o-4450435137,Auxiliar de Caldeiraria I - RS,,scraped,2026-08-13T06:11:32.948006,
705848ef5f5d91d0,https://br.linkedin.com/jobs/view/fullstack-engineer-react-node-js-c%23-%E2%80%AF-work-from-home-at-nortal-4452765166,"Fullstack Engineer (React, Node.js & C#)  - Work from home",,scraped,2026-08-13T06:11:42.426430,
078c9004c60c9774,https://br.linkedin.com/jobs/view/atendente-de-farm%C3%A1cia-pp-bento-gon%C3%A7alves-botafogo-at-clamed-cia-latino-americana-de-medicamentos-4450190611,Atendente de Farmácia - PP BENTO GONÇALVES BOTAFOGO,,scraped,2026-08-13T06:11:49.729918,
4ede909eaaec7ff4,https://br.linkedin.com/jobs/view/eletricista-iii-at-ibasa-4450195559,Eletricista III,,scraped,2026-08-13T06:11:57.774564,
971990fac0a3ae89,https://br.linkedin.com/jobs/view/auxiliar-de-produ%C3%A7%C3%A3o-at-360%C2%BA-visualiza%C3%A7%C3%A3o-da-arquitetura-4451556409,Auxiliar de Produção,,scraped,2026-08-13T06:12:07.459491,
3bd8b6dc64ad44a0,https://br.linkedin.com/jobs/view/soldador-montador-at-agora-makers-4452722713,Soldador Montador,,scraped,2026-08-13T06:12:14.474944,
f6129d6883373094,https://br.linkedin.com/jobs/view/gestor-de-contratos-i-sp-ou-rs-at-perto-s-a-4450355651,GESTOR DE CONTRATOS I / SP OU RS,Perto S.A.,failed|wp_post_failed,2026-08-13T06:12:43.327644,
c97453910b0fca63,https://br.linkedin.com/jobs/view/atendente-de-balc%C3%A3o-petiskeira-shopping-praia-de-belas-rs-at-petiskeira-restaurantes-4450435275,Atendente de Balcão Petiskeira Shopping Praia de Belas - RS,,scraped,2026-08-13T06:12:46.005476,
cdb9abdc5e93be6a,https://br.linkedin.com/jobs/view/consultor-comercial-alerta-de-vaga-at-jose-itamar-dos-santos-penteado-4449296665,Consultor Comercial - Alerta de Vaga,Jose Itamar Dos Santos Penteado,failed|wp_post_failed,2026-08-13T06:13:10.635015,
bbc738742f530987,https://br.linkedin.com/jobs/view/vendedor-de-ve%C3%ADculos-omoda-jaecoo-sinosserra-at-grupo-sinosserra-4450197521,Vendedor de Veículos - Omoda | Jaecoo Sinosserra,,scraped,2026-08-13T06:13:13.351081,
9e4709fe124fa7a5,https://br.linkedin.com/jobs/view/aplicador-a-de-laser-s%C3%A3o-leopoldo-centro-at-vialaser-depila%C3%A7%C3%A3o-4450138085,Aplicador(a) de Laser | São Leopoldo - Centro,Vialaser Depilação,failed|wp_post_failed,2026-08-13T06:13:41.203102,
b11565c39a29c22b,https://br.linkedin.com/jobs/view/assistente-de-marketing-rs-at-cursor-4450429719,Assistente de marketing - RS,,scraped,2026-08-13T06:13:43.898985,
c8305c3e5fc5dcfe,https://br.linkedin.com/jobs/view/auxiliar-de-produ%C3%A7%C3%A3o-rs-at-cursor-4450431192,Auxiliar de produção - RS,,scraped,2026-08-13T06:13:50.508574,
ea5e35e34f5a910e,https://br.linkedin.com/jobs/view/consultor-comercial-de-finan%C3%A7as-investimentos-at-grupo-%C3%A1vel-4450187129,Consultor Comercial de Finanças & investimentos,,scraped,2026-08-13T06:13:58.924826,
29734035de70bbc4,https://br.linkedin.com/jobs/view/operador-de-cobran%C3%A7a-junior-canoas-rs-at-redebrasil-gest%C3%A3o-de-ativos-4450424215,Operador de Cobrança Junior Canoas - RS,,scraped,2026-08-13T06:14:07.994073,
a58779e42a366e89,https://br.linkedin.com/jobs/view/t%C3%A9cnico-de-manuten%C3%A7%C3%A3o-at-lojas-renner-s-a-4443584384,Técnico de Manutenção,,scraped,2026-08-13T06:14:25.834883,
1351c4ad8f075f83,https://br.linkedin.com/jobs/view/professor-de-educa%C3%A7%C3%A3o-f%C3%ADsica-%E2%80%93-alvorada-%E2%80%93-rs-alerta-de-vaga-at-jose-itamar-dos-santos-penteado-4449504198,Professor de Educação Física – Alvorada – RS - Alerta de Vaga,Jose Itamar Dos Santos Penteado,failed|wp_post_failed,2026-08-13T06:14:53.035068,
09af59b035715146,https://br.linkedin.com/jobs/view/instrutor-de-refrigera%C3%A7%C3%A3o-e-climatiza%C3%A7%C3%A3o-rs-at-grau-t%C3%A9cnico-4450430314,Instrutor de Refrigeração e Climatização - RS,Grau Técnico,failed|wp_post_failed,2026-08-13T06:15:16.557152,
f5b9bfe8ac9d9698,https://br.linkedin.com/jobs/view/operador-de-empilhadeira-rs-at-grupo-imec-4450443363,Operador de empilhadeira - RS,,scraped,2026-08-13T06:15:23.266710,
d302c725423fe179,https://br.linkedin.com/jobs/view/empacotador-pcd-asun-juca-batista-at-asun-supermercados-4453369277,EMPACOTADOR PCD - ASUN JUCA BATISTA,,scraped,2026-08-13T06:15:36.835573,
59786aa75e94deb0,https://br.linkedin.com/jobs/view/rappresentante-commerciale-sul-territorio-venezia-at-cosine-italy-4450158678,RAPPRESENTANTE COMMERCIALE SUL TERRITORIO | VENEZIA,,scraped,2026-08-13T06:15:57.235925,
b884fe9556991009,https://br.linkedin.com/jobs/view/m%C3%A9dico-endocrinologista-at-jobbol-4453377047,Médico Endocrinologista,,scraped,2026-08-13T06:16:06.040929,
f6835c25d54d2180,https://br.linkedin.com/jobs/view/inspetor-da-qualidade-rs-at-pertencer-desenvolvimento-humano-e-organizacional-4450427355,Inspetor da Qualidade - RS,,scraped,2026-08-13T06:16:29.772445,
30ac39e9cb7b4c4c,https://br.linkedin.com/jobs/view/auxiliar-de-produ%C3%A7%C3%A3o-bertolini-tubos-rs-rs-at-grupo-bertolini-4450430427,Auxiliar de Produção Bertolini Tubos - RS - RS,,scraped,2026-08-13T06:16:39.742705,
7524c1e52449a0c2,https://br.linkedin.com/jobs/view/auxiliar-de-dep%C3%B3sito-rs-at-pertencer-desenvolvimento-humano-e-organizacional-4450427358,Auxiliar de Depósito - RS,,scraped,2026-08-13T06:16:48.147296,
71b4d6ec63a855d8,https://br.linkedin.com/jobs/view/auxiliar-de-produ%C3%A7%C3%A3o-t-bertolini-tubos-rs-rs-at-grupo-bertolini-4450439447,Auxiliar de Produção - T Bertolini Tubos - RS - RS,,scraped,2026-08-13T06:16:56.339832,
10123f1f9bf7c22c,https://br.linkedin.com/jobs/view/operador-de-m%C3%A1quina-i-estamparia-rs-at-pertencer-desenvolvimento-humano-e-organizacional-4450430310,Operador de Máquina I Estamparia - RS,,scraped,2026-08-13T06:17:04.618008,
70be9dff238d0db2,https://br.linkedin.com/jobs/view/t%C3%A9cnico-de-instrumenta%C3%A7%C3%A3o-at-jobbol-4453629375,Técnico de Instrumentação,,scraped,2026-08-13T06:17:14.986847,
e21a717d4dce4ff7,https://br.linkedin.com/jobs/view/auxiliar-de-produ%C3%A7%C3%A3o-embalagem-evviva-rs-rs-at-grupo-bertolini-4450437355,Auxiliar de Produção Embalagem EVVIVA - RS - RS,,scraped,2026-08-13T06:17:26.438762,
d1ce19aa3ac626c7,https://br.linkedin.com/jobs/view/inspetor-de-qualidade-t2-bertolini-unidade-de-tubos-rs-rs-at-grupo-bertolini-4450435345,Inspetor de Qualidade T2 (Bertolini Unidade de Tubos - RS) - RS,,scraped,2026-08-13T06:17:38.438500,
76f5d6e0f40752d8,https://br.linkedin.com/jobs/view/agente-de-atendimento-de-ocorr%C3%AAncias-rs-at-grupo-volpato-seguran%C3%A7a-4450443552,Agente de Atendimento de Ocorrências - RS,,scraped,2026-08-13T06:17:50.280222,
a8e1f9bf28abc1ca,https://br.linkedin.com/jobs/view/auxiliar-de-log%C3%ADstica-at-jobbol-4453625437,Auxiliar de Logística,,scraped,2026-08-13T06:18:00.051229,
334048e21d5583a5,https://br.linkedin.com/jobs/view/auxiliar-de-cozinha-at-jobbol-4453630365,Auxiliar de Cozinha,,scraped,2026-08-13T07:44:58.118607,
45a50deefb43a912,https://br.linkedin.com/jobs/view/decorador-para-eventos-at-ellegance-ambienta%C3%A7%C3%B5es-4450163876,Decorador para eventos,Ellegance Ambientações,failed|wp_post_failed,2026-08-13T07:48:56.707448,
6d32522964bcd7d2,https://br.linkedin.com/jobs/view/auxiliar-de-cozinha-petiskeira-shopping-villagio-caxias-do-sul-rs-at-petiskeira-restaurantes-4450430340,Auxiliar de Cozinha Petiskeira Shopping Villagio Caxias do Sul - RS,,scraped,2026-08-13T07:49:17.235270,
75346e41b6f0effc,https://br.linkedin.com/jobs/view/auxiliar-de-a%C3%A7ougue-rs-at-unidasul-distribuidora-aliment%C3%ADcia-s-a-4450433567,Auxiliar de açougue - RS,,scraped,2026-08-13T07:49:41.237893,
24680bc10a75d8fa,https://br.linkedin.com/jobs/view/almoxarife-at-jobbol-4453371113,Almoxarife,,scraped,2026-08-13T07:50:08.226761,
79eb567097d59792,https://br.linkedin.com/jobs/view/representante-de-controle-de-perdas-at-grupo-passarela-4452779921,Representante de Controle de Perdas,Grupo Passarela,failed|wp_post_failed,2026-08-13T07:50:54.547021,
d4a2280a8f787d2a,https://br.linkedin.com/jobs/view/operador-de-dobradeira-rs-at-lampert-rh-digital-4450430286,Operador de Dobradeira - RS,Lampert RH Digital,failed|wp_post_failed,2026-08-13T07:52:44.693706,
30c427c0dc5aaf3c,https://br.linkedin.com/jobs/view/conferente-reversa-at-magalu-4451969851,CONFERENTE - REVERSA,Magalu,failed|wp_post_failed,2026-08-13T07:53:22.672679,
cf60bf90d5c8531d,https://br.linkedin.com/jobs/view/operador-de-m%C3%A1quinas-turno-rs-at-pertencer-desenvolvimento-humano-e-organizacional-4450430389,Operador de máquinas - Turno - RS,Pertencer Desenvolvimento Humano e Organizacional,failed|wp_post_failed,2026-08-13T07:54:39.616285,
959d25c0a9582b98,https://br.linkedin.com/jobs/view/auxiliar-de-confec%C3%A7%C3%B5es-rs-at-pertencer-desenvolvimento-humano-e-organizacional-4450431195,Auxiliar de Confecções - RS,Pertencer Desenvolvimento Humano e Organizacional,failed|wp_post_failed,2026-08-13T07:55:34.959145,
85a0792405f4bcb4,https://br.linkedin.com/jobs/view/vaga-para-pessoa-com-defici%C3%AAncia-pcd-rs-at-alimentos-zaeli-4450445233,Vaga para Pessoa com Deficiência (PCD) - RS,,scraped,2026-08-13T07:55:37.614971,
b0aadd216df593c7,https://br.linkedin.com/jobs/view/recepcionista-byd-porto-alegre-rs-at-grupo-iesa-4449227988,Recepcionista BYD - Porto Alegre/RS,,scraped,2026-08-13T07:55:58.798017,
fef510741f84d415,https://br.linkedin.com/jobs/view/recepcionista-masculino-rs-at-stv-seguran%C3%A7a-4450438389,Recepcionista Masculino - RS,,scraped,2026-08-13T07:56:35.748290,
794e084e039d51f5,https://br.linkedin.com/jobs/view/auxiliar-de-cozinha-petiskeira-shopping-iguatemi-porto-alegre-rs-at-petiskeira-restaurantes-4450445538,Auxiliar de Cozinha Petiskeira shopping Iguatemi Porto Alegre - RS,,scraped,2026-08-13T07:57:12.779430,
297e1c0bd2f5ffd9,https://br.linkedin.com/jobs/view/armazenista-expedi%C3%A7%C3%A3o-hor%C3%A1rio-h-%C3%A0s-h-rs-at-alimentos-zaeli-4450423776,Armazenista - Expedição - Horário h às h - RS,,scraped,2026-08-13T07:57:27.092331,
81e6eed4a2d0ee0d,https://br.linkedin.com/jobs/view/auxiliar-de-a%C3%A7ougue-at-jobbol-4453625434,Auxiliar de Açougue,,scraped,2026-08-13T07:57:35.936629,
6e56b52cfec39360,https://br.linkedin.com/jobs/view/coordenador-de-loja-at-grupo-passarela-4452904189,Coordenador de Loja,Grupo Passarela,failed|wp_post_failed,2026-08-13T07:58:04.316938,
9a4b8fadf4e2f84a,https://br.linkedin.com/jobs/view/sap-btp-architect-at-epam-systems-4452779872,SAP BTP Architect,EPAM Systems,failed|wp_post_failed,2026-08-13T07:58:28.122678,
32c556eefd8243ae,https://br.linkedin.com/jobs/view/operador-de-dobradeira-rs-at-pertencer-desenvolvimento-humano-e-organizacional-4450440178,Operador de Dobradeira - RS,Pertencer Desenvolvimento Humano e Organizacional,failed|wp_post_failed,2026-08-13T07:59:31.694124,
46f27d79ad5d0539,https://br.linkedin.com/jobs/view/auxiliar-de-cozinha-petiskeira-grill-shopping-iguatemi-porto-alegre-rs-at-petiskeira-restaurantes-4450430594,Auxiliar de Cozinha Petiskeira Grill shopping Iguatemi Porto Alegre - RS,,scraped,2026-08-13T07:59:36.288067,
62182c6182fd3129,https://br.linkedin.com/jobs/view/jardineiro-%E2%80%93-zona-sul-%E2%80%93-porto-alegre-%E2%80%93-rs-candidaturas-abertas-at-desenfecsul-limpadora-e-conservadora-de-pr%C3%A9dios-ltda-4450461615,Jardineiro – Zona Sul – Porto Alegre – RS - Candidaturas Abertas,Desenfecsul Limpadora e Conservadora de Prédios LTDA.,failed|wp_post_failed,2026-08-13T08:00:08.825521,
20193fb972ebb577,https://br.linkedin.com/jobs/view/fiscal-de-loja-canoas-%E2%80%93-rs-candidaturas-abertas-at-unisuper-4450467569,Fiscal de Loja Canoas – RS - Candidaturas Abertas,UniSuper,failed|wp_post_failed,2026-08-13T08:00:38.407523,
426fa1caf401c480,https://br.linkedin.com/jobs/view/promotor-ven%C3%A2ncio-aires-candidaturas-abertas-at-severas-merchandising-4450457601,Promotor - Venâncio Aires - Candidaturas Abertas,Severas Merchandising,failed|wp_post_failed,2026-08-13T08:01:34.003192,
4c6dba725d61c57c,https://br.linkedin.com/jobs/view/auxiliar-de-produ%C3%A7%C3%A3o-evviva-rs-rs-at-grupo-bertolini-4450433237,Auxiliar de Produção EVVIVA - RS - RS,Grupo Bertolini,failed|wp_post_failed,2026-08-13T08:02:48.729308,
fb7679b278166faf,https://br.linkedin.com/jobs/view/t%C3%A9cnico-nutri%C3%A7%C3%A3o-rs-at-selsul-recursos-humanos-4450435298,Técnico Nutrição - RS,,scraped,2026-08-13T08:02:57.420611,
647a234982cf5f16,https://br.linkedin.com/jobs/view/operador-de-caixa-atacad%C3%A3o-at-atacad%C3%A3o-4453647056,Operador de Caixa | ATACADÃO,,scraped,2026-08-13T08:03:04.201330,
ba9e979981ca67e6,https://br.linkedin.com/jobs/view/consultor-sap-tm-rs-at-innolevels-4450445167,Consultor SAP TM  - RS,,scraped,2026-08-13T08:03:13.688870,
93d698e7e0f6567f,https://br.linkedin.com/jobs/view/operador-de-caixa-rs-at-safe-park-4450431645,Operador de Caixa - RS,Safe Park,failed|wp_post_failed,2026-08-13T08:04:05.990850,
0f0a34669161019d,https://br.linkedin.com/jobs/view/assistente-de-departamento-pessoal-rs-at-buzin-transportes-4450442499,Assistente de departamento pessoal - RS,Buzin Transportes,failed|wp_post_failed,2026-08-13T08:05:40.177044,
dafe43715b6beca1,https://br.linkedin.com/jobs/view/projetista-rs-at-lampert-rh-digital-4450443447,Projetista - RS,Lampert RH Digital,failed|wp_post_failed,2026-08-13T08:07:13.062302,
553c73d50a75c92d,https://br.linkedin.com/jobs/view/corretor-de-im%C3%B3veis-rs-rs-at-call-4450436391,Corretor de imóveis - RS - RS,Call,failed|wp_post_failed,2026-08-13T08:07:36.341058,
72336c139f42ac42,https://br.linkedin.com/jobs/view/agenciador-de-im%C3%B3veis-loca%C3%A7%C3%A3o-de-alto-padr%C3%A3o-contrato-clt-rs-at-cursor-4450431249,Agenciador De Imóveis - Locação De Alto Padrão - Contrato CLT - RS,,scraped,2026-08-13T08:07:41.060830,
f97eaf1c918cb17a,https://br.linkedin.com/jobs/view/auxiliar-de-produ%C3%A7%C3%A3o-borda-evviva-rs-rs-at-grupo-bertolini-4450441419,Auxiliar de Produção Borda EVVIVA - RS - RS,Grupo Bertolini,failed|wp_post_failed,2026-08-13T08:08:40.670831,
3be98380362489b3,https://br.linkedin.com/jobs/view/supervisor-tribut%C3%A1rio-at-ativo-contabilidade-4452717321,Supervisor Tributário,Ativo Contabilidade,failed|wp_post_failed,2026-08-13T08:10:12.083915,
68b0b7419d52cb41,https://br.linkedin.com/jobs/view/consultor-de-vendas-externas-at-ever-trade-marketing-4448466447,Consultor de Vendas Externas,EVER Trade Marketing,failed|wp_post_failed,2026-08-13T08:11:43.643348,
661c473bb646aca9,https://br.linkedin.com/jobs/view/operador-de-central-i-rs-at-grupo-volpato-seguran%C3%A7a-4450439312,Operador de Central I - RS,,scraped,2026-08-13T08:11:48.348565,
f7c42622ce7d891c,https://br.linkedin.com/jobs/view/auxiliar-de-produ%C3%A7%C3%A3o-1-2-e-3-turno-at-pcpsteel-4451917303,"Auxiliar de Produção 1, 2 e 3 turno",PCPSTEEL,failed|wp_post_failed,2026-08-13T08:12:16.689055,
c3b03691057f64c8,https://br.linkedin.com/jobs/view/auxiliar-de-produ%C3%A7%C3%A3o-porto-alegre-rs-at-r2pharma-4451959106,Auxiliar de Produção- Porto Alegre /RS,R2PHARMA,failed|wp_post_failed,2026-08-13T08:12:42.247697,
058390e820f67cc1,https://br.linkedin.com/jobs/view/assistente-de-loja-at-me-linda-cosm%C3%A9ticos-4452070904,Assistente de Loja,,scraped,2026-08-13T08:12:44.914149,
377b4fe76524b852,https://br.linkedin.com/jobs/view/vendedor-4449569455,Vendedor,Gallina motopeças,failed|wp_post_failed,2026-08-13T08:13:04.721711,
00069c62c37678e4,https://br.linkedin.com/jobs/view/analista-de-servi%C3%A7o-ao-cliente-at-smurfit-westrock-4449239361,Analista de Serviço ao Cliente,,scraped,2026-08-13T08:13:07.403442,
872d589727d6052e,https://br.linkedin.com/jobs/view/sap-r2r-architect-at-epam-systems-4452780897,SAP R2R Architect,EPAM Systems,failed|wp_post_failed,2026-08-13T08:13:29.303285,
77e81109e07021ee,https://br.linkedin.com/jobs/view/atendente-de-sac-at-grupo-herval-4451948892,Atendente de SAC,Grupo Herval,failed|wp_post_failed,2026-08-13T08:14:59.824944,
33d7509b6e9d8533,https://br.linkedin.com/jobs/view/especialista-em-compliance-argenta-at-argenta-4450302735,Especialista em Compliance | ARGENTA,,scraped,2026-08-13T08:15:02.434641,
c86bd3fff7fdfb0a,https://br.linkedin.com/jobs/view/representante-de-vendas-jr-canal-farma-vendas-e-merchandising-at-pharmexx-brasil-4452062985,Representante de Vendas Jr | Canal Farma | Vendas e Merchandising,,scraped,2026-08-13T08:15:11.301123,
7ed70243e2a3b81d,https://br.linkedin.com/jobs/view/agente-de-monitoramento-portaria-remota-rs-at-stv-seguran%C3%A7a-4450427362,Agente de Monitoramento- Portaria Remota - RS,,scraped,2026-08-13T08:15:22.864228,
e9eae44dbc97aba4,https://br.linkedin.com/jobs/view/assistente-de-programa%C3%A7%C3%A3o-log%C3%ADstica-rs-at-giordani-turismo-ltda-4450433720,Assistente de Programação Logística - RS,Giordani Turismo Ltda,failed|wp_post_failed,2026-08-13T08:15:48.383905,
94d6aa1629399bd8,https://br.linkedin.com/jobs/view/assistente-cr%C3%A9dito-e-cobran%C3%A7a-porto-alegre-rs-at-timac-agro-brasil-4450300730,ASSISTENTE CRÉDITO E COBRANÇA - PORTO ALEGRE/RS,,scraped,2026-08-13T08:16:05.065774,
86fcf057bd5ccdd9,https://br.linkedin.com/jobs/view/operador-a-de-acabamento-at-degr%C3%A1fica-impressos-ltda-4449570352,Operador(a) de Acabamento,Degráfica Impressos LTDA,failed|wp_post_failed,2026-08-13T08:16:31.757056,
8cd8f6b3bb8cf460,https://br.linkedin.com/jobs/view/consultor-de-venda-de-ve%C3%ADculos-rs-at-grupo-carburgo-4450429591,Consultor de Venda de Veículos - RS,,scraped,2026-08-13T08:16:34.418141,
47c82ad4b6d80fbc,https://br.linkedin.com/jobs/view/inspetor-da-qualidade-em-ind%C3%BAstria-no-bairro-rio-branco-at-cic-empregos-4450188700,Inspetor da qualidade em Indústria no Bairro Rio Branco,,scraped,2026-08-13T08:16:43.163537,
754b29a4d16acb2c,https://br.linkedin.com/jobs/view/consultor-comercial-rs-at-giordani-turismo-ltda-4450429499,Consultor comercial - RS,Giordani Turismo Ltda,failed|wp_post_failed,2026-08-13T08:17:05.351739,
03e0c42242d238fd,https://br.linkedin.com/jobs/view/fiscal-de-loja-candidaturas-abertas-at-unisuper-4450452671,Fiscal de Loja - Candidaturas Abertas,UniSuper,failed|wp_post_failed,2026-08-13T08:17:40.303695,
5ac34ac49cdf7551,https://br.linkedin.com/jobs/view/analista-comercial-at-jobbol-4448704218,Analista Comercial,,scraped,2026-08-13T08:17:43.001206,
4cc534d74587fe5b,https://br.linkedin.com/jobs/view/motorista-de-carreta-logber-rs-rs-at-grupo-bertolini-4450447100,Motorista de Carreta LOGBER - RS - RS,Grupo Bertolini,failed|wp_post_failed,2026-08-13T08:18:45.999957,
769d66536922fee2,https://br.linkedin.com/jobs/view/auxiliar-de-produ%C3%A7%C3%A3o-portastampos-evviva-rs-rs-at-grupo-bertolini-4450441500,Auxiliar de Produção PortasTampos EVVIVA - RS - RS,Grupo Bertolini,failed|wp_post_failed,2026-08-13T08:19:42.928319,
c72e21b1dc5b0d56,https://br.linkedin.com/jobs/view/preparadorprogramador-de-injetora-rs-at-lampert-rh-digital-4450442590,PreparadorProgramador de Injetora - RS,Lampert RH Digital,failed|wp_post_failed,2026-08-13T08:21:25.322309,
bafa585bdb56cc5e,https://br.linkedin.com/jobs/view/cozinheiro-auxiliar-de-cozinha-caxias-do-sul-rs-at-pertencer-desenvolvimento-humano-e-organizacional-4450442250,Cozinheiro Auxiliar de Cozinha - Caxias do Sul - RS,Pertencer Desenvolvimento Humano e Organizacional,failed|wp_post_failed,2026-08-13T08:22:29.368985,
d4721e67845a6e57,https://br.linkedin.com/jobs/view/bibliotec%C3%A1ria-escolar-candidaturas-abertas-at-jose-itamar-dos-santos-penteado-4449297489,Bibliotecária Escolar - Candidaturas Abertas,Jose Itamar Dos Santos Penteado,failed|wp_post_failed,2026-08-13T09:19:57.306171,
b17415792bf64ea2,https://br.linkedin.com/jobs/view/auxiliar-de-limpeza-%E2%80%93-alvorada-%E2%80%93-rs-alvorada-empresa-contratando-at-jose-itamar-dos-santos-penteado-4449506092,Auxiliar de Limpeza – Alvorada – RS - Alvorada - Empresa Contratando,Jose Itamar Dos Santos Penteado,failed|wp_post_failed,2026-08-13T09:20:26.086153,
26eef8ce918db5c6,https://br.linkedin.com/jobs/view/padeiro-at-grupo-passarela-4450198571,Padeiro,Grupo Passarela,failed|wp_post_failed,2026-08-13T09:20:47.001128,
b1d37942a8b0c027,https://br.linkedin.com/jobs/view/auxiliar-de-loja-rs-at-pertencer-desenvolvimento-humano-e-organizacional-4450429256,Auxiliar de Loja - RS,,scraped,2026-08-13T09:20:51.631307,
d0ca5ceb0dbb6125,https://br.linkedin.com/jobs/view/fiscal-de-loja-canoas-%E2%80%93-rs-canoas-empresa-contratando-at-unisuper-4450452738,Fiscal de Loja Canoas – RS - Canoas - Empresa Contratando,UniSuper,failed|wp_post_failed,2026-08-13T09:21:30.379194,
86dcc703b78f2c08,https://br.linkedin.com/jobs/view/servi%C3%A7os-gerais-porto-alegre-empresa-contratando-at-sogipa-4450457667,Serviços Gerais - Porto Alegre - Empresa Contratando,,scraped,2026-08-13T09:21:36.953892,
2a80b47b0cecd573,https://br.linkedin.com/jobs/view/operador-de-estacionamento-rs-at-safe-park-4450435174,Operador de Estacionamento - RS,Safe Park,failed|wp_post_failed,2026-08-13T09:22:16.182672,
55a9b8fd844e1f35,https://br.linkedin.com/jobs/view/supridor-repositor-rs-at-unidasul-distribuidora-aliment%C3%ADcia-s-a-4450428708,Supridor Repositor - RS,,scraped,2026-08-13T09:22:22.788282,
ba1139b4848c23d2,https://br.linkedin.com/jobs/view/promotor-canoas-canoas-empresa-contratando-at-severas-merchandising-4450470633,Promotor - Canoas - Canoas - Empresa Contratando,,scraped,2026-08-13T09:22:53.532875,
238bf1ad5eeed5ef,https://br.linkedin.com/jobs/view/vaga-para-promotor-bento-gon%C3%A7alves-candidaturas-abertas-at-severas-merchandising-4450456688,Vaga para Promotor- Bento Gonçalves - Candidaturas Abertas,,scraped,2026-08-13T09:23:03.316368,
5baa08cca8ad7a04,https://br.linkedin.com/jobs/view/promotor-canoas-candidaturas-abertas-at-severas-merchandising-4450460690,Promotor - Canoas - Candidaturas Abertas,,scraped,2026-08-13T09:23:10.674051,
c413aa4048e225a4,https://br.linkedin.com/jobs/view/oficial-manutencao-predial-canoas-empresa-contratando-at-manuservicers-4449289909,Oficial Manutencao Predial - Canoas - Empresa Contratando,ManuServiceRS,failed|wp_post_failed,2026-08-13T09:23:52.915968,
64ace9990eeb64b2,https://br.linkedin.com/jobs/view/promotor-port%C3%A3o-candidaturas-abertas-at-severas-merchandising-4450181206,Promotor - Portão - Candidaturas Abertas,,scraped,2026-08-13T09:23:59.531211,
df1a557f1b1be3b9,https://br.linkedin.com/jobs/view/promotor-lajeado-lajeado-empresa-contratando-at-severas-merchandising-4450452743,Promotor - Lajeado - Lajeado - Empresa Contratando,,scraped,2026-08-13T09:24:09.012585,
61222c96293e6043,https://br.linkedin.com/jobs/view/vaga-para-promotor-a-caxias-do-sul-caxias-do-sul-empresa-contratando-at-severas-merchandising-4450461637,Vaga para Promotor (A) Caxias do Sul - Caxias do Sul - Empresa Contratando,,scraped,2026-08-13T09:24:18.446240,
5c12e5552c6a7e2f,https://br.linkedin.com/jobs/view/degustador-a-porto-alegre-e-grande-porto-alegre-porto-alegre-empresa-contratando-at-severas-merchandising-4450455667,Degustador (A) - Porto Alegre e Grande Porto Alegre - Porto Alegre - Empresa Contratando,,scraped,2026-08-13T09:24:25.975686,
3aad42e0c9d8911b,https://br.linkedin.com/jobs/view/promotor-a-lajeado-candidaturas-abertas-at-severas-merchandising-4450459655,Promotor(A) - Lajeado - Candidaturas Abertas,,scraped,2026-08-13T09:24:37.782831,
da3fbd63d0fcfa7e,https://br.linkedin.com/jobs/view/promotor-ven%C3%A2ncio-aires-ven%C3%A2ncio-aires-empresa-contratando-at-severas-merchandising-4450457669,Promotor - Venâncio Aires - Venâncio Aires - Empresa Contratando,,scraped,2026-08-13T09:24:45.224123,
134ed5465de35752,https://br.linkedin.com/jobs/view/padeiro-%E2%80%93-zona-norte-%E2%80%93-porto-alegre-%E2%80%93-rs-candidaturas-abertas-at-unisuper-4450467628,Padeiro – Zona Norte – Porto Alegre – RS - Candidaturas Abertas,UniSuper,failed|wp_post_failed,2026-08-13T09:25:22.980967,
f0dfb845ebe42e32,https://br.linkedin.com/jobs/view/degustador-a-porto-alegre-e-grande-porto-alegre-candidaturas-abertas-at-severas-merchandising-4450460704,Degustador (A) - Porto Alegre e Grande Porto Alegre - Candidaturas Abertas,,scraped,2026-08-13T09:25:25.718592,
c13d2ed947f920e2,https://br.linkedin.com/jobs/view/promotor-porto-alegre-porto-alegre-empresa-contratando-at-severas-merchandising-4450471550,Promotor - Porto Alegre - Porto Alegre - Empresa Contratando,,scraped,2026-08-13T09:25:35.425593,
0e1d5c3c56f3e612,https://br.linkedin.com/jobs/view/padeiro-%E2%80%93-porto-alegre-%E2%80%93-rs-porto-alegre-empresa-contratando-at-unisuper-4450456727,Padeiro – Porto Alegre – RS - Porto Alegre - Empresa Contratando,UniSuper,failed|wp_post_failed,2026-08-13T09:26:06.915944,
327ebebc7df68ed2,https://br.linkedin.com/jobs/view/promotor-sapucaia-do-sul-sapucaia-do-sul-empresa-contratando-at-severas-merchandising-4450453686,Promotor - Sapucaia do Sul - Sapucaia do Sul - Empresa Contratando,,scraped,2026-08-13T09:26:09.537647,
4dc6bd9ca85c436e,https://br.linkedin.com/jobs/view/ajudante-de-mudan%C3%A7a-at-jobbol-4453626391,Ajudante de Mudança,,scraped,2026-08-13T09:26:16.947492,
d3c39392bdebd9a7,https://br.linkedin.com/jobs/view/marceneiro-porto-alegre-empresa-contratando-at-desenfecsul-limpadora-e-conservadora-de-pr%C3%A9dios-ltda-4449286823,Marceneiro - Porto Alegre - Empresa Contratando,Desenfecsul Limpadora e Conservadora de Prédios LTDA.,failed|wp_post_failed,2026-08-13T09:26:40.634754,
3a14063ca3891740,https://br.linkedin.com/jobs/view/promotor-garibaldi-cobertura-de-f%C3%A9rias-garibaldi-empresa-contratando-at-severas-merchandising-4450452760,Promotor Garibaldi - Cobertura de Férias - Garibaldi - Empresa Contratando,,scraped,2026-08-13T09:26:45.329749,
cf83cdb71c8d2bcd,https://br.linkedin.com/jobs/view/promotor-novo-hamburgo-candidaturas-abertas-at-severas-merchandising-4450467570,Promotor - Novo Hamburgo - Candidaturas Abertas,,scraped,2026-08-13T09:26:52.682947,
63596ba4c44db8cd,https://br.linkedin.com/jobs/view/auxiliar-de-limpeza-rs-at-pertencer-desenvolvimento-humano-e-organizacional-4450426521,Auxiliar de limpeza - RS,,scraped,2026-08-13T09:26:59.995215,
7e010795c169a240,https://br.linkedin.com/jobs/view/montador-higienista-%E2%80%93-porto-alegre-%E2%80%93-rs-candidaturas-abertas-at-sogipa-4452421193,Montador Higienista – Porto Alegre – RS - Candidaturas Abertas,,scraped,2026-08-13T09:27:17.566012,
5675f6857f7a91e7,https://br.linkedin.com/jobs/view/marceneiro-candidaturas-abertas-at-desenfecsul-limpadora-e-conservadora-de-pr%C3%A9dios-ltda-4449506100,Marceneiro - Candidaturas Abertas,Desenfecsul Limpadora e Conservadora de Prédios LTDA.,failed|wp_post_failed,2026-08-13T09:27:43.651748,
ad1475db42cdedfa,https://br.linkedin.com/jobs/view/auxiliar-de-limpeza-porto-alegre-empresa-contratando-at-unisuper-4450453627,Auxiliar de Limpeza - Porto Alegre - Empresa Contratando,UniSuper,failed|wp_post_failed,2026-08-13T09:28:10.668901,
8895c1f40381aa52,https://br.linkedin.com/jobs/view/supridor-repositor-rs-at-unidasul-distribuidora-aliment%C3%ADcia-s-a-4450436244,Supridor Repositor - RS,,scraped,2026-08-13T09:28:15.261174,
08b268cba1e3246f,https://br.linkedin.com/jobs/view/promotor-a-com-moto-canoas-canoas-empresa-contratando-at-severas-merchandising-4450470665,Promotor (A) com Moto - Canoas - Canoas - Empresa Contratando,,scraped,2026-08-13T09:28:30.643817,
02e6c2c449d44949,https://br.linkedin.com/jobs/view/fiscal-de-caixa-at-supermercados-andreazza-4450187748,Fiscal de Caixa,,scraped,2026-08-13T09:28:54.008041,
4eca9445a19e040a,https://br.linkedin.com/jobs/view/porteiro-condominio-rs-at-stv-seguran%C3%A7a-4450432688,Porteiro Condominio - RS,,scraped,2026-08-13T09:29:04.765174,
682a9dc8be6404e9,https://br.linkedin.com/jobs/view/auxiliar-de-limpeza-rs-at-grupo-imec-4450444630,Auxiliar de limpeza - RS,,scraped,2026-08-13T09:29:27.226877,
3c35fc86e7053daf,https://br.linkedin.com/jobs/view/auxiliar-de-servi%C3%A7os-gerais-candidaturas-abertas-at-desenfecsul-limpadora-e-conservadora-de-pr%C3%A9dios-ltda-4449289880,Auxiliar de Serviços Gerais - Candidaturas Abertas,Desenfecsul Limpadora e Conservadora de Prédios LTDA.,failed|wp_post_failed,2026-08-13T09:29:55.058906,
bc8972205052c64d,https://br.linkedin.com/jobs/view/operador-de-cart%C3%A3o-rs-at-prefeitura-de-santo-andr%C3%A9-4450426279,OPERADOR DE CARTÃO - RS,Prefeitura de Santo André,failed|wp_post_failed,2026-08-13T09:30:18.297494,
54a900231bb94456,https://br.linkedin.com/jobs/view/montador-de-acabamento-rs-at-lampert-rh-digital-4450439400,Montador de Acabamento - RS,,scraped,2026-08-13T09:30:20.929507,
e67402bc4e0f4a0e,https://br.linkedin.com/jobs/view/oficial-de-manutencao-predial-candidaturas-abertas-at-manuservicers-4449284968,Oficial de Manutencao Predial - Candidaturas Abertas,ManuServiceRS,failed|wp_post_failed,2026-08-13T09:30:50.406183,
d31f490fec0c0244,https://br.linkedin.com/jobs/view/auxiliar-de-transporte-desentupidora-%E2%80%93-alvorada-%E2%80%93-rs-candidaturas-abertas-at-desentupidora-ultratec-4450473492,Auxiliar de Transporte Desentupidora – Alvorada – RS - Candidaturas Abertas,,scraped,2026-08-13T09:30:57.154938,
618cc1c361fb9c2d,https://br.linkedin.com/jobs/view/promotor-com-moto-porto-alegre-candidaturas-abertas-at-severas-merchandising-4450452739,Promotor com Moto - Porto Alegre - Candidaturas Abertas,,scraped,2026-08-13T09:31:05.306855,
611af4f5f389c11c,https://br.linkedin.com/jobs/view/agente-comercial-rs-at-mercurio-4450426313,Agente comercial - RS,Mercurio,failed|wp_post_failed,2026-08-13T09:31:32.593547,
04310eff984b6b54,https://br.linkedin.com/jobs/view/operador-de-estacionamento-rs-at-safe-park-4450446338,Operador de Estacionamento - RS,Safe Park,failed|wp_post_failed,2026-08-13T09:32:03.570350,
e2c808671c445048,https://br.linkedin.com/jobs/view/repositor-de-mercadoria-rs-at-auvergne-ambition-4450436416,Repositor de Mercadoria - RS,,scraped,2026-08-13T09:32:10.256213,
960b80cd67bf3616,https://br.linkedin.com/jobs/view/auxiliar-de-limpeza-geral-rs-at-grupo-volpato-seguran%C3%A7a-4450433532,Auxiliar de Limpeza Geral - RS,,scraped,2026-08-13T09:32:21.294085,
651957e5013d2914,https://br.linkedin.com/jobs/view/fiscal-de-loja-porto-alegre-empresa-contratando-at-unisuper-4450471507,Fiscal de Loja - Porto Alegre - Empresa Contratando,UniSuper,failed|wp_post_failed,2026-08-13T09:33:24.666299,
ccbe842dea49ede9,https://br.linkedin.com/jobs/view/fiscal-de-loja-%E2%80%93-canoas-poa-nh-s%C3%A3o-leopoldo-gravata%C3%AD-%E2%80%93-rs-canoas-empresa-contratando-at-unisuper-4450466677,Fiscal de Loja – Canoas/Poa/Nh/São Leopoldo/Gravataí – RS - Canoas - Empresa Contratando,UniSuper,failed|wp_post_failed,2026-08-13T09:33:52.075640,
d333beb7450aa563,https://br.linkedin.com/jobs/view/auxiliar-de-transporte-%E2%80%93-alvorada-%E2%80%93-rs-candidaturas-abertas-at-desentupidora-ultratec-4450459695,Auxiliar de Transporte – Alvorada – RS - Candidaturas Abertas,,scraped,2026-08-13T09:34:20.783752,
c8131bf8019bf1a8,https://br.linkedin.com/jobs/view/chapista-de-restaurante-petiskeira-grill-shopping-iguatemi-porto-alegre-rs-at-petiskeira-restaurantes-4450435389,Chapista de Restaurante Petiskeira Grill shopping Iguatemi Porto Alegre - RS,,scraped,2026-08-13T09:34:30.685235,
297266c7d2fb4a10,https://br.linkedin.com/jobs/view/repositor-at-grupo-passarela-4452723711,Repositor,Grupo Passarela,failed|wp_post_failed,2026-08-13T09:34:57.141302,
d6bc3612c7aeb324,https://br.linkedin.com/jobs/view/operador-de-prensa-rs-at-lampert-rh-digital-4450430308,Operador de prensa - RS,,scraped,2026-08-13T09:34:59.657601,
4fe3863b968cfbde,https://br.linkedin.com/jobs/view/entregador-t%C3%A9cnico-rs-at-grupo-carburgo-4450430683,Entregador Técnico - RS,,scraped,2026-08-13T09:35:12.939587,
857520e39b9245c2,https://br.linkedin.com/jobs/view/montador-de-m%C3%A1quina-at-jobbol-4453634190,Montador de Máquina,,scraped,2026-08-13T09:35:28.118107,
bad96fbf33c20f0e,https://br.linkedin.com/jobs/view/auxiliar-de-servi%C3%A7os-gerais-petiskeira-grill-shopping-iguatemi-porto-alegre-rs-at-petiskeira-restaurantes-4450442678,Auxiliar de Serviços Gerais Petiskeira Grill shopping Iguatemi Porto Alegre - RS,,scraped,2026-08-13T09:35:36.005258,
71e91a82eb487194,https://br.linkedin.com/jobs/view/oficial-de-manuten%C3%A7%C3%A3o-predial-candidaturas-abertas-at-desenfecsul-limpadora-e-conservadora-de-pr%C3%A9dios-ltda-4449298548,Oficial de Manutenção Predial - Candidaturas Abertas,Desenfecsul Limpadora e Conservadora de Prédios LTDA.,failed|wp_post_failed,2026-08-13T09:36:13.924580,
a6bb83c00d6013a3,https://br.linkedin.com/jobs/view/marceneiro-porto-alegre-empresa-contratando-at-sogipa-4450470683,Marceneiro - Porto Alegre - Empresa Contratando,,scraped,2026-08-13T09:36:16.578504,
e0a53737ad0079db,https://br.linkedin.com/jobs/view/estoquista-at-garcia-salgados-4453001851,Estoquista,,scraped,2026-08-13T09:36:33.723516,
84d5515457adc6c1,https://br.linkedin.com/jobs/view/repositor-petz-novo-hamburgo-at-petz-4453678531,Repositor - Petz Novo Hamburgo,,scraped,2026-08-13T09:36:54.545415,
a19c14aefc501b70,https://br.linkedin.com/jobs/view/auxiliar-de-limpeza-servi%C3%A7os-gerais-porto-alegre-empresa-contratando-at-pequena-casa-da-crian%C3%A7a-4449506109,Auxiliar de Limpeza/Serviços Gerais - Porto Alegre - Empresa Contratando,,scraped,2026-08-13T09:37:03.428922,
409081583dc502ce,https://br.linkedin.com/jobs/view/auxiliar-de-perec%C3%ADveis-rotisseria-%E2%80%93-porto-alegre-%E2%80%93-rs-candidaturas-abertas-at-unisuper-4450462589,Auxiliar de Perecíveis / Rotisseria – Porto Alegre – RS - Candidaturas Abertas,UniSuper,failed|wp_post_failed,2026-08-13T09:37:53.598079,
fe4bed145c49ce9d,https://br.linkedin.com/jobs/view/atendente-de-balc%C3%A3o-petiskeira-villagio-caxias-do-sul-rs-at-petiskeira-restaurantes-4450446652,Atendente de Balcão Petiskeira Villagio Caxias do Sul - RS,,scraped,2026-08-13T09:38:04.288485,
ba695d53ccd76297,https://br.linkedin.com/jobs/view/manuten%C3%A7%C3%A3o-predial-%E2%80%93-s%C3%A3o-leopoldo-sapucaia-do-sul-sapucaia-do-sul-empresa-contratando-at-manuservicers-4449297565,Manutenção Predial – São Leopoldo / Sapucaia do Sul ... - Sapucaia do Sul - Empresa Contratando,ManuServiceRS,failed|wp_post_failed,2026-08-13T09:38:27.130706,
14bdab5075abde76,https://br.linkedin.com/jobs/view/auxiliar-de-limpeza-feminino-poa-condom%C3%ADnios-rs-at-stv-seguran%C3%A7a-4450443574,Auxiliar De Limpeza feminino POA Condomínios - RS,,scraped,2026-08-13T09:38:29.820890,
395f2b5f8b2835ff,https://br.linkedin.com/jobs/view/atendente-externo-%E2%80%93-gravata%C3%AD-%E2%80%93-rs-gravata%C3%AD-empresa-contratando-at-graber-sistemas-de-seguran%C3%A7a-4449295716,Atendente Externo – Gravataí – RS - Gravataí - Empresa Contratando,,scraped,2026-08-13T09:38:38.189485,
49b00bf975a326fe,https://br.linkedin.com/jobs/view/porteiro-rs-at-grupo-volpato-seguran%C3%A7a-4450436270,Porteiro - RS,,scraped,2026-08-13T09:38:48.649970,
5d465c4be8ce2673,https://br.linkedin.com/jobs/view/motorista-porto-alegre-empresa-contratando-at-transportes-rodovia-sul-4450110422,Motorista - Porto Alegre - Empresa Contratando,Transportes Rodovia Sul,failed|wp_post_failed,2026-08-13T09:39:47.389216,
945e425fefe117fb,https://br.linkedin.com/jobs/view/vaga-exclusiva-para-pcd-rs-at-giordani-turismo-ltda-4450429515,Vaga exclusiva para PCD - RS,Giordani Turismo Ltda,failed|wp_post_failed,2026-08-13T09:40:20.955178,
6f1c2cc25578f452,https://br.linkedin.com/jobs/view/auxiliar-de-produ%C3%A7%C3%A3o-rs-at-lohr-4450432399,Auxiliar de produção - RS,LOHR,failed|wp_post_failed,2026-08-13T09:40:46.943752,
dd0f7941b68dd45c,https://br.linkedin.com/jobs/view/auxiliar-de-limpeza-servi%C3%A7os-gerais-candidaturas-abertas-at-pequena-casa-da-crian%C3%A7a-4449284908,Auxiliar de Limpeza/Serviços Gerais - Candidaturas Abertas,,scraped,2026-08-13T09:40:59.590237,
b5c3a911e6f3187d,https://br.linkedin.com/jobs/view/auxiliar-de-produ%C3%A7%C3%A3o-rs-at-pertencer-desenvolvimento-humano-e-organizacional-4450436427,Auxiliar de produção - RS,,scraped,2026-08-13T09:41:07.683649,
3158b76f18e971a2,https://br.linkedin.com/jobs/view/auxiliar-de-a%C3%A7ougue-%E2%80%93-canoas-s%C3%A3o-leopoldo-%E2%80%93-rs-candidaturas-abertas-at-unisuper-4450467564,Auxiliar de Açougue – Canoas / São Leopoldo – RS - Candidaturas Abertas,UniSuper,failed|wp_post_failed,2026-08-13T09:41:50.176196,
80e934d37fa23f97,https://br.linkedin.com/jobs/view/serralheiro-%E2%80%93-gua%C3%ADba-%E2%80%93-rs-candidaturas-abertas-at-manuservicers-4449289899,Serralheiro – Guaíba – RS - Candidaturas Abertas,ManuServiceRS,failed|wp_post_failed,2026-08-13T09:42:09.563263,
25e64827f99d3a68,https://br.linkedin.com/jobs/view/operador-de-caixa-at-supermercados-andreazza-4450187747,Operador de Caixa,,scraped,2026-08-13T09:42:12.134517,
07c629a83daca8e6,https://br.linkedin.com/jobs/view/operador-de-caixa-at-supermercados-andreazza-4450182856,Operador de Caixa,,scraped,2026-08-13T09:42:23.824754,
14f5f70cebe56f79,https://br.linkedin.com/jobs/view/instalador-de-sistemas-de-seguran%C3%A7a-eletr%C3%B4nica-porto-ale-porto-alegre-empresa-contratando-at-graber-sistemas-de-seguran%C3%A7a-4450472559,Instalador de Sistemas de Segurança Eletrônica | Porto Ale... - Porto Alegre - Empresa Contratando,,scraped,2026-08-13T09:42:55.377675,
6352ad0c2721faa0,https://br.linkedin.com/jobs/view/auxiliar-de-a%C3%A7ougue-%E2%80%93-canoas-s%C3%A3o-leopoldo-%E2%80%93-rs-s%C3%A3o-leopoldo-empresa-contratando-at-unisuper-4450448961,Auxiliar de Açougue – Canoas / São Leopoldo – RS - São Leopoldo - Empresa Contratando,UniSuper,failed|wp_post_failed,2026-08-13T09:43:32.021610,
82ec4275010a7ac8,https://br.linkedin.com/jobs/view/analista-de-facilities-e-servi%C3%A7os-gerais-jr-at-cmpc-brasil-4450411054,Analista de Facilities e Serviços Gerais JR,,scraped,2026-08-13T09:44:02.783706,
f87ad5053de6a7d5,https://br.linkedin.com/jobs/view/instrutor-de-transporte-de-cargas-logber-rs-rs-at-grupo-bertolini-4450436172,Instrutor de Transporte de Cargas (Logber RS) - RS,,scraped,2026-08-13T09:44:10.336613,
076b3e6289d59dd0,https://br.linkedin.com/jobs/view/auxiliar-de-cozinha-petiskeira-barra-shopping-sul-rs-at-petiskeira-restaurantes-4450445584,Auxiliar de Cozinha Petiskeira Barra Shopping Sul - RS,,scraped,2026-08-13T09:44:22.437233,
90c716cd7e19a990,https://br.linkedin.com/jobs/view/estoquista-hyundai-caxias-do-sul-rs-at-grupo-carhouse-4452775251,Estoquista (Hyundai Caxias do Sul/RS),,scraped,2026-08-13T09:44:32.814697,
52778b99c6b082a9,https://br.linkedin.com/jobs/view/assistente-operacional-at-eqs-engenharia-4453660019,Assistente Operacional,,scraped,2026-08-13T09:44:43.819265,
d0ebfe49cce4ddc4,https://br.linkedin.com/jobs/view/profissional-de-apoio-escolar-porto-alegre-empresa-contratando-at-pequena-casa-da-crian%C3%A7a-4449292858,Profissional de Apoio Escolar - Porto Alegre - Empresa Contratando,,scraped,2026-08-13T09:45:06.814283,
699fb45cbb930c58,https://br.linkedin.com/jobs/view/auxiliar-operacional-eldorado-do-sul-empresa-contratando-at-desenfecsul-limpadora-e-conservadora-de-pr%C3%A9dios-ltda-4449288822,Auxiliar Operacional - Eldorado do Sul - Empresa Contratando,Desenfecsul Limpadora e Conservadora de Prédios LTDA.,failed|wp_post_failed,2026-08-13T09:45:39.534703,
8071af24e2903f7a,https://br.linkedin.com/jobs/view/operador-de-monitoramento-rs-at-grupo-volpato-seguran%C3%A7a-4450441311,Operador de monitoramento - RS,,scraped,2026-08-13T09:45:44.083042,
f3da4af8157051a3,https://br.linkedin.com/jobs/view/auxiliar-de-limpeza-tempor%C3%A1rio-ferista-port%C3%A3o-rs-at-gba-facilities-4450438276,Auxiliar de limpeza temporário -Ferista - Portão - RS,,scraped,2026-08-13T09:45:53.748945,
56cbb62c9b66532a,https://br.linkedin.com/jobs/view/atendente-comercial-rs-at-unidasul-distribuidora-aliment%C3%ADcia-s-a-4450429209,Atendente Comercial - RS,,scraped,2026-08-13T09:46:07.034244,
ce964def850bb2e4,https://br.linkedin.com/jobs/view/eletricista-predial-%E2%80%93-canoas-%E2%80%93-rs-canoas-empresa-contratando-at-manuservicers-4449298570,Eletricista Predial – Canoas – RS - Canoas - Empresa Contratando,ManuServiceRS,failed|wp_post_failed,2026-08-13T09:46:42.553713,
0529e2be39ab71c8,https://br.linkedin.com/jobs/view/instalador-portaria-remota-rs-at-grupo-volpato-seguran%C3%A7a-4450427559,Instalador Portaria Remota - RS,,scraped,2026-08-13T09:46:53.234937,
e6c9f81e2a6184c5,https://br.linkedin.com/jobs/view/assistente-de-loca%C3%A7%C3%B5es-rs-at-cursor-4450446461,Assistente De Locações - RS,,scraped,2026-08-13T09:47:07.205281,
5c5713615ace03be,https://br.linkedin.com/jobs/view/analista-de-control-desk-porto-alegre-empresa-contratando-at-zanc-assessoria-nacional-de-cobran%C3%A7a-4450463614,Analista de Control Desk - Porto Alegre - Empresa Contratando,ZANC Assessoria Nacional de Cobrança,failed|wp_post_failed,2026-08-13T09:47:30.191842,
76861f164800303b,https://br.linkedin.com/jobs/view/auxiliar-de-dep%C3%B3sito-at-candidata-ai-4453616105,Auxiliar de Depósito,,scraped,2026-08-13T09:47:44.801135,
81b98279bf7ea477,https://br.linkedin.com/jobs/view/auxiliar-de-carga-e-descarga-porto-alegre-empresa-contratando-at-transportes-rodovia-sul-4450116459,Auxiliar de Carga e Descarga - Porto Alegre - Empresa Contratando,,scraped,2026-08-13T09:47:51.908172,
16ee5d8f5a125f91,https://br.linkedin.com/jobs/view/auxiliar-de-produ%C3%A7%C3%A3o-at-nbtech-4450181861,Auxiliar de Produção,,scraped,2026-08-13T09:48:14.280851,
12cbb8a4619042bc,https://br.linkedin.com/jobs/view/auxiliar-de-manuten%C3%A7%C3%A3o-at-jobbol-4453621462,Auxiliar de Manutenção,,scraped,2026-08-13T09:48:34.431747,
2295e3ab6fafe6a1,https://br.linkedin.com/jobs/view/carregador-interno-expedi%C3%A7%C3%A3o-hor%C3%A1rio-h-%C3%A0s-h-rs-at-alimentos-zaeli-4450444305,Carregador interno- Expedição - Horário h às h - RS,,scraped,2026-08-13T09:48:52.421706,
63b4fcdf9a7141ae,https://br.linkedin.com/jobs/view/operador-de-m%C3%A1quinas-rs-at-pertencer-desenvolvimento-humano-e-organizacional-4450430530,Operador de máquinas - RS,,scraped,2026-08-13T09:49:05.705630,
cc6e475550a40b3e,https://br.linkedin.com/jobs/view/operador-de-empilhadeira-rs-at-unisuper-4450423748,Operador de empilhadeira - RS,UniSuper,failed|wp_post_failed,2026-08-13T09:49:41.891780,
1326ad661f9a2a30,https://br.linkedin.com/jobs/view/analista-de-control-desk-candidaturas-abertas-at-zanc-assessoria-nacional-de-cobran%C3%A7a-4450451684,Analista de Control Desk - Candidaturas Abertas,ZANC Assessoria Nacional de Cobrança,failed|wp_post_failed,2026-08-13T09:50:06.681617,
ed39d36de53175be,https://br.linkedin.com/jobs/view/promotor-est%C3%A2ncia-velha-est%C3%A2ncia-velha-empresa-contratando-at-severas-merchandising-4450455693,Promotor - Estância Velha - Estância Velha - Empresa Contratando,,scraped,2026-08-13T11:06:04.985609,
827ed1163c604ee8,https://br.linkedin.com/jobs/view/auxiliar-de-limpeza-petz-bento-gon%C3%A7alves-at-petz-4452638158,Auxiliar de Limpeza - Petz Bento Gonçalves,,scraped,2026-08-13T11:06:30.142097,
5dc17bc228d003e6,https://br.linkedin.com/jobs/view/bibliotec%C3%A1ria-escolar-alvorada-empresa-contratando-at-jose-itamar-dos-santos-penteado-4449286859,Bibliotecária Escolar - Alvorada - Empresa Contratando,Jose Itamar Dos Santos Penteado,failed|wp_post_failed,2026-08-13T11:07:52.994257,
19703d9a907ebca1,https://br.linkedin.com/jobs/view/promotor-bento-gon%C3%A7alves-bento-gon%C3%A7alves-empresa-contratando-at-severas-merchandising-4450448952,Promotor - Bento Gonçalves - Bento Gonçalves - Empresa Contratando,,scraped,2026-08-13T11:07:55.604173,
ea3000e7c7b3e218,https://br.linkedin.com/jobs/view/promotor-bento-gon%C3%A7alves-candidaturas-abertas-at-severas-merchandising-4450461633,Promotor - Bento Gonçalves - Candidaturas Abertas,,scraped,2026-08-13T11:08:02.526868,
7d39b94060bb62a4,https://br.linkedin.com/jobs/view/promotor-carlos-barbosa-carlos-barbosa-empresa-contratando-at-severas-merchandising-4450448956,Promotor - Carlos Barbosa - Carlos Barbosa - Empresa Contratando,,scraped,2026-08-13T11:08:09.380883,
37e5868a50b3798e,https://br.linkedin.com/jobs/view/promotor-carlos-barbosa-candidaturas-abertas-at-severas-merchandising-4450468630,Promotor - Carlos Barbosa - Candidaturas Abertas,,scraped,2026-08-13T11:08:18.464798,
33ef95eb1ec3e129,https://br.linkedin.com/jobs/view/promotor-gravatai-candidaturas-abertas-at-severas-merchandising-4450461673,Promotor - Gravatai - Candidaturas Abertas,,scraped,2026-08-13T11:08:25.352907,
2d59d30de37e9a93,https://br.linkedin.com/jobs/view/porteiro-at-jobbol-4453365327,Porteiro,,scraped,2026-08-13T11:08:36.226037,
75d64bdca5e43568,https://br.linkedin.com/jobs/view/auxiliar-de-expedi%C3%A7%C3%A3o-petiskeira-zaffari-h%C3%ADpica-rs-at-petiskeira-restaurantes-4450436623,Auxiliar de Expedição Petiskeira Zaffari Hípica - RS,,scraped,2026-08-13T11:10:04.267939,
73f7d7b4be608a97,https://br.linkedin.com/jobs/view/auxiliar-de-limpeza-geral-casa-de-m%C3%A1quinas-hor%C3%A1rio-h-%C3%A0s-h-rs-at-alimentos-zaeli-4450439571,Auxiliar de limpeza geral - Casa de Máquinas - Horário h às h - RS,,scraped,2026-08-13T11:10:48.021160,
28794cf3f2297a1a,https://br.linkedin.com/jobs/view/representante-de-desenvolvimento-de-vendas-at-tasty-media-4450193576,Representante de desenvolvimento de vendas,Tasty Media,failed|wp_post_failed,2026-08-13T11:11:17.908669,
a85aa3edd36d67e7,https://br.linkedin.com/jobs/view/agente-de-monitoramento-candidaturas-abertas-at-graber-sistemas-de-seguran%C3%A7a-4449291765,Agente de Monitoramento - Candidaturas Abertas,,scraped,2026-08-13T11:11:20.531895,
bb9614da451a4770,https://br.linkedin.com/jobs/view/montador-ii-ou-iii-rs-at-pertencer-desenvolvimento-humano-e-organizacional-4450437619,Montador II ou III - RS,,scraped,2026-08-13T11:12:25.937094,
daf4fd7cda4d94bf,https://br.linkedin.com/jobs/view/oficial-de-manuten%C3%A7%C3%A3o-predial-canoas-empresa-contratando-at-desenfecsul-limpadora-e-conservadora-de-pr%C3%A9dios-ltda-4449299411,Oficial de Manutenção Predial - Canoas - Empresa Contratando,Desenfecsul Limpadora e Conservadora de Prédios LTDA.,failed|wp_post_failed,2026-08-13T11:13:28.493745,
c931b8cd57f85094,https://br.linkedin.com/jobs/view/auxiliar-geral-f%C3%A1b-farinha-e-%C3%B3leos-hor%C3%A1rio-16h15-%C3%A0s-01h30-rs-at-alimentos-zaeli-4450446321,Auxiliar Geral - Fáb. Farinha e Óleos - Horário: 16h15 às 01h30 - RS,,scraped,2026-08-13T11:13:33.222899,
13f7af21b64c5323,https://br.linkedin.com/jobs/view/manuten%C3%A7%C3%A3o-predial-%E2%80%93-s%C3%A3o-leopoldo-sapucaia-do-sul-%E2%80%93-rs-candidaturas-abertas-at-manuservicers-4449297553,Manutenção Predial – São Leopoldo / Sapucaia do Sul – RS - Candidaturas Abertas,ManuServiceRS,failed|wp_post_failed,2026-08-13T11:14:13.966610,
b1984027b04bf899,https://br.linkedin.com/jobs/view/back-office-gestione-clienti-at-best-of-rent-agenzia-leasys-4453393696,BACK OFFICE / GESTIONE CLIENTI,,scraped,2026-08-13T11:14:26.621056,
0cd1b3a8f310383c,https://br.linkedin.com/jobs/view/auxiliar-de-servi%C3%A7os-gerais-porto-alegre-empresa-contratando-at-pequena-casa-da-crian%C3%A7a-4449286831,Auxiliar de Serviços Gerais - Porto Alegre - Empresa Contratando,,scraped,2026-08-13T11:14:43.552923,
10e054afc59ab1b6,https://br.linkedin.com/jobs/view/promotor-a-de-vendas-at-fruki-bebidas-4450497138,Promotor(a) de Vendas,,scraped,2026-08-13T11:14:53.471272,
90c4d7d98c19ec61,https://br.linkedin.com/jobs/view/consultor-at-flytop-viagens-4449883299,Consultor,,scraped,2026-08-13T11:15:15.538865,
c7d4f75e2e4233ef,https://br.linkedin.com/jobs/view/consultor-vendas-varejo-sarandi-porto-alegre-rs-at-unidas-4435198025,CONSULTOR VENDAS VAREJO | SARANDI - PORTO ALEGRE / RS,,scraped,2026-08-13T11:15:26.301176,
d5b7423d6dfcccf8,https://br.linkedin.com/jobs/view/assistente-de-gest%C3%A3o-de-pessoas-at-eqs-engenharia-4453651029,Assistente de Gestão de Pessoas,,scraped,2026-08-13T11:15:33.677590,
5c1db54a541d4c3a,https://br.linkedin.com/jobs/view/consultor-de-loca%C3%A7%C3%A3o-de-im%C3%B3veis-contrato-clt-rs-at-cursor-4450425346,Consultor De Locação De Imóveis - Contrato CLT - RS,,scraped,2026-08-13T11:15:41.267772,
4cb1c4196746e46d,https://br.linkedin.com/jobs/view/atendente-de-call-center-receptivo-%E2%80%93-tarde-noite-%E2%80%93-porto-alegre-%E2%80%93-rs-candidaturas-abertas-at-zanc-assessoria-nacional-de-cobran%C3%A7a-4450460643,Atendente de Call Center Receptivo – Tarde/Noite – Porto Alegre – RS - Candidaturas Abertas,ZANC Assessoria Nacional de Cobrança,failed|wp_post_failed,2026-08-13T11:16:06.448563,
7aa043ba2608018b,https://br.linkedin.com/jobs/view/technical-account-manager-remote-europe-at-n8n-4453128240,Technical Account Manager (Remote Europe),,scraped,2026-08-13T11:16:09.277153,
d7764a24b058ed38,https://br.linkedin.com/jobs/view/porteiro-%E2%80%93-porto-alegre-%E2%80%93-rs-porto-alegre-empresa-contratando-at-zanc-assessoria-nacional-de-cobran%C3%A7a-4450464713,Porteiro – Porto Alegre – RS - Porto Alegre - Empresa Contratando,ZANC Assessoria Nacional de Cobrança,failed|wp_post_failed,2026-08-13T11:16:51.135917,
3e376222036c188d,https://br.linkedin.com/jobs/view/t%C3%A9cnico-em-inform%C3%A1tica-gravata%C3%AD-%E2%80%93-rs-candidaturas-abertas-at-db-4450125255,Técnico em Informática - Gravataí – RS - Candidaturas Abertas,,scraped,2026-08-13T11:16:57.743368,
cae470738cc5a52e,https://br.linkedin.com/jobs/view/caixa-rs-at-esta%C3%A7%C3%A3o-dos-churros-4450447327,Caixa - RS,ESTAÇÃO DOS CHURROS,failed|wp_post_failed,2026-08-13T11:17:27.119546,
7a4283bad721dc9e,https://br.linkedin.com/jobs/view/porteiro-%E2%80%93-porto-alegre-%E2%80%93-rs-candidaturas-abertas-at-zanc-assessoria-nacional-de-cobran%C3%A7a-4450453658,Porteiro – Porto Alegre – RS - Candidaturas Abertas,ZANC Assessoria Nacional de Cobrança,failed|wp_post_failed,2026-08-13T11:17:45.380919,
fd7793d587f34630,https://br.linkedin.com/jobs/view/a%C3%A7ougueiro-%E2%80%93-zona-norte-%E2%80%93-porto-alegre-%E2%80%93-rs-candidaturas-abertas-at-unisuper-4450466644,Açougueiro – Zona Norte – Porto Alegre – RS - Candidaturas Abertas,UniSuper,failed|wp_post_failed,2026-08-13T11:18:50.358905,
b4acb8366863bcab,https://br.linkedin.com/jobs/view/serralheiro-%E2%80%93-gua%C3%ADba-%E2%80%93-rs-gua%C3%ADba-empresa-contratando-at-manuservicers-4449296667,Serralheiro – Guaíba – RS - Guaíba - Empresa Contratando,ManuServiceRS,failed|wp_post_failed,2026-08-13T11:19:29.044002,
9a0b6d9c072d53b6,https://br.linkedin.com/jobs/view/vagas-operacionais-de-loja-rs-at-unisuper-4450432363,Vagas Operacionais de Loja - RS,UniSuper,failed|wp_post_failed,2026-08-13T11:20:11.725400,
ef01369a65cc8fad,https://br.linkedin.com/jobs/view/auxiliar-de-produ%C3%A7%C3%A3o-eviscera%C3%A7%C3%A3o-hor%C3%A1rio-h-%C3%A0s-h-rs-at-alimentos-zaeli-4450431306,Auxiliar de produção - Evisceração - Horário h às h - RS,,scraped,2026-08-13T11:20:16.299156,
32b86d0a8a2006e5,https://br.linkedin.com/jobs/view/alimentador-de-produ%C3%A7%C3%A3o-rs-at-lampert-rh-digital-4450446326,Alimentador de Produção - RS,,scraped,2026-08-13T11:20:24.790400,
77a4117c76fb3774,https://br.linkedin.com/jobs/view/auxiliar-de-a%C3%A7ougue-a%C3%A7ougueiro-a-canoas-empresa-contratando-at-unisuper-4450470672,Auxiliar de Açougue / Açougueiro(A) - Canoas - Empresa Contratando,UniSuper,failed|wp_post_failed,2026-08-13T11:20:56.637021,
5331dc8931e60f3f,https://br.linkedin.com/jobs/view/conferente-segmento-atacarejo-rs-at-auvergne-ambition-4450447238,Conferente (segmento Atacarejo) - RS,,scraped,2026-08-13T11:21:03.298125,
f994fa3ee8de66bb,https://br.linkedin.com/jobs/view/auxiliar-de-produ%C3%A7%C3%A3o-at-lohr-4452779986,Auxiliar de Produção,LOHR,failed|wp_post_failed,2026-08-13T11:22:00.076699,
e858c73c34830084,https://br.linkedin.com/jobs/view/eletromec%C3%A2nico-em-ind%C3%BAstria-at-cic-empregos-4452724751,Eletromecânico em Indústria,,scraped,2026-08-13T11:22:02.726021,
b53cb001dadc7625,https://br.linkedin.com/jobs/view/supridor-repositor-rs-at-unidasul-distribuidora-aliment%C3%ADcia-s-a-4450442347,Supridor Repositor - RS,,scraped,2026-08-13T11:22:09.269760,
7181fb5597ad01e0,https://br.linkedin.com/jobs/view/auxiliar-de-produ%C3%A7%C3%A3o-2%C2%BA-turno-at-hyva-do-brasil-4450474583,Auxiliar de Produção - 2º Turno,,scraped,2026-08-13T11:22:30.144091,
a90135656e6d1d25,https://br.linkedin.com/jobs/view/auxiliar-de-prepara%C3%A7%C3%A3o-i-rs-at-tmsa-tecnologia-em-movimenta%C3%A7%C3%A3o-4450436238,Auxiliar de Preparação I - RS,,scraped,2026-08-13T11:22:38.904618,
6752ecf70d95957f,https://br.linkedin.com/jobs/view/auxiliar-de-portaria-pcd-to-at-soul-sociedade-de-%C3%B4nibus-uni%C3%A3o-ltda-4450435370,AUXILIAR DE PORTARIA - PCD - TO,,scraped,2026-08-13T11:22:50.014657,
e3733ceb2972b2fc,https://br.linkedin.com/jobs/view/agente-de-opera%C3%A7%C3%B5es-leves-aeroporto-de-porto-alegre-at-unidas-4435853383,AGENTE DE OPERAÇÕES LEVES - AEROPORTO DE PORTO ALEGRE,,scraped,2026-08-13T11:23:09.452792,
0996ea9d209f4248,https://br.linkedin.com/jobs/view/vendedor-rs-at-selsul-recursos-humanos-4450440382,Vendedor - RS,,scraped,2026-08-13T11:23:26.740718,
ac9b835e22af0f19,https://br.linkedin.com/jobs/view/atendente-interno-de-alarmes-%E2%80%93-gravata%C3%AD-%E2%80%93-rs-gravata%C3%AD-empresa-contratando-at-graber-sistemas-de-seguran%C3%A7a-4449286805,Atendente Interno de Alarmes – Gravataí – RS - Gravataí - Empresa Contratando,,scraped,2026-08-13T11:23:33.271127,
fbb033b27d7bbd5f,https://br.linkedin.com/jobs/view/cxs-auxiliar-de-controladoria-jr-at-transportes-panex-4450195680,Cxs - Auxiliar de Controladoria Jr,Transportes Panex,failed|wp_post_failed,2026-08-13T11:24:21.917158,
7a79019d1e869841,https://br.linkedin.com/jobs/view/recepcionista-masculino-poa-condom%C3%ADnios-bairro-petr%C3%B3polis-rs-at-stv-seguran%C3%A7a-4450426267,Recepcionista masculino POA Condomínios - Bairro Petrópolis - RS,,scraped,2026-08-13T11:24:24.532719,
fa87b7801e4aa72c,https://br.linkedin.com/jobs/view/banco-de-talentos-produ%C3%A7%C3%A3o-at-irm%C3%A3os-amalcaburio-ltda-4451927031,Banco de Talentos - Produção,Irmãos Amalcaburio Ltda.,failed|wp_post_failed,2026-08-13T13:23:41.293337,
2641f25526bd09ef,https://br.linkedin.com/jobs/view/back-office-gestione-clienti-at-best-of-rent-agenzia-leasys-4454009773,BACK OFFICE / GESTIONE CLIENTI,,scraped,2026-08-13T13:28:19.981375,
36d334c386f16413,https://br.linkedin.com/jobs/view/social-media-at-fig-cool-leather-4450486445,Social Media,,scraped,2026-08-13T13:29:55.632908,
c2325f5eb6adc99a,https://br.linkedin.com/jobs/view/consultor-de-vendas-lojas-claro-canoas-rs-at-cellular-com-lojas-claro-4451962056,Consultor de Vendas | Lojas Claro Canoas/RS,,scraped,2026-08-13T13:30:26.109614,
d36c4035d2703dd8,https://br.linkedin.com/jobs/view/operador-de-torno-cnc-2%C2%BA-turno-at-hyva-do-brasil-4450486295,Operador de Torno  CNC - 2º Turno,,scraped,2026-08-13T13:30:43.323956,
bbc8a19beb336620,https://br.linkedin.com/jobs/view/l%C3%ADder-de-licita%C3%A7%C3%B5es-presencial-caxias-do-sul-at-dellamed-sa-4450495318,Líder de Licitações (Presencial Caxias do Sul),,scraped,2026-08-13T13:31:08.518204,
f1712cf333ce384d,https://br.linkedin.com/jobs/view/auxiliar-industrial-rs-at-soft-film-ind%C3%BAstria-e-com%C3%A9rcio-de-pl%C3%A1sticos-ltda-4450426730,Auxiliar Industrial - RS,,scraped,2026-08-13T13:31:36.552792,
113056508d492390,https://br.linkedin.com/jobs/view/recepcionista-rs-at-wizard-by-pearson-4450433303,Recepcionista - RS,,scraped,2026-08-13T13:31:43.923501,
bb34a2e5f5ce44eb,https://br.linkedin.com/jobs/view/auxiliar-de-pintura-e-turno-rs-at-pertencer-desenvolvimento-humano-e-organizacional-4450446360,Auxiliar de Pintura e turno - RS,,scraped,2026-08-13T13:31:50.720673,
f8d62be2ab0ac176,https://br.linkedin.com/jobs/view/porteiro-ronda-poa-condom%C3%ADnios-bairro-jardim-do-salso-rs-at-stv-seguran%C3%A7a-4450428318,Porteiro Ronda POA Condomínios - Bairro Jardim Do Salso - RS,,scraped,2026-08-13T13:32:20.883111,
f986b610142b6392,https://br.linkedin.com/jobs/view/meio-oficial-manuten%C3%A7%C3%A3o-industrial-porto-alegre-empresa-contratando-at-manuservicers-4449289852,Meio Oficial Manutenção Industrial - Porto Alegre - Empresa Contratando,ManuServiceRS,failed|wp_post_failed,2026-08-13T13:32:47.788320,
541b6db571c4eb2f,https://br.linkedin.com/jobs/view/operador-de-prensa-rs-at-lampert-rh-digital-4450423719,Operador de prensa - RS,,scraped,2026-08-13T13:32:50.398582,
2a1cbef3835a25e6,https://br.linkedin.com/jobs/view/a%C3%A7ougueiro-%E2%80%93-zona-norte-%E2%80%93-porto-alegre-%E2%80%93-rs-porto-alegre-empresa-contratando-at-unisuper-4450471565,Açougueiro – Zona Norte – Porto Alegre – RS - Porto Alegre - Empresa Contratando,UniSuper,failed|wp_post_failed,2026-08-13T13:33:25.775153,
f2f5e5a58f5ff106,https://br.linkedin.com/jobs/view/armazenista-expedi%C3%A7%C3%A3o-hor%C3%A1rio-h-%C3%A0s-rs-at-alimentos-zaeli-4450433692,Armazenista - Expedição - Horário h às - RS,,scraped,2026-08-13T13:33:40.595419,
7df816153104358a,https://br.linkedin.com/jobs/view/operadora-de-caixa-petiskeira-zaffari-h%C3%ADpica-rs-at-petiskeira-restaurantes-4450442501,Operadora de Caixa Petiskeira Zaffari Hípica - RS,,scraped,2026-08-13T13:34:13.597124,
138208c591f7bacc,https://br.linkedin.com/jobs/view/t%C3%A9cnico-de-m%C3%A9todos-e-processos-i-at-perto-s-a-4451907443,TÉCNICO DE MÉTODOS E PROCESSOS I,Perto S.A.,failed|wp_post_failed,2026-08-13T13:34:40.229329,
7b35e83ac201da87,https://br.linkedin.com/jobs/view/vendedor-t%C3%A9cnico-%E2%80%93-gravata%C3%AD-%E2%80%93-rs-gravata%C3%AD-empresa-contratando-at-graber-sistemas-de-seguran%C3%A7a-4449288838,Vendedor Técnico – Gravataí – RS - Gravataí - Empresa Contratando,,scraped,2026-08-13T13:34:42.969465,
1ad0a10c3e5c64c1,https://br.linkedin.com/jobs/view/vaga-montador-higienista-candidaturas-abertas-at-sogipa-4450470644,Vaga Montador Higienista - Candidaturas Abertas,,scraped,2026-08-13T13:34:50.925952,
3a9175f4b9aed2e7,https://br.linkedin.com/jobs/view/atendente-de-loja-rs-at-cursor-4450433403,Atendente De Loja - RS,,scraped,2026-08-13T13:34:58.801170,
d5be89fcab740c81,https://br.linkedin.com/jobs/view/executivo-comercial-de-condom%C3%ADnios-at-grupo-silveira-im%C3%B3veis-4450497430,Executivo Comercial de Condomínios,,scraped,2026-08-13T13:35:05.612084,
eba86f35563ab666,https://br.linkedin.com/jobs/view/staff-cad-engineer-at-impinj-4449803867,Staff CAD Engineer,Impinj,failed|wp_post_failed,2026-08-13T13:35:29.554925,
39fbc9207f652d57,https://br.linkedin.com/jobs/view/auxiliar-de-perec%C3%ADveis-hortifruti-candidaturas-abertas-at-unisuper-4450448930,Auxiliar de Perecíveis / Hortifruti - Candidaturas Abertas,UniSuper,failed|wp_post_failed,2026-08-13T13:36:07.956246,
8301f784e9915add,https://br.linkedin.com/jobs/view/operatore-telefonico-gestione-clienti-at-best-of-rent-agenzia-leasys-4453691886,OPERATORE TELEFONICO / GESTIONE CLIENTI,,scraped,2026-08-13T13:36:12.737303,
067f28d21b00e412,https://br.linkedin.com/jobs/view/profissional-de-apoio-porto-alegre-empresa-contratando-at-pequena-casa-da-crian%C3%A7a-4450105439,Profissional de Apoio - Porto Alegre - Empresa Contratando,,scraped,2026-08-13T13:36:23.753421,
828955e66b620ff7,https://br.linkedin.com/jobs/view/production-operator-at-iff-4443997496,Production Operator,IFF,failed|wp_post_failed,2026-08-13T13:37:23.826605,
a541143f20ca3a5e,https://br.linkedin.com/jobs/view/telemarketing-ativo-cobran%C3%A7a-%E2%80%93-centro-%E2%80%93-porto-alegre-porto-alegre-empresa-contratando-at-zanc-assessoria-nacional-de-cobran%C3%A7a-4450457682,Telemarketing Ativo / Cobrança – Centro – Porto Alegre ... - Porto Alegre - Empresa Contratando,ZANC Assessoria Nacional de Cobrança,failed|wp_post_failed,2026-08-13T13:37:43.596538,
c4ade5f611c8d215,https://br.linkedin.com/jobs/view/atendente-comercial-rs-at-unidasul-distribuidora-aliment%C3%ADcia-s-a-4450433204,Atendente Comercial - RS,,scraped,2026-08-13T13:38:16.258560,
53c64c7c8eefd281,https://br.linkedin.com/jobs/view/analista-de-departamento-pessoal-escrit%C3%B3rio-cont%C3%A1bil-rs-at-pertencer-desenvolvimento-humano-e-organizacional-4450444653,Analista de Departamento Pessoal Escritório contábil - RS,,scraped,2026-08-13T13:38:55.580510,
